stateid,year,month,price,date,price_lag_1,price_lag_2,price_lag_3,price_lag_12,rolling_mean_3m,rolling_mean_12m,rolling_std_3m,rolling_std_12m,month_sin,month_cos,yoy_change,price_spike
CA,2002,1,13.03,2002-01-01,12.26,12.12,12.49,10.89,12.290000000000001,12.074166666666665,0.18681541692270176,0.7821120395597058,0.49999999999999994,0.8660254037844387,0.1965105601469237,0
CA,2002,2,12.58,2002-02-01,13.03,12.26,12.12,11.14,12.469999999999999,12.2525,0.4900000000000032,0.7297835918332853,0.8660254037844386,0.5000000000000001,0.12926391382405744,0
CA,2002,3,12.58,2002-03-01,12.58,13.03,12.26,11.29,12.623333333333335,12.3725,0.38682468035705336,0.6435148511389338,1.0,6.123233995736766e-17,0.11426040744021271,0
CA,2002,4,12.05,2002-04-01,12.58,12.58,13.03,11.14,12.729999999999999,12.480000000000002,0.2598076211353378,0.5467091631671354,0.8660254037844387,-0.49999999999999983,0.0816876122082586,0
CA,2002,5,12.82,2002-05-01,12.05,12.58,12.58,11.97,12.403333333333334,12.555833333333332,0.30599564267050156,0.3823482071556656,0.49999999999999994,-0.8660254037844387,0.07101086048454475,0
CA,2002,6,12.87,2002-06-01,12.82,12.05,12.58,12.87,12.483333333333334,12.626666666666665,0.39399661589071183,0.34038302845560114,1.2246467991473532e-16,-1.0,0.0,0
CA,2002,7,13.28,2002-07-01,12.87,12.82,12.05,13.05,12.58,12.626666666666665,0.459673797382447,0.34038302845560114,-0.4999999999999998,-0.8660254037844388,0.017624521072796773,0
CA,2002,8,12.92,2002-08-01,13.28,12.87,12.82,12.8,12.99,12.645833333333334,0.2523885892824734,0.37144578298450254,-0.8660254037844384,-0.5000000000000004,0.009374999999999911,0
CA,2002,9,11.61,2002-09-01,12.92,13.28,12.87,12.87,13.023333333333332,12.655833333333334,0.2236813209307613,0.3775388801972672,-1.0,-1.8369701987210297e-16,-0.09790209790209792,0
CA,2002,10,11.98,2002-10-01,11.61,12.92,13.28,12.49,12.603333333333333,12.550833333333332,0.8788818654024745,0.4751546797590969,-0.8660254037844386,0.5000000000000001,-0.04083266613290626,0
CA,2002,11,12.55,2002-11-01,11.98,11.61,12.92,12.12,12.17,12.508333333333335,0.6753517601961245,0.503078402227604,-0.5000000000000004,0.8660254037844384,0.03547854785478566,0
CA,2002,12,13.31,2002-12-01,12.55,11.98,11.61,12.26,12.046666666666667,12.544166666666667,0.47353282181210915,0.48799139957647425,-2.4492935982947064e-16,1.0,0.0856443719412725,0
CA,2003,1,12.81,2003-01-01,13.31,12.55,11.98,13.03,12.613333333333335,12.631666666666666,0.6672580710140061,0.5251291327479426,0.49999999999999994,0.8660254037844387,-0.016884113584036742,0
CA,2003,2,12.41,2003-02-01,12.81,13.31,12.55,12.58,12.89,12.613333333333335,0.38626415831655486,0.513673637692851,0.8660254037844386,0.5000000000000001,-0.013513513513513487,0
CA,2003,3,11.42,2003-03-01,12.41,12.81,13.31,12.58,12.843333333333334,12.599166666666667,0.4509249752822864,0.5170099055378365,1.0,6.123233995736766e-17,-0.09220985691573924,0
CA,2003,4,12.51,2003-04-01,11.42,12.41,12.81,12.05,12.213333333333333,12.5025,0.7155650447956068,0.6192535829528963,0.8660254037844387,-0.49999999999999983,0.038174273858921026,0
CA,2003,5,12.74,2003-05-01,12.51,11.42,12.41,12.82,12.113333333333335,12.540833333333333,0.6025224753760976,0.6027129323217469,0.49999999999999994,-0.8660254037844387,-0.006240249609984372,0
CA,2003,6,13.12,2003-06-01,12.74,12.51,11.42,12.87,12.223333333333334,12.53416666666667,0.7051477386571833,0.5997796312485161,1.2246467991473532e-16,-1.0,0.019425019425019396,0
CA,2003,7,13.5,2003-07-01,13.12,12.74,12.51,13.28,12.79,12.555,0.308058436014989,0.6166109720959325,-0.4999999999999998,-0.8660254037844388,0.016566265060240948,0
CA,2003,8,12.9,2003-08-01,13.5,13.12,12.74,12.92,13.12,12.573333333333332,0.3799999999999981,0.6428393455929906,-0.8660254037844384,-0.5000000000000004,-0.001547987616099089,0
CA,2003,9,10.08,2003-09-01,12.9,13.5,13.12,11.61,13.173333333333332,12.571666666666665,0.3035347316755223,0.6418840639205431,-1.0,-1.8369701987210297e-16,-0.131782945736434,0
CA,2003,10,10.47,2003-10-01,10.08,12.9,13.5,11.98,12.160000000000002,12.444166666666668,1.8261434773861565,0.935204968620961,-0.8660254037844386,0.5000000000000001,-0.12604340567612682,0
CA,2003,11,12.54,2003-11-01,10.47,10.08,12.9,12.55,11.15,12.318333333333335,1.5280379576437255,1.0918111169756028,-0.5000000000000004,0.8660254037844384,-0.0007968127490041166,0
CA,2003,12,12.45,2003-12-01,12.54,10.47,10.08,13.31,11.030000000000001,12.3175,1.322157328006016,1.091622020831219,-2.4492935982947064e-16,1.0,-0.06461307287753582,0
CA,2004,1,12.59,2004-01-01,12.45,12.54,10.47,12.81,11.82,12.245833333333332,1.1700000000000015,1.0478936303871964,0.49999999999999994,0.8660254037844387,-0.01717408274785326,0
CA,2004,2,12.39,2004-02-01,12.59,12.45,12.54,12.41,12.526666666666666,12.2275,0.07094598884597761,1.039012861938063,0.8660254037844386,0.5000000000000001,-0.0016116035455278066,0
CA,2004,3,12.14,2004-03-01,12.39,12.59,12.45,11.42,12.476666666666667,12.225833333333334,0.10263202878894007,1.0387094994474737,1.0,6.123233995736766e-17,0.06304728546409821,0
CA,2004,4,11.43,2004-04-01,12.14,12.39,12.59,12.51,12.373333333333333,12.285833333333331,0.22546248764114635,1.0082789867648303,0.8660254037844387,-0.49999999999999983,-0.08633093525179858,0
CA,2004,5,11.97,2004-05-01,11.43,12.14,12.39,12.74,11.986666666666666,12.195833333333333,0.49802945026708617,1.0343153935494387,0.49999999999999994,-0.8660254037844387,-0.06043956043956045,0
CA,2004,6,12.4,2004-06-01,11.97,11.43,12.14,13.12,11.84666666666667,12.131666666666666,0.37072002014099065,1.0212900338950388,1.2246467991473532e-16,-1.0,-0.05487804878048774,0
CA,2004,7,12.19,2004-07-01,12.4,11.97,11.43,13.5,11.933333333333335,12.071666666666667,0.48603840726154196,0.978187873136603,-0.4999999999999998,-0.8660254037844388,-0.09703703703703703,0
CA,2004,8,12.5,2004-08-01,12.19,12.4,11.97,12.9,12.186666666666667,11.9625,0.21501937897160836,0.8715829382117417,-0.8660254037844384,-0.5000000000000004,-0.03100775193798455,0
CA,2004,9,12.18,2004-09-01,12.5,12.19,12.4,10.08,12.363333333333335,11.929166666666667,0.15821925715075175,0.8395286375897654,-1.0,-1.8369701987210297e-16,0.20833333333333326,0
CA,2004,10,11.43,2004-10-01,12.18,12.5,12.19,10.47,12.290000000000001,12.104166666666666,0.18193405398660994,0.60519656210844,-0.8660254037844386,0.5000000000000001,0.09169054441260727,0
CA,2004,11,12.5,2004-11-01,11.43,12.18,12.5,12.54,12.036666666666667,12.184166666666664,0.5492115560813854,0.39727385410005545,-0.5000000000000004,0.8660254037844384,-0.0031897926634768536,0
CA,2004,12,12.4,2004-12-01,12.5,11.43,12.18,12.45,12.036666666666667,12.180833333333334,0.5492115560813854,0.39417251260960184,-2.4492935982947064e-16,1.0,-0.004016064257028051,0
CA,2005,1,12.19,2005-01-01,12.4,12.5,11.43,12.59,12.11,12.176666666666668,0.5910160742314914,0.3913225438603434,0.49999999999999994,0.8660254037844387,-0.031771247021445626,0
CA,2005,2,12.33,2005-02-01,12.19,12.4,12.5,12.39,12.363333333333335,12.143333333333333,0.15821925715075705,0.36933191116671377,0.8660254037844386,0.5000000000000001,-0.004842615012106588,0
CA,2005,3,11.28,2005-03-01,12.33,12.19,12.4,12.14,12.306666666666667,12.138333333333334,0.10692676621565518,0.3660807991620814,1.0,6.123233995736766e-17,-0.07084019769357508,0
CA,2005,4,12.12,2005-04-01,11.28,12.33,12.19,11.43,11.933333333333332,12.066666666666668,0.5701169470672994,0.4420270113781226,0.8660254037844387,-0.49999999999999983,0.06036745406824151,0
CA,2005,5,12.57,2005-05-01,12.12,11.28,12.33,11.97,11.909999999999998,12.124166666666667,0.5556077753235681,0.3939418123468847,0.49999999999999994,-0.8660254037844387,0.05012531328320802,0
CA,2005,6,13.4,2005-06-01,12.57,12.12,11.28,12.4,11.99,12.174166666666666,0.6547518613948377,0.4103315363178497,1.2246467991473532e-16,-1.0,0.08064516129032251,0
CA,2005,7,13.16,2005-07-01,13.4,12.57,12.12,12.19,12.696666666666667,12.2575,0.6493329911018975,0.5410784685153412,-0.4999999999999998,-0.8660254037844388,0.07957342083675156,0
CA,2005,8,13.43,2005-08-01,13.16,13.4,12.57,12.5,13.043333333333335,12.338333333333333,0.42712215270732046,0.5993911051806624,-0.8660254037844384,-0.5000000000000004,0.07440000000000002,0
CA,2005,9,12.14,2005-09-01,13.43,13.16,13.4,12.18,13.33,12.415833333333333,0.14798648586949262,0.6772599653058348,-1.0,-1.8369701987210297e-16,-0.003284072249589376,0
CA,2005,10,11.3,2005-10-01,12.14,13.43,13.16,11.43,12.910000000000002,12.4125,0.6803675477269628,0.6786232721138772,-0.8660254037844386,0.5000000000000001,-0.011373578302712128,0
CA,2005,11,12.8,2005-11-01,11.3,12.14,13.43,12.5,12.290000000000001,12.401666666666666,1.0728932845348604,0.6965347127463252,-0.5000000000000004,0.8660254037844384,0.02400000000000002,0
CA,2005,12,12.91,2005-12-01,12.8,11.3,12.14,12.4,12.08,12.426666666666664,0.7517978451685016,0.7057083267357998,-2.4492935982947064e-16,1.0,0.04112903225806441,0
CA,2006,1,13.14,2006-01-01,12.91,12.8,11.3,12.19,12.336666666666668,12.469166666666666,0.899462802640184,0.7191846182667669,0.49999999999999994,0.8660254037844387,0.07793273174733395,0
CA,2006,2,13.45,2006-02-01,13.14,12.91,12.8,12.33,12.950000000000001,12.548333333333334,0.17349351572897773,0.7377093950297448,0.8660254037844386,0.5000000000000001,0.09083536090835365,0
CA,2006,3,13.72,2006-03-01,13.45,13.14,12.91,11.28,13.166666666666666,12.641666666666666,0.27098585448936896,0.777359555667697,1.0,6.123233995736766e-17,0.2163120567375887,0
CA,2006,4,13.99,2006-04-01,13.72,13.45,13.14,12.12,13.436666666666667,12.844999999999999,0.29022979401386906,0.7045114361288713,0.8660254037844387,-0.49999999999999983,0.15429042904290435,0
CA,2006,5,14.04,2006-05-01,13.99,13.72,13.45,12.57,13.719999999999999,13.000833333333333,0.26999999999999863,0.7356933443831731,0.49999999999999994,-0.8660254037844387,0.1169451073985679,0
CA,2006,6,15.17,2006-06-01,14.04,13.99,13.72,13.4,13.916666666666666,13.123333333333333,0.17214335111566773,0.7785690059138614,1.2246467991473532e-16,-1.0,0.13208955223880592,0
CA,2006,7,16.65,2006-07-01,15.17,14.04,13.99,13.16,14.4,13.270833333333334,0.6673080248281151,0.9778962422496889,-0.4999999999999998,-0.8660254037844388,0.2651975683890577,0
CA,2006,8,14.89,2006-08-01,16.65,15.17,14.04,13.43,15.286666666666667,13.561666666666667,1.308905395104374,1.3787532796191664,-0.8660254037844384,-0.5000000000000004,0.10871183916604621,0
CA,2006,9,14.57,2006-09-01,14.89,16.65,15.17,12.14,15.57,13.683333333333332,0.9457272334029542,1.4295602205721962,-1.0,-1.8369701987210297e-16,0.20016474464579903,0
CA,2006,10,12.2,2006-10-01,14.57,14.89,16.65,11.3,15.37,13.885833333333332,1.1200000000000023,1.361559656045118,-0.8660254037844386,0.5000000000000001,0.07964601769911495,0
CA,2006,11,14.47,2006-11-01,12.2,14.57,14.89,12.8,13.886666666666665,13.960833333333333,1.4694329972248963,1.224013207989741,-0.5000000000000004,0.8660254037844384,0.1304687499999999,0
CA,2006,12,14.47,2006-12-01,14.47,12.2,14.57,12.91,13.746666666666668,14.100000000000001,1.3403855166829215,1.1739444001082244,-2.4492935982947064e-16,1.0,0.12083656080557703,0
CA,2007,1,14.98,2007-01-01,14.47,14.47,12.2,13.14,13.713333333333333,14.230000000000002,1.310585111060454,1.115086625253028,0.49999999999999994,0.8660254037844387,0.1400304414003044,0
CA,2007,2,14.18,2007-02-01,14.98,14.47,14.47,13.45,14.64,14.383333333333333,0.294448637286709,1.0774492886892524,0.8660254037844386,0.5000000000000001,0.05427509293680299,0
CA,2007,3,13.82,2007-03-01,14.18,14.98,14.47,13.72,14.543333333333335,14.444166666666668,0.4050102879351758,1.039916590478064,1.0,6.123233995736766e-17,0.007288629737609353,0
CA,2007,4,13.74,2007-04-01,13.82,14.18,14.98,13.99,14.326666666666668,14.4525,0.5937451754189963,1.0339696232569835,0.8660254037844387,-0.49999999999999983,-0.01786990707648317,0
CA,2007,5,14.15,2007-05-01,13.74,13.82,14.18,14.04,13.913333333333334,14.431666666666667,0.23437861108329783,1.0465773943785759,0.49999999999999994,-0.8660254037844387,0.007834757834757955,0
CA,2007,6,14.72,2007-06-01,14.15,13.74,13.82,15.17,13.903333333333334,14.440833333333336,0.21733231083604657,1.043311670798448,1.2246467991473532e-16,-1.0,-0.02966381015161501,0
CA,2007,7,15.13,2007-07-01,14.72,14.15,13.74,16.65,14.203333333333333,14.403333333333334,0.49217205663602676,1.0226021472279228,-0.4999999999999998,-0.8660254037844388,-0.09129129129129121,0
CA,2007,8,15.11,2007-08-01,15.13,14.72,14.15,14.89,14.666666666666666,14.276666666666666,0.49217205663602825,0.785717197948169,-0.8660254037844384,-0.5000000000000004,0.014775016789791762,0
CA,2007,9,15.1,2007-09-01,15.11,15.13,14.72,14.57,14.986666666666666,14.295,0.23115651263448872,0.8036903519504193,-1.0,-1.8369701987210297e-16,0.03637611530542206,0
CA,2007,10,12.53,2007-10-01,15.1,15.11,15.13,12.2,15.113333333333335,14.339166666666669,0.015275252316702204,0.8341621635818315,-0.8660254037844386,0.5000000000000001,0.02704918032786896,0
CA,2007,11,14.37,2007-11-01,12.53,15.1,15.11,14.47,14.246666666666664,14.366666666666665,1.4866853511531417,0.7593098940166145,-0.5000000000000004,0.8660254037844384,-0.006910850034554383,0
CA,2007,12,14.46,2007-12-01,14.37,12.53,15.1,14.47,14.0,14.358333333333333,1.3243488966280776,0.7586211574996229,-2.4492935982947064e-16,1.0,-0.0006910850034553828,0
CA,2008,1,13.73,2008-01-01,14.46,14.37,12.53,14.98,13.786666666666667,14.3575,1.0892352056986319,0.7584928237210757,0.49999999999999994,0.8660254037844387,-0.08344459279038718,0
CA,2008,2,13.36,2008-02-01,13.73,14.46,14.37,14.18,14.186666666666667,14.253333333333332,0.39803684921542004,0.7510275788827138,0.8660254037844386,0.5000000000000001,-0.05782792665726377,0
CA,2008,3,13.15,2008-03-01,13.36,13.73,14.46,13.82,13.850000000000001,14.185,0.5597320787662681,0.79436080650363,1.0,6.123233995736766e-17,-0.04848046309696097,0
CA,2008,4,12.93,2008-04-01,13.15,13.36,13.73,13.74,13.413333333333334,14.129166666666668,0.29365512652317477,0.8443228414570264,0.8660254037844387,-0.49999999999999983,-0.058951965065502265,0
CA,2008,5,13.55,2008-05-01,12.93,13.15,13.36,14.15,13.146666666666667,14.061666666666667,0.21501937897162204,0.9082233739393099,0.49999999999999994,-0.8660254037844387,-0.04240282685512364,0
CA,2008,6,14.5,2008-06-01,13.55,12.93,13.15,14.72,13.209999999999999,14.011666666666665,0.3143246729100492,0.9193657233839752,1.2246467991473532e-16,-1.0,-0.014945652173913082,0
CA,2008,7,14.4,2008-07-01,14.5,13.55,12.93,15.13,13.660000000000002,13.993333333333332,0.7907591289387756,0.9060537143753342,-0.4999999999999998,-0.8660254037844388,-0.048248512888301454,0
CA,2008,8,14.56,2008-08-01,14.4,14.5,13.55,15.11,14.15,13.9325,0.5220153254455399,0.845266230249385,-0.8660254037844384,-0.5000000000000004,-0.036399735274652456,0
CA,2008,9,14.02,2008-09-01,14.56,14.4,14.5,15.1,14.486666666666666,13.886666666666668,0.08082903768664082,0.7886274997318695,-1.0,-1.8369701987210297e-16,-0.07152317880794701,0
CA,2008,10,13.09,2008-10-01,14.02,14.56,14.4,12.53,14.326666666666668,13.796666666666667,0.27736858750288856,0.6934542435365109,-0.8660254037844386,0.5000000000000001,0.04469273743016755,0
CA,2008,11,14.22,2008-11-01,13.09,14.02,14.56,14.37,13.89,13.843333333333334,0.7435724578008591,0.6148515465073099,-0.5000000000000004,0.8660254037844384,-0.010438413361169019,0
CA,2008,12,13.7,2008-12-01,14.22,13.09,14.02,14.46,13.776666666666666,13.830833333333333,0.6030201765557623,0.6046104430778503,-2.4492935982947064e-16,1.0,-0.05255878284923943,0
CA,2009,1,14.7,2009-01-01,13.7,14.22,13.09,13.73,13.67,13.7675,0.5655970296951784,0.5716185155090184,0.49999999999999994,0.8660254037844387,0.0706482155863073,0
CA,2009,2,14.14,2009-02-01,14.7,13.7,14.22,13.36,14.206666666666665,13.848333333333334,0.5001333155603096,0.6313021655613342,0.8660254037844386,0.5000000000000001,0.058383233532934176,0
CA,2009,3,14.14,2009-03-01,14.14,14.7,13.7,13.15,14.18,13.913333333333334,0.501198563445681,0.6164315686172184,1.0,6.123233995736766e-17,0.07528517110266164,0
CA,2009,4,13.96,2009-04-01,14.14,14.14,14.7,12.93,14.326666666666666,13.995833333333332,0.3233161507462157,0.5694408474880284,0.8660254037844387,-0.49999999999999983,0.07965970610982231,0
CA,2009,5,15.01,2009-05-01,13.96,14.14,14.14,13.55,14.08,14.081666666666665,0.10392304845413221,0.4615947323894645,0.49999999999999994,-0.8660254037844387,0.10774907749077478,0
CA,2009,6,14.77,2009-06-01,15.01,13.96,14.14,14.5,14.37,14.203333333333333,0.5615158056546574,0.4995695116494805,1.2246467991473532e-16,-1.0,0.018620689655172384,0
CA,2009,7,15.66,2009-07-01,14.77,15.01,13.96,14.4,14.58,14.225833333333334,0.5501817881391556,0.5198156724583596,-0.4999999999999998,-0.8660254037844388,0.08749999999999991,0
CA,2009,8,15.93,2009-08-01,15.66,14.77,15.01,14.56,15.146666666666667,14.330833333333333,0.4604707735929963,0.6651378303279224,-0.8660254037844384,-0.5000000000000004,0.09409340659340648,0
CA,2009,9,15.53,2009-09-01,15.93,15.66,14.77,14.02,15.453333333333333,14.445,0.60698709486556,0.8098765338000614,-1.0,-1.8369701987210297e-16,0.10770328102710414,0
CA,2009,10,13.85,2009-10-01,15.53,15.93,15.66,13.09,15.706666666666665,14.570833333333333,0.2040424792373694,0.8539476067953563,-0.8660254037844386,0.5000000000000001,0.05805958747135209,0
CA,2009,11,13.56,2009-11-01,13.85,15.53,15.93,14.22,15.103333333333333,14.634166666666667,1.1036907779506602,0.7567929743731814,-0.5000000000000004,0.8660254037844384,-0.04641350210970463,0
CA,2009,12,14.73,2009-12-01,13.56,13.85,15.53,13.7,14.313333333333333,14.579166666666667,1.0635945342720292,0.8116252867306483,-2.4492935982947064e-16,1.0,0.07518248175182496,0
CA,2010,1,15.18,2010-01-01,14.73,13.56,13.85,14.7,14.046666666666667,14.665,0.6092892033618654,0.7632168761236876,0.49999999999999994,0.8660254037844387,0.03265306122448974,0
CA,2010,2,14.21,2010-02-01,15.18,14.73,13.56,14.14,14.49,14.705,0.8362415918859814,0.7776596591405173,0.8660254037844386,0.5000000000000001,0.004950495049504955,0
CA,2010,3,14.78,2010-03-01,14.21,15.18,14.73,14.14,14.706666666666665,14.710833333333333,0.4854207796678389,0.7732864732406547,1.0,6.123233995736766e-17,0.04526166902404527,0
CA,2010,4,13.91,2010-04-01,14.78,14.21,15.18,13.96,14.723333333333334,14.764166666666668,0.4874764951598512,0.7521177172531307,0.8660254037844387,-0.49999999999999983,-0.003581661891117527,0
CA,2010,5,14.9,2010-05-01,13.91,14.78,14.21,15.01,14.300000000000002,14.76,0.44192759587969027,0.7570997292299079,0.49999999999999994,-0.8660254037844387,-0.007328447701532292,0
CA,2010,6,15.0,2010-06-01,14.9,13.91,14.78,14.77,14.530000000000001,14.750833333333334,0.5402777063696058,0.754458967295991,1.2246467991473532e-16,-1.0,0.015572105619499066,0
CA,2010,7,15.03,2010-07-01,15.0,14.9,13.91,15.66,14.603333333333333,14.770000000000001,0.6025224753760938,0.7579038077607089,-0.4999999999999998,-0.8660254037844388,-0.04022988505747127,0
CA,2010,8,15.19,2010-08-01,15.03,15.0,14.9,15.93,14.976666666666667,14.717500000000001,0.06806859285555941,0.7110187953020142,-0.8660254037844384,-0.5000000000000004,-0.0464532328939109,0
CA,2010,9,14.85,2010-09-01,15.19,15.03,15.0,15.53,15.073333333333332,14.655833333333334,0.10214368964030893,0.6229323373928326,-1.0,-1.8369701987210297e-16,-0.04378622021893108,0
CA,2010,10,14.11,2010-10-01,14.85,15.19,15.03,13.85,15.023333333333333,14.599166666666667,0.17009801096231508,0.5643573711968721,-0.8660254037844386,0.5000000000000001,0.01877256317689535,0
CA,2010,11,14.67,2010-11-01,14.11,14.85,15.19,13.56,14.716666666666667,14.620833333333332,0.5522076903967711,0.5373243194221026,-0.5000000000000004,0.8660254037844384,0.08185840707964598,0
CA,2010,12,14.96,2010-12-01,14.67,14.11,14.85,14.73,14.543333333333335,14.713333333333333,0.3859188170241724,0.42106646707731316,-2.4492935982947064e-16,1.0,0.015614392396469778,0
CA,2011,1,15.24,2011-01-01,14.96,14.67,14.11,15.18,14.58,14.7325,0.43208795400937033,0.4270857908281108,0.49999999999999994,0.8660254037844387,0.0039525691699604515,0
CA,2011,2,14.38,2011-02-01,15.24,14.96,14.67,14.21,14.956666666666669,14.737499999999999,0.2850146195080811,0.43310979082571077,0.8660254037844386,0.5000000000000001,0.011963406052075909,0
CA,2011,3,14.27,2011-03-01,14.38,15.24,14.96,14.78,14.86,14.751666666666665,0.4386342439892295,0.41675877769745723,1.0,6.123233995736766e-17,-0.034506089309878196,0
CA,2011,4,14.12,2011-04-01,14.27,14.38,15.24,13.91,14.63,14.709166666666667,0.5311308689955837,0.43901663528915,0.8660254037844387,-0.49999999999999983,0.015097052480230078,0
CA,2011,5,14.62,2011-05-01,14.12,14.27,14.38,14.9,14.256666666666666,14.726666666666667,0.13051181300303055,0.40730451715758076,0.49999999999999994,-0.8660254037844387,-0.01879194630872494,0
CA,2011,6,14.81,2011-06-01,14.62,14.12,14.27,15.0,14.336666666666666,14.703333333333333,0.256580071972353,0.4044824601958177,1.2246467991473532e-16,-1.0,-0.012666666666666604,0
CA,2011,7,15.7,2011-07-01,14.81,14.62,14.12,15.03,14.516666666666666,14.6875,0.3564173583502049,0.39543129503228497,-0.4999999999999998,-0.8660254037844388,0.044577511643379975,0
CA,2011,8,15.15,2011-08-01,15.7,14.81,14.62,15.19,15.043333333333331,14.743333333333334,0.576570319504341,0.485280300132789,-0.8660254037844384,-0.5000000000000004,-0.0026333113890717463,0
CA,2011,9,14.8,2011-09-01,15.15,15.7,14.81,14.85,15.22,14.74,0.4491102314577172,0.48205997363587283,-1.0,-1.8369701987210297e-16,-0.0033670033670032407,0
CA,2011,10,14.16,2011-10-01,14.8,15.15,15.7,14.11,15.216666666666667,14.735833333333332,0.4536885862938778,0.48123814428529227,-0.8660254037844386,0.5000000000000001,0.003543586109142405,0
CA,2011,11,14.87,2011-11-01,14.16,14.8,15.15,14.67,14.703333333333333,14.74,0.5020292156173136,0.47550929634350064,-0.5000000000000004,0.8660254037844384,0.013633265167007469,0
CA,2011,12,14.78,2011-12-01,14.87,14.16,14.8,14.96,14.61,14.756666666666666,0.39127995093027823,0.47633703372398994,-2.4492935982947064e-16,1.0,-0.012032085561497374,0
CA,2012,1,15.29,2012-01-01,14.78,14.87,14.16,15.24,14.603333333333332,14.741666666666667,0.3865660788705261,0.47216779246622104,0.49999999999999994,0.8660254037844387,0.0032808398950130435,0
CA,2012,2,14.56,2012-02-01,15.29,14.78,14.87,14.38,14.979999999999999,14.745833333333332,0.2722131517763277,0.4771593660466706,0.8660254037844386,0.5000000000000001,0.012517385257301727,0
CA,2012,3,14.7,2012-03-01,14.56,15.29,14.78,14.27,14.876666666666665,14.760833333333332,0.3744774136491207,0.4673417735804633,1.0,6.123233995736766e-17,0.030133146461107208,0
CA,2012,4,14.66,2012-04-01,14.7,14.56,15.29,14.12,14.85,14.796666666666667,0.38742741255621177,0.44208870630499403,0.8660254037844387,-0.49999999999999983,0.03824362606232312,0
CA,2012,5,15.02,2012-05-01,14.66,14.7,14.56,14.62,14.64,14.841666666666667,0.07211102550928206,0.3915431784695767,0.49999999999999994,-0.8660254037844387,0.02735978112175097,0
CA,2012,6,15.92,2012-06-01,15.02,14.66,14.7,14.81,14.793333333333331,14.875,0.19731531449265244,0.3879667277205346,1.2246467991473532e-16,-1.0,0.07494935854152596,0
CA,2012,7,15.22,2012-07-01,15.92,15.02,14.66,15.7,15.200000000000001,14.9675,0.6489992295835211,0.48997448913182845,-0.4999999999999998,-0.8660254037844388,-0.030573248407643194,0
CA,2012,8,16.46,2012-08-01,15.22,15.92,15.02,15.15,15.386666666666665,14.9275,0.4725815626252664,0.44198159155413275,-0.8660254037844384,-0.5000000000000004,0.08646864686468647,0
CA,2012,9,16.82,2012-09-01,16.46,15.22,15.92,14.8,15.866666666666667,15.036666666666667,0.6217180497085023,0.6255809421262056,-1.0,-1.8369701987210297e-16,0.13648648648648654,0
CA,2012,10,14.22,2012-10-01,16.82,16.46,15.22,14.16,16.166666666666668,15.205,0.8393648392286551,0.8027849253465279,-0.8660254037844386,0.5000000000000001,0.004237288135593209,0
CA,2012,11,14.88,2012-11-01,14.22,16.82,16.46,14.87,15.833333333333334,15.21,1.4087346568226908,0.7958414643404993,-0.5000000000000004,0.8660254037844384,0.0006724949562879612,0
CA,2012,12,15.49,2012-12-01,14.88,14.22,16.82,14.78,15.306666666666667,15.210833333333333,1.3514930015850402,0.7954582250997104,-2.4492935982947064e-16,1.0,0.04803788903924233,0
CA,2013,1,16.16,2013-01-01,15.49,14.88,14.22,15.29,14.863333333333335,15.270000000000001,0.6351640208114268,0.7868579633869429,0.49999999999999994,0.8660254037844387,0.056899934597776314,0
CA,2013,2,15.31,2013-02-01,16.16,15.49,14.88,14.56,15.51,15.342500000000001,0.6402343321003722,0.8278792731486174,0.8660254037844386,0.5000000000000001,0.05151098901098905,0
CA,2013,3,15.25,2013-03-01,15.31,16.16,15.49,14.7,15.653333333333334,15.405000000000001,0.4479211240088418,0.7909200626198182,1.0,6.123233995736766e-17,0.03741496598639471,0
CA,2013,4,15.28,2013-04-01,15.25,15.31,16.16,14.66,15.573333333333332,15.450833333333334,0.5089531740085168,0.7617498794144111,0.8660254037844387,-0.49999999999999983,0.04229195088676674,0
CA,2013,5,15.92,2013-05-01,15.28,15.25,15.31,15.02,15.280000000000001,15.5025,0.03000000000012885,0.7232895182931368,0.49999999999999994,-0.8660254037844387,0.059920106524633754,0
CA,2013,6,17.13,2013-06-01,15.92,15.28,15.25,15.92,15.483333333333333,15.577499999999999,0.3784617990409896,0.7153273249486363,1.2246467991473532e-16,-1.0,0.07600502512562812,0
CA,2013,7,16.83,2013-07-01,17.13,15.92,15.28,15.22,16.11,15.678333333333333,0.9395211546314505,0.8420519670136185,-0.4999999999999998,-0.8660254037844388,0.10578186596583428,0
CA,2013,8,16.32,2013-08-01,16.83,17.13,15.92,16.46,16.626666666666665,15.8125,0.6301058112201092,0.8893217538203875,-0.8660254037844384,-0.5000000000000004,-0.008505467800729027,0
CA,2013,9,16.99,2013-09-01,16.32,16.83,17.13,16.82,16.76,15.800833333333332,0.40951190458889,0.8809339912670444,-1.0,-1.8369701987210297e-16,0.010107015457788249,0
CA,2013,10,16.19,2013-10-01,16.99,16.32,16.83,14.22,16.713333333333335,15.815,0.3499047489436985,0.8999747471204584,-0.8660254037844386,0.5000000000000001,0.1385372714486639,0
CA,2013,11,16.53,2013-11-01,16.19,16.99,16.32,14.88,16.5,15.979166666666666,0.4293017586733328,0.7497085292217679,-0.5000000000000004,0.8660254037844384,0.1108870967741935,0
CA,2013,12,16.22,2013-12-01,16.53,16.19,16.99,15.49,16.57,16.116666666666667,0.401497197997716,0.6776340301282588,-2.4492935982947064e-16,1.0,0.047127178825048244,0
CA,2014,1,16.57,2014-01-01,16.22,16.53,16.19,16.16,16.313333333333333,16.1775,0.1882374387133151,0.6483983764210404,0.49999999999999994,0.8660254037844387,0.02537128712871284,0
CA,2014,2,16.11,2014-02-01,16.57,16.22,16.53,15.31,16.44,16.211666666666666,0.1915724406067267,0.6581217534956799,0.8660254037844386,0.5000000000000001,0.05225342913128661,0
CA,2014,3,15.86,2014-03-01,16.11,16.57,16.22,15.25,16.3,16.278333333333332,0.24020824298931748,0.5960755494113527,1.0,6.123233995736766e-17,0.040000000000000036,0
CA,2014,4,10.12,2014-04-01,15.86,16.11,16.57,15.28,16.18,16.329166666666666,0.36013886210739937,0.5217881550858197,0.8660254037844387,-0.49999999999999983,-0.337696335078534,0
CA,2014,5,16.46,2014-05-01,10.12,15.86,16.11,15.92,14.03,15.899166666666666,3.38846572950059,1.864234955604299,0.49999999999999994,-0.8660254037844387,0.03391959798994981,0
CA,2014,6,16.9,2014-06-01,16.46,10.12,15.86,17.13,14.146666666666667,15.944166666666668,3.500076189646921,1.8712876380296046,1.2246467991473532e-16,-1.0,-0.013426736719206134,0
CA,2014,7,17.63,2014-07-01,16.9,16.46,10.12,16.83,14.493333333333332,15.924999999999997,3.79380196285116,1.8591762594322132,-0.4999999999999998,-0.8660254037844388,0.047534165181224,0
CA,2014,8,18.07,2014-08-01,17.63,16.9,16.46,16.32,16.996666666666666,15.991666666666667,0.590959671494904,1.908273057139898,-0.8660254037844384,-0.5000000000000004,0.1072303921568627,0
CA,2014,9,17.97,2014-09-01,18.07,17.63,16.9,16.99,17.53333333333333,16.1375,0.5909596714949166,2.0002960008231487,-1.0,-1.8369701987210297e-16,0.05768098881695116,0
CA,2014,10,13.35,2014-10-01,17.97,18.07,17.63,16.19,17.89,16.219166666666666,0.2306512518935342,2.057454112305403,-0.8660254037844386,0.5000000000000001,-0.17541692402717735,0
CA,2014,11,17.0,2014-11-01,13.35,17.97,18.07,16.53,16.463333333333335,15.9825,2.696689328293741,2.2181774869555317,-0.5000000000000004,0.8660254037844384,0.028433151845129956,0
CA,2014,12,17.03,2014-12-01,17.0,13.35,17.97,16.22,16.106666666666666,16.021666666666665,2.436110287596466,2.23282468201291,-2.4492935982947064e-16,1.0,0.04993834771886574,0
CA,2015,1,17.4,2015-01-01,17.03,17.0,13.35,16.57,15.793333333333331,16.089166666666667,2.1160419025466704,2.2515306241566297,0.49999999999999994,0.8660254037844387,0.050090525045262346,0
CA,2015,2,17.13,2015-02-01,17.4,17.03,17.0,16.11,17.14333333333333,16.158333333333335,0.22278539748681764,2.280210649492848,0.8660254037844386,0.5000000000000001,0.06331471135940414,0
CA,2015,3,17.01,2015-03-01,17.13,17.4,17.03,15.86,17.186666666666664,16.243333333333332,0.19139836293281154,2.2971932808749367,1.0,6.123233995736766e-17,0.07250945775535955,0
CA,2015,4,12.45,2015-04-01,17.01,17.13,17.4,10.12,17.179999999999996,16.339166666666667,0.19974984355444822,2.3037260661543013,0.8660254037844387,-0.49999999999999983,0.23023715415019774,0
CA,2015,5,17.31,2015-05-01,12.45,17.01,17.13,16.46,15.53,16.533333333333335,2.6680329833043657,1.767737811355788,0.49999999999999994,-0.8660254037844387,0.051640340218712,0
CA,2015,6,17.19,2015-06-01,17.31,12.45,17.01,16.9,15.589999999999998,16.604166666666668,2.7234536897109143,1.7815083411808519,1.2246467991473532e-16,-1.0,0.017159763313609577,0
CA,2015,7,17.96,2015-07-01,17.19,17.31,12.45,17.63,15.649999999999999,16.628333333333334,2.7719307350653613,1.7878419359324718,-0.4999999999999998,-0.8660254037844388,0.018718094157685883,0
CA,2015,8,18.2,2015-08-01,17.96,17.19,17.31,18.07,17.486666666666668,16.65583333333333,0.4142865353029976,1.8070843333609996,-0.8660254037844384,-0.5000000000000004,0.007194244604316502,0
CA,2015,9,18.35,2015-09-01,18.2,17.96,17.19,17.97,17.78333333333333,16.666666666666668,0.5276678248039821,1.8166969694442325,-1.0,-1.8369701987210297e-16,0.02114635503617146,0
CA,2015,10,14.96,2015-10-01,18.35,18.2,17.96,13.35,18.17,16.698333333333334,0.19672315572916296,1.8445784605078954,-0.8660254037844386,0.5000000000000001,0.12059925093632962,0
CA,2015,11,17.33,2015-11-01,14.96,18.35,18.2,17.0,17.169999999999998,16.8325,1.9153850787765947,1.6242935527343954,-0.5000000000000004,0.8660254037844384,0.01941176470588224,0
CA,2015,12,17.29,2015-12-01,17.33,14.96,18.35,17.03,16.88,16.86,1.7392239648762942,1.6301700970924855,-2.4492935982947064e-16,1.0,0.015267175572518887,0
CA,2016,1,17.77,2016-01-01,17.29,17.33,14.96,17.4,16.526666666666667,16.881666666666664,1.3569205331681524,1.6343574402266539,0.49999999999999994,0.8660254037844387,0.021264367816091978,0
CA,2016,2,17.68,2016-02-01,17.77,17.29,17.33,17.13,17.46333333333333,16.912499999999998,0.2663331247392361,1.6484545103603105,0.8660254037844386,0.5000000000000001,0.0321074138937536,0
CA,2016,3,17.65,2016-03-01,17.68,17.77,17.29,17.01,17.58,16.958333333333332,0.25514701644352994,1.6626366428238566,1.0,6.123233995736766e-17,0.03762492651381533,0
CA,2016,4,12.39,2016-04-01,17.65,17.68,17.77,12.45,17.7,17.011666666666667,0.06244997998428732,1.6746659549313223,0.8660254037844387,-0.49999999999999983,-0.004819277108433662,0
CA,2016,5,17.71,2016-05-01,12.39,17.65,17.68,17.31,15.906666666666666,17.006666666666664,3.0455596092234556,1.6895471869615457,0.49999999999999994,-0.8660254037844387,0.023108030040439154,0
CA,2016,6,18.09,2016-06-01,17.71,12.39,17.65,17.19,15.916666666666666,17.04,3.0543302593749306,1.6999893047791834,1.2246467991473532e-16,-1.0,0.05235602094240832,0
CA,2016,7,18.47,2016-07-01,18.09,17.71,12.39,17.96,16.063333333333333,17.115,3.1868688917703123,1.726849469672752,-0.4999999999999998,-0.8660254037844388,0.028396436525612412,0
CA,2016,8,18.87,2016-08-01,18.47,18.09,17.71,18.2,18.09,17.157500000000002,0.3800000000000727,1.7555735918393198,-0.8660254037844384,-0.5000000000000004,0.036813186813186904,0
CA,2016,9,18.22,2016-09-01,18.87,18.47,18.09,18.35,18.476666666666663,17.213333333333335,0.3900427327016859,1.8017886735803392,-1.0,-1.8369701987210297e-16,-0.007084468664850241,0
CA,2016,10,13.93,2016-10-01,18.22,18.87,18.47,14.96,18.519999999999996,17.2025,0.3278719262152018,1.7947100297566358,-0.8660254037844386,0.5000000000000001,-0.06885026737967925,0
CA,2016,11,17.93,2016-11-01,13.93,18.22,18.87,17.33,17.006666666666664,17.116666666666664,2.684219315431092,1.9311528979217287,-0.5000000000000004,0.8660254037844384,0.034622042700519495,0
CA,2016,12,18.16,2016-12-01,17.93,13.93,18.22,17.29,16.69333333333333,17.166666666666668,2.3975056482380492,1.944896974758359,-2.4492935982947064e-16,1.0,0.050318102949681975,0
CA,2017,1,18.37,2017-01-01,18.16,17.93,13.93,17.77,16.673333333333332,17.239166666666666,2.378578006568914,1.9660133095514147,0.49999999999999994,0.8660254037844387,0.0337647720877885,0
CA,2017,2,19.0,2017-02-01,18.37,18.16,17.93,17.68,18.153333333333332,17.289166666666667,0.22007574453670606,1.9882448099372465,0.8660254037844386,0.5000000000000001,0.07466063348416285,0
CA,2017,3,19.18,2017-03-01,19.0,18.37,18.16,17.65,18.51,17.399166666666666,0.43714985988795835,2.0474660984354287,1.0,6.123233995736766e-17,0.08668555240793219,0
CA,2017,4,14.12,2017-04-01,19.18,19.0,18.37,12.39,18.849999999999998,17.526666666666667,0.4253234063628174,2.1111536412515473,0.8660254037844387,-0.49999999999999983,0.13962873284907173,0
CA,2017,5,18.06,2017-05-01,14.12,19.18,19.0,17.71,17.433333333333334,17.670833333333334,2.8708419206451206,1.7580281222972085,0.49999999999999994,-0.8660254037844387,0.019762845849802257,0
CA,2017,6,19.12,2017-06-01,18.06,14.12,19.18,18.09,17.119999999999997,17.7,2.6577434037167733,1.761636635734965,1.2246467991473532e-16,-1.0,0.05693753454947492,0
CA,2017,7,18.52,2017-07-01,19.12,18.06,14.12,18.47,17.099999999999998,17.785833333333333,2.634615721504755,1.80687806266314,-0.4999999999999998,-0.8660254037844388,0.002707092582566295,0
CA,2017,8,19.16,2017-08-01,18.52,19.12,18.06,18.87,18.566666666666666,17.79,0.5315386470741262,1.808655955021942,-0.8660254037844384,-0.5000000000000004,0.015368309485956466,0
CA,2017,9,19.33,2017-09-01,19.16,18.52,19.12,18.22,18.933333333333334,17.814166666666665,0.3585154575933968,1.8262502981560662,-1.0,-1.8369701987210297e-16,0.06092206366630082,0
CA,2017,10,15.7,2017-10-01,19.33,19.16,18.52,13.93,19.00333333333333,17.906666666666666,0.42712215270740167,1.87610492696162,-0.8660254037844386,0.5000000000000001,0.12706389088298642,0
CA,2017,11,18.71,2017-11-01,15.7,19.33,19.16,17.93,18.06333333333333,18.054166666666667,2.048470974491307,1.581480654515264,-0.5000000000000004,0.8660254037844384,0.04350250976017844,0
CA,2017,12,18.62,2017-12-01,18.71,15.7,19.33,18.16,17.91333333333333,18.11916666666667,1.9417088693553828,1.591908279297817,-2.4492935982947064e-16,1.0,0.025330396475770955,0
CA,2018,1,19.1,2018-01-01,18.62,18.71,15.7,18.37,17.676666666666666,18.157500000000002,1.7124349136049966,1.5985056942486695,0.49999999999999994,0.8660254037844387,0.03973870440936311,0
CA,2018,2,19.1,2018-02-01,19.1,18.62,18.71,19.0,18.81,18.218333333333334,0.2551470164435662,1.6210593244336553,0.8660254037844386,0.5000000000000001,0.0052631578947368585,0
CA,2018,3,18.44,2018-03-01,19.1,19.1,18.62,19.18,18.939999999999998,18.226666666666667,0.27712812921112406,1.6256933252857853,1.0,6.123233995736766e-17,-0.03858185610010423,0
CA,2018,4,16.03,2018-04-01,18.44,19.1,19.1,14.12,18.88,18.165,0.3810511776652265,1.6000767027069114,0.8660254037844387,-0.49999999999999983,0.1352691218130313,0
CA,2018,5,18.85,2018-05-01,16.03,18.44,19.1,18.06,17.856666666666666,18.324166666666667,1.6159929867834708,1.2081124144965034,0.49999999999999994,-0.8660254037844387,0.0437430786267996,0
CA,2018,6,19.81,2018-06-01,18.85,16.03,18.44,19.12,17.773333333333333,18.39,1.5236250632400878,1.213919272439467,1.2246467991473532e-16,-1.0,0.03608786610878645,0
CA,2018,7,19.59,2018-07-01,19.81,18.85,16.03,18.52,18.23,18.4475,1.9647900651214723,1.2668294353154974,-0.4999999999999998,-0.8660254037844388,0.05777537796976251,0
CA,2018,8,19.85,2018-08-01,19.59,19.81,18.85,19.16,19.416666666666664,18.536666666666665,0.5029247790012065,1.3093394124403575,-0.8660254037844384,-0.5000000000000004,0.03601252609603356,0
CA,2018,9,19.31,2018-09-01,19.85,19.59,19.81,19.33,19.749999999999996,18.594166666666666,0.14000000000032137,1.3536043354576182,-1.0,-1.8369701987210297e-16,-0.0010346611484738366,0
CA,2018,10,15.66,2018-10-01,19.31,19.85,19.59,15.7,19.583333333333332,18.592499999999998,0.2700617213405454,1.3526279136285915,-0.8660254037844386,0.5000000000000001,-0.002547770700636942,0
CA,2018,11,19.51,2018-11-01,15.66,19.31,19.85,18.71,18.27333333333333,18.589166666666667,2.2792615763297936,1.3604308029800458,-0.5000000000000004,0.8660254037844384,0.0427578834847675,0
CA,2018,12,19.45,2018-12-01,19.51,15.66,19.31,18.62,18.159999999999997,18.655833333333334,2.1673716801693335,1.3862471138314492,-2.4492935982947064e-16,1.0,0.04457572502685281,0
CA,2019,1,18.31,2019-01-01,19.45,19.51,15.66,19.1,18.206666666666663,18.724999999999998,2.205682056265901,1.4048778659306222,0.49999999999999994,0.8660254037844387,-0.041361256544502734,0
CA,2019,2,19.79,2019-02-01,18.31,19.45,19.51,19.1,19.09,18.659166666666668,0.6761656601751317,1.4042174030937935,0.8660254037844386,0.5000000000000001,0.036125654450261724,0
CA,2019,3,19.26,2019-03-01,19.79,18.31,19.45,18.44,19.183333333333326,18.716666666666665,0.7751988992080731,1.437639057832675,1.0,6.123233995736766e-17,0.04446854663774413,0
CA,2019,4,17.97,2019-04-01,19.26,19.79,18.31,16.03,19.119999999999997,18.785,0.7498666548127558,1.4427719532520962,0.8660254037844387,-0.49999999999999983,0.12102308172177145,0
CA,2019,5,18.82,2019-05-01,17.97,19.26,19.79,18.85,19.006666666666664,18.94666666666667,0.9360733589486466,1.1930886832338006,0.49999999999999994,-0.8660254037844387,-0.0015915119363395513,0
CA,2019,6,20.77,2019-06-01,18.82,17.97,19.26,19.81,18.68333333333333,18.944166666666664,0.6557692683660848,1.1933410571952334,1.2246467991473532e-16,-1.0,0.0484603735487128,0
CA,2019,7,19.88,2019-07-01,20.77,18.82,17.97,19.59,19.186666666666664,19.02416666666667,1.4355602855099499,1.2852976898427495,-0.4999999999999998,-0.8660254037844388,0.014803471158754355,0
CA,2019,8,19.78,2019-08-01,19.88,20.77,18.82,19.85,19.82333333333333,19.048333333333336,0.9762342615035761,1.299551204583063,-0.8660254037844384,-0.5000000000000004,-0.0035264483627204246,0
CA,2019,9,20.65,2019-09-01,19.78,19.88,20.77,19.31,20.14333333333333,19.0425,0.545007645206418,1.2957772325379056,-1.0,-1.8369701987210297e-16,0.06939409632314852,0
CA,2019,10,14.9,2019-10-01,20.65,19.78,19.88,15.66,20.10333333333333,19.15416666666667,0.4760602202804202,1.3761703008601995,-0.8660254037844386,0.5000000000000001,-0.048531289910600295,0
CA,2019,11,20.11,2019-11-01,14.9,20.65,19.78,19.51,18.44333333333333,19.090833333333332,3.099295618900104,1.5571796085658483,-0.5000000000000004,0.8660254037844384,0.03075345976422339,0
CA,2019,12,19.15,2019-12-01,20.11,14.9,20.65,19.45,18.55333333333333,19.140833333333333,3.1753792424422915,1.5813081945214098,-2.4492935982947064e-16,1.0,-0.015424164524421635,0
CA,2020,1,19.91,2020-01-01,19.15,20.11,14.9,18.31,18.05333333333333,19.11583333333333,2.772730303028653,1.578344692928932,0.49999999999999994,0.8660254037844387,0.08738394320043708,0
CA,2020,2,21.67,2020-02-01,19.91,19.15,20.11,19.79,19.72333333333333,19.249166666666667,0.5064911976860311,1.5716491531528323,0.8660254037844386,0.5000000000000001,0.09499747347145027,0
CA,2020,3,20.33,2020-03-01,21.67,19.91,19.15,19.26,20.24333333333333,19.405833333333334,1.2926458653991244,1.7174053279892945,1.0,6.123233995736766e-17,0.05555555555555536,0
CA,2020,4,20.43,2020-04-01,20.33,21.67,19.91,17.97,20.636666666666667,19.495,0.919202552941115,1.736812650177945,0.8660254037844387,-0.49999999999999983,0.13689482470784653,0
CA,2020,5,18.61,2020-05-01,20.43,20.33,21.67,18.82,20.81,19.7,0.746458304260952,1.6848522999738669,0.49999999999999994,-0.8660254037844387,-0.011158342189160564,0
CA,2020,6,19.71,2020-06-01,18.61,20.43,20.33,20.77,19.789999999999996,19.6825,1.023132444994347,1.695878024130046,1.2246467991473532e-16,-1.0,-0.05103514684641308,0
CA,2020,7,20.03,2020-07-01,19.71,18.61,20.43,19.88,19.583333333333332,19.594166666666666,0.9165878754017209,1.6613382247362072,-0.4999999999999998,-0.8660254037844388,0.007545271629778805,0
CA,2020,8,20.69,2020-08-01,20.03,19.71,18.61,19.78,19.45,19.606666666666666,0.7448489779815135,1.664246121075578,-0.8660254037844384,-0.5000000000000004,0.046006066734074924,0
CA,2020,9,21.16,2020-09-01,20.69,20.03,19.71,20.65,20.14333333333333,19.6825,0.4997332621843906,1.6933405660785514,-1.0,-1.8369701987210297e-16,0.024697336561743333,0
CA,2020,10,20.78,2020-10-01,21.16,20.69,20.03,14.9,20.626666666666665,19.725,0.5676559991169486,1.725917410854548,-0.8660254037844386,0.5000000000000001,0.3946308724832215,0
CA,2020,11,22.2,2020-11-01,20.78,21.16,20.69,20.11,20.876666666666665,20.215,0.24946609656116853,0.8376319434735264,-0.5000000000000004,0.8660254037844384,0.1039283938339135,1
CA,2020,12,20.42,2020-12-01,22.2,20.78,21.16,19.15,21.379999999999995,20.389166666666664,0.7351190379796595,1.0127860613478907,-2.4492935982947064e-16,1.0,0.0663185378590081,0
CA,2021,1,21.45,2021-01-01,20.42,22.2,20.78,19.91,21.133333333333333,20.495,0.9411340676723319,0.9348845334633896,0.49999999999999994,0.8660254037844387,0.07734806629834257,0
CA,2021,2,22.5,2021-02-01,21.45,20.42,22.2,21.67,21.356666666666666,20.62333333333333,0.8936628745413296,0.9528076533290422,0.8660254037844386,0.5000000000000001,0.03830179972311942,1
CA,2021,3,22.04,2021-03-01,22.5,21.45,20.42,20.33,21.456666666666663,20.6925,1.040016025517623,1.059812376190827,1.0,6.123233995736766e-17,0.0841121495327104,0
CA,2021,4,23.37,2021-04-01,22.04,22.5,21.45,20.43,21.996666666666666,20.834999999999997,0.5263395608668239,1.1198985343649246,0.8660254037844387,-0.49999999999999983,0.14390602055800295,1
CA,2021,5,22.74,2021-05-01,23.37,22.04,22.5,18.61,22.636666666666667,21.080000000000002,0.6754504669725883,1.3258890670722818,0.49999999999999994,-0.8660254037844387,0.22192369693713054,1
CA,2021,6,23.13,2021-06-01,22.74,23.37,22.04,19.71,22.716666666666665,21.424166666666665,0.6653069467046684,1.1509320992003378,1.2246467991473532e-16,-1.0,0.1735159817351597,1
CA,2021,7,22.49,2021-07-01,23.13,22.74,23.37,20.03,23.08,21.709166666666665,0.31796226191194427,1.110605554177408,-0.4999999999999998,-0.8660254037844388,0.12281577633549667,1
CA,2021,8,23.39,2021-08-01,22.49,23.13,22.74,20.69,22.78666666666666,21.914166666666663,0.32254198693114156,0.9933273591441352,-0.8660254037844384,-0.5000000000000004,0.1304978250362494,1
CA,2021,9,23.49,2021-09-01,23.39,22.49,23.13,21.16,23.00333333333333,22.139166666666668,0.4631774318050168,0.9966166248712317,-1.0,-1.8369701987210297e-16,0.11011342155009451,1
CA,2021,10,22.02,2021-10-01,23.49,23.39,22.49,20.78,23.12333333333333,22.333333333333332,0.5507570547287532,1.0153041043167608,-0.8660254037844386,0.5000000000000001,0.059672762271414825,0
CA,2021,11,23.87,2021-11-01,22.02,23.49,23.39,22.2,22.966666666666665,22.436666666666667,0.8213606597186704,0.899316238577808,-0.5000000000000004,0.8660254037844384,0.07522522522522523,1
CA,2021,12,23.38,2021-12-01,23.87,22.02,23.49,20.42,23.126666666666665,22.575833333333335,0.9770533932869233,0.9845391938579537,-2.4492935982947064e-16,1.0,0.14495592556317316,1
CA,2022,1,23.07,2022-01-01,23.38,23.87,22.02,21.45,23.09,22.8225,0.9584883932527081,0.7343163177715095,0.49999999999999994,0.8660254037844387,0.0755244755244755,1
CA,2022,2,25.34,2022-02-01,23.07,23.38,23.87,22.5,23.439999999999998,22.9575,0.4033608806021696,0.5946905230301527,0.8660254037844386,0.5000000000000001,0.12622222222222224,1
CA,2022,3,26.37,2022-03-01,25.34,23.07,23.38,22.04,23.929999999999996,23.194166666666664,1.2308939840620543,0.8885683923474065,1.0,6.123233995736766e-17,0.19646098003629775,1
CA,2022,4,23.28,2022-04-01,26.37,25.34,23.07,23.37,24.926666666666666,23.554999999999996,1.6883818683382896,1.2013817802090485,0.8660254037844387,-0.49999999999999983,-0.0038510911424903815,1
CA,2022,5,27.21,2022-05-01,23.28,26.37,25.34,22.74,24.996666666666666,23.5475,1.5733509886015558,1.2029216327531629,0.49999999999999994,-0.8660254037844387,0.19656992084432723,1
CA,2022,6,28.16,2022-06-01,27.21,23.28,26.37,23.13,25.62,23.92,2.0695651717209005,1.5671050321590696,1.2246467991473532e-16,-1.0,0.2174664937310853,1
CA,2022,7,26.18,2022-07-01,28.16,27.21,23.28,22.49,26.216666666666665,24.339166666666667,2.5872056998494513,1.9600345930775611,-0.4999999999999998,-0.8660254037844388,0.16407292129835493,1
CA,2022,8,26.49,2022-08-01,26.18,28.16,27.21,23.39,27.183333333333326,24.646666666666665,0.9902693236354887,1.9328186357721218,-0.8660254037844384,-0.5000000000000004,0.13253527148353994,1
CA,2022,9,25.96,2022-09-01,26.49,26.18,28.16,23.49,26.94333333333333,24.904999999999998,1.0650039123559547,1.956608847424114,-1.0,-1.8369701987210297e-16,0.10515112813963401,1
CA,2022,10,25.76,2022-10-01,25.96,26.49,26.18,22.02,26.209999999999997,25.110833333333336,0.26627053911418475,1.9238666478703834,-0.8660254037844386,0.5000000000000001,0.16984559491371498,1
CA,2022,11,25.52,2022-11-01,25.76,25.96,26.49,23.87,26.069999999999997,25.4225,0.37722672227741,1.6628678677076865,-0.5000000000000004,0.8660254037844384,0.06912442396313367,1
CA,2022,12,26.04,2022-12-01,25.52,25.76,25.96,23.38,25.746666666666666,25.56,0.2203028218918049,1.5894195624361476,-2.4492935982947064e-16,1.0,0.11377245508982048,1
CA,2023,1,26.47,2023-01-01,26.04,25.52,25.76,23.07,25.77333333333333,25.781666666666666,0.2602562839462127,1.4358135693956873,0.49999999999999994,0.8660254037844387,0.1473775465973124,1
CA,2023,2,27.25,2023-02-01,26.47,26.04,25.52,25.34,26.009999999999994,26.064999999999998,0.4757099956908168,1.1612884693697343,0.8660254037844386,0.5000000000000001,0.07537490134175218,1
CA,2023,3,30.39,2023-03-01,27.25,26.47,26.04,26.37,26.586666666666662,26.224166666666665,0.6133786215165038,1.1835651714847448,1.0,6.123233995736766e-17,0.15244596131968136,1
CA,2023,4,29.7,2023-04-01,30.39,27.25,26.47,23.28,28.03666666666666,26.55916666666667,2.075026104253502,1.689413337298673,0.8660254037844387,-0.49999999999999983,0.27577319587628857,1
CA,2023,5,29.82,2023-05-01,29.7,30.39,27.25,27.21,29.11333333333333,27.094166666666666,1.65016160824734,1.5688006903558038,0.49999999999999994,-0.8660254037844387,0.09592061742006619,1
CA,2023,6,31.24,2023-06-01,29.82,29.7,30.39,28.16,29.97,27.311666666666667,0.3686461718234777,1.756069129584322,1.2246467991473532e-16,-1.0,0.109375,1
CA,2023,7,29.46,2023-07-01,31.24,29.82,29.7,26.18,30.25333333333333,27.56833333333333,0.8565823564219803,2.0855164319369552,-0.4999999999999998,-0.8660254037844388,0.12528647822765482,1
CA,2023,8,29.97,2023-08-01,29.46,31.24,29.82,26.49,30.173333333333332,27.841666666666665,0.9411340676723127,2.1018945278155323,-0.8660254037844384,-0.5000000000000004,0.1313703284258212,1
CA,2023,9,30.01,2023-09-01,29.97,29.46,31.24,25.96,30.22333333333333,28.13166666666667,0.9166424239219092,2.138205846597686,-1.0,-1.8369701987210297e-16,0.15600924499229585,1
CA,2023,10,31.78,2023-10-01,30.01,29.97,29.46,25.76,29.813333333333333,28.469166666666666,0.30664855018969805,2.0831857523485944,-0.8660254037844386,0.5000000000000001,0.23369565217391308,1
CA,2023,11,29.54,2023-11-01,31.78,30.01,29.97,25.52,30.586666666666662,28.97083333333333,1.0336504889629914,2.0962800746836,-0.5000000000000004,0.8660254037844384,0.15752351097178674,1
CA,2023,12,29.12,2023-12-01,29.54,31.78,30.01,26.04,30.443333333333328,29.305833333333336,1.1811999548482186,1.794113903008959,-2.4492935982947064e-16,1.0,0.11827956989247324,1
CA,2024,1,29.62,2024-01-01,29.12,29.54,31.78,26.47,30.146666666666665,29.5625,1.4300116549641957,1.4766554654477528,0.49999999999999994,0.8660254037844387,0.1190026445032113,1
CA,2024,2,31.41,2024-02-01,29.62,29.12,29.54,27.25,29.426666666666666,29.825000000000003,0.26857649437999104,1.111857577537538,0.8660254037844386,0.5000000000000001,0.15266055045871552,1
CA,2024,3,32.46,2024-03-01,31.41,29.62,29.12,30.39,30.049999999999997,30.171666666666667,1.2040348832156422,0.8548241002829952,1.0,6.123233995736766e-17,0.06811451135241864,1
CA,2024,4,34.49,2024-04-01,32.46,31.41,29.62,29.7,31.16333333333333,30.344166666666666,1.435978179964245,1.0816524255496174,0.8660254037844387,-0.49999999999999983,0.16127946127946147,1
CA,2024,5,34.55,2024-05-01,34.49,32.46,31.41,29.82,32.78666666666667,30.743333333333336,1.5657692465154036,1.5877561830993212,0.49999999999999994,-0.8660254037844387,0.15861837692823588,1
CA,2024,6,33.24,2024-06-01,34.55,34.49,32.46,31.24,33.833333333333336,31.1375,1.1897198549799055,1.8950755561815509,1.2246467991473532e-16,-1.0,0.06402048655569792,1
CA,2024,7,32.73,2024-07-01,33.24,34.55,34.49,29.46,34.093333333333334,31.304166666666664,0.739617018012298,1.9904565868772135,-0.4999999999999998,-0.8660254037844388,0.11099796334012213,1
CA,2024,8,31.22,2024-08-01,32.73,33.24,34.55,29.97,33.50666666666666,31.576666666666668,0.9388468103654611,1.9381825288532537,-0.8660254037844384,-0.5000000000000004,0.041708375041708434,1
CA,2024,9,31.83,2024-09-01,31.22,32.73,33.24,30.01,32.39666666666667,31.68083333333333,1.0504443504219476,1.8765948772534304,-1.0,-1.8369701987210297e-16,0.06064645118293899,1
CA,2024,10,32.45,2024-10-01,31.83,31.22,32.73,31.78,31.926666666666662,31.8325,0.7596271015000565,1.801318330355082,-0.8660254037844386,0.5000000000000001,0.021082441787287687,1
CA,2024,11,30.18,2024-11-01,32.45,31.83,31.22,29.54,31.833333333333332,31.888333333333335,0.61500677503047,1.8099062423399457,-0.5000000000000004,0.8660254037844384,0.021665538253216043,1
CA,2024,12,30.62,2024-12-01,30.18,32.45,31.83,29.12,31.486666666666665,31.941666666666666,1.1733001889258234,1.7425938520876951,-2.4492935982947064e-16,1.0,0.05151098901098905,1
CA,2025,1,30.28,2025-01-01,30.62,30.18,32.45,29.62,31.083333333333332,32.06666666666667,1.2038410747824508,1.5667124429161794,0.49999999999999994,0.8660254037844387,0.022282241728561747,1
CA,2025,2,31.72,2025-02-01,30.28,30.62,30.18,31.41,30.36,32.12166666666666,0.23065125189345254,1.4823251596017608,0.8660254037844386,0.5000000000000001,0.009869468322190267,1
CA,2025,3,32.48,2025-03-01,31.72,30.28,30.62,32.46,30.87333333333333,32.1475,0.7526840860104277,1.471456452264082,1.0,6.123233995736766e-17,0.0006161429451632117,1
CA,2025,4,33.82,2025-04-01,32.48,31.72,30.28,34.49,31.49333333333333,32.149166666666666,1.1173778829623198,1.4718538609112304,0.8660254037844387,-0.49999999999999983,-0.01942592055668313,1
CA,2025,5,33.29,2025-05-01,33.82,32.48,31.72,34.55,32.673333333333325,32.09333333333333,1.0632654105788308,1.3851375601746436,0.49999999999999994,-0.8660254037844387,-0.03646888567293771,1
CA,2025,6,33.59,2025-06-01,33.29,33.82,32.48,33.24,33.196666666666665,31.988333333333333,0.6748580097571414,1.2198795270872287,1.2246467991473532e-16,-1.0,0.010529482551143277,1
CA,2025,7,32.66,2025-07-01,33.59,33.29,33.82,32.73,33.56666666666667,32.017500000000005,0.26576932353710037,1.2561711304959255,-0.4999999999999998,-0.8660254037844388,-0.0021387106630003094,1
CA,2025,8,31.65,2025-08-01,32.66,33.59,33.29,31.22,33.18,32.01166666666666,0.47465777145227395,1.2527194660443985,-0.8660254037844384,-0.5000000000000004,0.013773222293401721,1
CA,2025,9,32.04,2025-09-01,31.65,32.66,33.59,31.83,32.63333333333333,32.0475,0.9702748751427989,1.2340261158281696,-1.0,-1.8369701987210297e-16,0.006597549481621057,1
CA,2025,10,33.6,2025-10-01,32.04,31.65,32.66,32.45,32.11666666666667,32.065,0.5093459858812771,1.232148898912552,-0.8660254037844386,0.5000000000000001,0.035439137134052334,1
CA,2025,11,31.89,2025-11-01,33.6,32.04,31.65,30.18,32.43,32.160833333333336,1.0318430113152102,1.3072487301293327,-0.5000000000000004,0.8660254037844384,0.05666003976143141,1
CA,2025,12,34.71,2025-12-01,31.89,33.6,32.04,30.62,32.51,32.303333333333335,0.9469424480928279,1.156163981239543,-2.4492935982947064e-16,1.0,0.1335728282168518,1
CA,2026,1,30.29,2026-01-01,34.71,31.89,33.6,30.28,33.4,32.64416666666666,1.4205984654363257,1.2161149641629865,0.49999999999999994,0.8660254037844387,0.00033025099075301156,1
CA,2026,2,33.22,2026-02-01,30.29,34.71,31.89,31.72,32.29666666666666,32.645,2.237885907130517,1.2143498073232404,0.8660254037844386,0.5000000000000001,0.04728877679697363,1
CA,2026,3,33.35,2026-03-01,33.22,30.29,34.71,32.48,32.74,32.769999999999996,2.248755211222431,1.18738061600873,1.0,6.123233995736766e-17,0.026785714285714413,1
CO,2002,1,6.84,2002-01-01,7.63,7.11,7.74,6.71,7.493333333333333,7.478333333333334,0.33650160970392784,0.44757596274179284,0.49999999999999994,0.8660254037844387,0.019374068554396384,0
CO,2002,2,6.93,2002-02-01,6.84,7.63,7.11,7.15,7.1933333333333325,7.489166666666667,0.40153870714208123,0.42845299590149916,0.8660254037844386,0.5000000000000001,-0.030769230769230882,0
CO,2002,3,6.95,2002-03-01,6.93,6.84,7.63,7.03,7.133333333333333,7.470833333333334,0.4324735059322524,0.44852198351582506,1.0,6.123233995736766e-17,-0.011379800853485111,0
CO,2002,4,7.2,2002-04-01,6.95,6.93,6.84,7.46,6.906666666666666,7.464166666666667,0.05859465277082138,0.45619888671765146,0.8660254037844387,-0.49999999999999983,-0.034852546916890104,0
CO,2002,5,7.83,2002-05-01,7.2,6.95,6.93,7.84,7.026666666666666,7.4425,0.15044378795195779,0.46254483812137337,0.49999999999999994,-0.8660254037844387,-0.0012755102040815647,0
CO,2002,6,7.74,2002-06-01,7.83,7.2,6.95,8.18,7.326666666666667,7.441666666666667,0.45346811721810687,0.46177194948733474,1.2246467991473532e-16,-1.0,-0.05378973105134466,0
CO,2002,7,7.38,2002-07-01,7.74,7.83,7.2,7.31,7.590000000000001,7.405,0.34073450074802014,0.41267420563926727,-0.4999999999999998,-0.8660254037844388,0.009575923392612928,0
CO,2002,8,7.54,2002-08-01,7.38,7.74,7.83,7.45,7.6499999999999995,7.410833333333333,0.238117617995819,0.41170285695419057,-0.8660254037844384,-0.5000000000000004,0.012080536912751683,0
CO,2002,9,7.73,2002-09-01,7.54,7.38,7.74,8.13,7.553333333333334,7.418333333333334,0.1803699901129223,0.41329789681917306,-1.0,-1.8369701987210297e-16,-0.04920049200492005,0
CO,2002,10,7.91,2002-10-01,7.73,7.54,7.38,7.74,7.55,7.385000000000001,0.1752141546793593,0.36385561571990227,-0.8660254037844386,0.5000000000000001,0.021963824289405576,0
CO,2002,11,7.38,2002-11-01,7.91,7.73,7.54,7.11,7.726666666666667,7.399166666666667,0.18502252115171494,0.3818009555998647,-0.5000000000000004,0.8660254037844384,0.03797468354430378,0
CO,2002,12,7.14,2002-12-01,7.38,7.91,7.73,7.63,7.673333333333333,7.421666666666667,0.26950572040930126,0.3710141710925816,-2.4492935982947064e-16,1.0,-0.06422018348623859,0
CO,2003,1,7.53,2003-01-01,7.14,7.38,7.91,6.84,7.476666666666667,7.380833333333334,0.39399661589071416,0.3729601083550927,0.49999999999999994,0.8660254037844387,0.10087719298245612,0
CO,2003,2,7.78,2003-02-01,7.53,7.14,7.38,6.93,7.3500000000000005,7.4383333333333335,0.19672315572906138,0.3330529123491383,0.8660254037844386,0.5000000000000001,0.12265512265512268,0
CO,2003,3,7.75,2003-03-01,7.78,7.53,7.14,6.95,7.483333333333334,7.509166666666666,0.3225419869309028,0.30425642096259936,1.0,6.123233995736766e-17,0.1151079136690647,0
CO,2003,4,8.0,2003-04-01,7.75,7.78,7.53,7.2,7.686666666666667,7.575833333333333,0.13650396819629657,0.254110152683774,0.8660254037844387,-0.49999999999999983,0.11111111111111116,0
CO,2003,5,8.61,2003-05-01,8.0,7.75,7.78,7.83,7.843333333333334,7.642500000000001,0.13650396819630026,0.25147293366014173,0.49999999999999994,-0.8660254037844387,0.09961685823754785,0
CO,2003,6,8.5,2003-06-01,8.61,8.0,7.75,7.74,8.12,7.7075,0.44237992721189884,0.37487270566760056,1.2246467991473532e-16,-1.0,0.09819121447028412,0
CO,2003,7,8.34,2003-07-01,8.5,8.61,8.0,7.38,8.37,7.770833333333333,0.3251153641401877,0.43949264826478074,-0.4999999999999998,-0.8660254037844388,0.13008130081300817,0
CO,2003,8,8.17,2003-08-01,8.34,8.5,8.61,7.54,8.483333333333333,7.850833333333334,0.13576941236280382,0.44914987037803866,-0.8660254037844384,-0.5000000000000004,0.08355437665782484,0
CO,2003,9,8.3,2003-09-01,8.17,8.34,8.5,7.73,8.336666666666666,7.903333333333333,0.16502525059317463,0.4463250615930768,-1.0,-1.8369701987210297e-16,0.07373868046571808,0
CO,2003,10,8.6,2003-10-01,8.3,8.17,8.34,7.91,8.270000000000001,7.9508333333333345,0.08888194417319092,0.45641803671900144,-0.8660254037844386,0.5000000000000001,0.08723135271807836,0
CO,2003,11,8.18,2003-11-01,8.6,8.3,8.17,7.38,8.356666666666667,8.008333333333333,0.22052966542699018,0.49281811753394444,-0.5000000000000004,0.8660254037844384,0.10840108401084003,0
CO,2003,12,8.02,2003-12-01,8.18,8.6,8.3,7.14,8.36,8.075000000000001,0.21633307652785563,0.4525583839783492,-2.4492935982947064e-16,1.0,0.12324929971988796,0
CO,2004,1,7.98,2004-01-01,8.02,8.18,8.6,7.53,8.266666666666667,8.148333333333333,0.2995552258488239,0.3460381832145532,0.49999999999999994,0.8660254037844387,0.05976095617529875,0
CO,2004,2,8.08,2004-02-01,7.98,8.02,8.18,7.78,8.06,8.185833333333333,0.10583005244260717,0.29330277044637665,0.8660254037844386,0.5000000000000001,0.03856041131105403,0
CO,2004,3,8.23,2004-03-01,8.08,7.98,8.02,7.75,8.026666666666666,8.210833333333333,0.05033222956851859,0.26718935516812115,1.0,6.123233995736766e-17,0.06193548387096781,0
CO,2004,4,8.4,2004-04-01,8.23,8.08,7.98,8.0,8.096666666666666,8.250833333333333,0.12583057392120048,0.22443700607737296,0.8660254037844387,-0.49999999999999983,0.050000000000000044,0
CO,2004,5,8.65,2004-05-01,8.4,8.23,8.08,8.61,8.236666666666666,8.284166666666666,0.1601041327803249,0.21322025885896492,0.49999999999999994,-0.8660254037844387,0.004645760743321903,0
CO,2004,6,8.67,2004-06-01,8.65,8.4,8.23,8.5,8.426666666666668,8.2875,0.21126602503322875,0.21901120768333837,1.2246467991473532e-16,-1.0,0.020000000000000018,0
CO,2004,7,8.56,2004-07-01,8.67,8.65,8.4,8.34,8.573333333333332,8.301666666666668,0.15044378795198332,0.23862611810619053,-0.4999999999999998,-0.8660254037844388,0.026378896882494063,0
CO,2004,8,8.61,2004-08-01,8.56,8.67,8.65,8.17,8.626666666666667,8.32,0.058594652770892826,0.25001818115708385,-0.8660254037844384,-0.5000000000000004,0.05385556915544676,0
CO,2004,9,8.74,2004-09-01,8.61,8.56,8.67,8.3,8.613333333333335,8.356666666666667,0.0550757054729346,0.2581519402259645,-1.0,-1.8369701987210297e-16,0.053012048192770944,0
CO,2004,10,8.85,2004-10-01,8.74,8.61,8.56,8.6,8.636666666666667,8.393333333333333,0.09291573243182012,0.27971847318765036,-0.8660254037844386,0.5000000000000001,0.029069767441860517,0
CO,2004,11,8.59,2004-11-01,8.85,8.74,8.61,8.18,8.733333333333334,8.414166666666667,0.12013880860630419,0.3047042778985933,-0.5000000000000004,0.8660254037844384,0.05012224938875298,0
CO,2004,12,7.74,2004-12-01,8.59,8.85,8.74,8.02,8.726666666666667,8.448333333333332,0.1305118130030464,0.2989932602868769,-2.4492935982947064e-16,1.0,-0.03491271820448871,0
CO,2005,1,8.64,2005-01-01,7.74,8.59,8.85,7.98,8.393333333333333,8.424999999999999,0.580545720278205,0.3431273286061165,0.49999999999999994,0.8660254037844387,0.08270676691729317,0
CO,2005,2,8.73,2005-02-01,8.64,7.74,8.59,8.08,8.323333333333332,8.479999999999999,0.5057996968497903,0.317232349605727,0.8660254037844386,0.5000000000000001,0.0804455445544554,0
CO,2005,3,8.8,2005-03-01,8.73,8.64,7.74,8.23,8.370000000000001,8.534166666666666,0.5474486277268461,0.29761043277576205,1.0,6.123233995736766e-17,0.06925880923450789,0
CO,2005,4,8.81,2005-04-01,8.8,8.73,8.64,8.4,8.723333333333334,8.581666666666667,0.08020806277017033,0.29004179427153126,0.8660254037844387,-0.49999999999999983,0.04880952380952386,0
CO,2005,5,9.14,2005-05-01,8.81,8.8,8.73,8.65,8.780000000000001,8.615833333333333,0.04358898943552948,0.2908438610580573,0.49999999999999994,-0.8660254037844387,0.05664739884393066,0
CO,2005,6,9.11,2005-06-01,9.14,8.81,8.8,8.67,8.916666666666666,8.656666666666666,0.19347695814578342,0.32808904925710575,1.2246467991473532e-16,-1.0,0.05074971164936559,0
CO,2005,7,9.01,2005-07-01,9.11,9.14,8.81,8.56,9.020000000000001,8.693333333333333,0.18248287590898138,0.35333047454533506,-0.4999999999999998,-0.8660254037844388,0.052570093457943834,0
CO,2005,8,8.97,2005-08-01,9.01,9.11,9.14,8.61,9.086666666666666,8.730833333333333,0.06806859285563807,0.36167434707667745,-0.8660254037844384,-0.5000000000000004,0.04181184668989557,0
CO,2005,9,9.08,2005-09-01,8.97,9.01,9.11,8.74,9.03,8.760833333333332,0.072111025509368,0.3656490700442846,-1.0,-1.8369701987210297e-16,0.0389016018306636,0
CO,2005,10,9.11,2005-10-01,9.08,8.97,9.01,8.85,9.02,8.789166666666667,0.05567764362841432,0.3768881756830595,-0.8660254037844386,0.5000000000000001,0.029378531073446235,0
CO,2005,11,9.76,2005-11-01,9.11,9.08,8.97,8.59,9.053333333333333,8.810833333333333,0.07371114795840733,0.38801261304085927,-0.5000000000000004,0.8660254037844384,0.1362048894062864,0
CO,2005,12,9.62,2005-12-01,9.76,9.11,9.08,7.74,9.316666666666665,8.908333333333333,0.38423083339751485,0.466531365667436,-2.4492935982947064e-16,1.0,0.24289405684754506,0
CO,2006,1,9.05,2006-01-01,9.62,9.76,9.11,8.64,9.496666666666666,9.065,0.3421013495053047,0.3358977117029537,0.49999999999999994,0.8660254037844387,0.04745370370370372,0
CO,2006,2,9.23,2006-02-01,9.05,9.62,9.76,8.73,9.476666666666667,9.099166666666667,0.3760762334066723,0.30847007614806954,0.8660254037844386,0.5000000000000001,0.05727376861397482,0
CO,2006,3,9.47,2006-03-01,9.23,9.05,9.62,8.8,9.3,9.140833333333333,0.2913760456866941,0.28710018312694113,1.0,6.123233995736766e-17,0.07613636363636367,0
CO,2006,4,9.2,2006-04-01,9.47,9.23,9.05,8.81,9.25,9.196666666666667,0.2107130750570882,0.2798484438319419,0.8660254037844387,-0.49999999999999983,0.04426787741203175,0
CO,2006,5,8.98,2006-05-01,9.2,9.47,9.23,9.14,9.299999999999999,9.229166666666666,0.1479864858695375,0.25213482444314933,0.49999999999999994,-0.8660254037844387,-0.01750547045951867,0
CO,2006,6,8.76,2006-06-01,8.98,9.2,9.47,9.11,9.216666666666667,9.215833333333334,0.2454248017893611,0.26134123751189836,1.2246467991473532e-16,-1.0,-0.03841931942919863,0
CO,2006,7,9.14,2006-07-01,8.76,8.98,9.2,9.01,8.98,9.186666666666667,0.22000000000002556,0.2919630528721611,-0.4999999999999998,-0.8660254037844388,0.014428412874583962,0
CO,2006,8,9.29,2006-08-01,9.14,8.76,8.98,8.97,8.96,9.1975,0.19078784028341883,0.28718460961550163,-0.8660254037844384,-0.5000000000000004,0.035674470457079055,0
CO,2006,9,9.07,2006-09-01,9.29,9.14,8.76,9.08,9.063333333333333,9.224166666666667,0.27319101986219324,0.27887626234044693,-1.0,-1.8369701987210297e-16,-0.0011013215859030367,0
CO,2006,10,8.93,2006-10-01,9.07,9.29,9.14,9.11,9.166666666666666,9.223333333333334,0.11239810200063843,0.2793607421282245,-0.8660254037844386,0.5000000000000001,-0.01975850713501648,0
CO,2006,11,8.68,2006-11-01,8.93,9.07,9.29,9.76,9.096666666666666,9.208333333333334,0.18147543451758272,0.2906054286339525,-0.5000000000000004,0.8660254037844384,-0.11065573770491799,0
CO,2006,12,8.45,2006-12-01,8.68,8.93,9.07,9.62,8.893333333333333,9.118333333333334,0.1975685535031935,0.270784494430997,-2.4492935982947064e-16,1.0,-0.1216216216216216,0
CO,2007,1,8.98,2007-01-01,8.45,8.68,8.93,9.05,8.686666666666666,9.020833333333334,0.24006943440043083,0.2840441173586758,0.49999999999999994,0.8660254037844387,-0.007734806629834279,0
CO,2007,2,9.22,2007-02-01,8.98,8.45,8.68,9.23,8.703333333333333,9.014999999999999,0.2657693235370534,0.28410945394018555,0.8660254037844386,0.5000000000000001,-0.0010834236186348933,0
CO,2007,3,9.43,2007-03-01,9.22,8.98,8.45,9.47,8.883333333333333,9.014166666666666,0.39399661589072626,0.2834353648728659,1.0,6.123233995736766e-17,-0.004223864836325308,0
CO,2007,4,9.46,2007-04-01,9.43,9.22,8.98,9.2,9.21,9.010833333333332,0.2251666049839813,0.2777657068084475,0.8660254037844387,-0.49999999999999983,0.02826086956521756,0
CO,2007,5,9.62,2007-05-01,9.46,9.43,9.22,8.98,9.37,9.0325,0.13076696830626922,0.3028688585090155,0.49999999999999994,-0.8660254037844387,0.07126948775055664,0
CO,2007,6,9.72,2007-06-01,9.62,9.46,9.43,8.76,9.503333333333334,9.085833333333333,0.10214368964036181,0.34605460245284475,1.2246467991473532e-16,-1.0,0.1095890410958904,0
CO,2007,7,9.09,2007-07-01,9.72,9.62,9.46,9.14,9.6,9.165833333333333,0.1311487704860914,0.3737392949718683,-0.4999999999999998,-0.8660254037844388,-0.005470459518599591,0
CO,2007,8,8.97,2007-08-01,9.09,9.72,9.62,9.29,9.476666666666667,9.161666666666667,0.33857544703263154,0.37433172778199153,-0.8660254037844384,-0.5000000000000004,-0.034445640473627415,0
CO,2007,9,9.17,2007-09-01,8.97,9.09,9.72,9.07,9.26,9.135,0.40286474156968827,0.375753787859707,-1.0,-1.8369701987210297e-16,0.011025358324145529,0
CO,2007,10,9.34,2007-10-01,9.17,8.97,9.09,8.93,9.076666666666668,9.143333333333333,0.1006644591369948,0.3752897870212203,-0.8660254037844386,0.5000000000000001,0.04591265397536404,0
CO,2007,11,9.35,2007-11-01,9.34,9.17,8.97,8.68,9.159999999999998,9.1775,0.1852025917745505,0.37275692786685527,-0.5000000000000004,0.8660254037844384,0.07718894009216593,0
CO,2007,12,9.01,2007-12-01,9.35,9.34,9.17,8.45,9.286666666666667,9.233333333333333,0.10115993937001402,0.3402227434365959,-2.4492935982947064e-16,1.0,0.0662721893491125,0
CO,2008,1,8.95,2008-01-01,9.01,9.35,9.34,8.98,9.233333333333333,9.280000000000001,0.19347695814578253,0.24925343072319253,0.49999999999999994,0.8660254037844387,-0.0033407572383075124,0
CO,2008,2,9.25,2008-02-01,8.95,9.01,9.35,9.22,9.103333333333333,9.2775,0.2157158624982061,0.25266308864502757,0.8660254037844386,0.5000000000000001,0.0032537960954446277,0
CO,2008,3,9.37,2008-03-01,9.25,8.95,9.01,9.43,9.07,9.28,0.1587450786639124,0.25219040425838707,1.0,6.123233995736766e-17,-0.006362672322375418,0
CO,2008,4,10.13,2008-04-01,9.37,9.25,8.95,9.46,9.19,9.275,0.21633307652786524,0.24952682493801154,0.8660254037844387,-0.49999999999999983,0.07082452431289643,0
CO,2008,5,10.4,2008-05-01,10.13,9.37,9.25,9.62,9.583333333333334,9.330833333333333,0.477214137817964,0.3495830850217762,0.49999999999999994,-0.8660254037844387,0.08108108108108114,0
CO,2008,6,10.54,2008-06-01,10.4,10.13,9.37,9.72,9.966666666666667,9.395833333333334,0.5340724045795106,0.4625120801043297,1.2246467991473532e-16,-1.0,0.08436213991769526,0
CO,2008,7,10.95,2008-07-01,10.54,10.4,10.13,9.09,10.356666666666667,9.464166666666666,0.2084066537645495,0.5641640369662626,-0.4999999999999998,-0.8660254037844388,0.20462046204620465,0
CO,2008,8,11.09,2008-08-01,10.95,10.54,10.4,8.97,10.629999999999999,9.619166666666667,0.2858321185591328,0.6928525795360134,-0.8660254037844384,-0.5000000000000004,0.23634336677814938,0
CO,2008,9,11.07,2008-09-01,11.09,10.95,10.54,9.17,10.86,9.795833333333333,0.2858321185591319,0.7774019474369743,-1.0,-1.8369701987210297e-16,0.20719738276990185,0
CO,2008,10,10.32,2008-10-01,11.07,11.09,10.95,9.34,11.036666666666667,9.954166666666666,0.07571877794400633,0.8300543063650506,-0.8660254037844386,0.5000000000000001,0.1049250535331907,0
CO,2008,11,9.97,2008-11-01,10.32,11.07,11.09,9.35,10.826666666666668,10.035833333333333,0.43890014050275183,0.8121515569862353,-0.5000000000000004,0.8660254037844384,0.06631016042780757,0
CO,2008,12,9.46,2008-12-01,9.97,10.32,11.07,9.01,10.453333333333333,10.0875,0.5619905100029166,0.7837801755826559,-2.4492935982947064e-16,1.0,0.049944506104328656,0
CO,2009,1,9.21,2009-01-01,9.46,9.97,10.32,8.95,9.916666666666666,10.125,0.4324735059322626,0.7369038422530365,0.49999999999999994,0.8660254037844387,0.02905027932960902,0
CO,2009,2,9.44,2009-02-01,9.21,9.46,9.97,9.25,9.546666666666667,10.146666666666667,0.38734136537858294,0.7022215829175054,0.8660254037844386,0.5000000000000001,0.020540540540540553,0
CO,2009,3,9.37,2009-03-01,9.44,9.21,9.46,9.37,9.370000000000001,10.1625,0.13892443989454203,0.6820173951394075,1.0,6.123233995736766e-17,0.0,0
CO,2009,4,9.54,2009-04-01,9.37,9.44,9.21,10.13,9.339999999999998,10.1625,0.1178982612255677,0.6820173951394075,0.8660254037844387,-0.49999999999999983,-0.058242843040474,0
CO,2009,5,9.68,2009-05-01,9.54,9.37,9.44,10.4,9.449999999999998,10.113333333333333,0.08544003745324771,0.7054377536270933,0.49999999999999994,-0.8660254037844387,-0.06923076923076932,0
CO,2009,6,9.93,2009-06-01,9.68,9.54,9.37,10.54,9.53,10.053333333333333,0.1552417469626406,0.7094470744989835,1.2246467991473532e-16,-1.0,-0.057874762808349134,0
CO,2009,7,10.38,2009-07-01,9.93,9.68,9.54,10.95,9.716666666666667,10.0025,0.19756855350319744,0.6930712281380188,-0.4999999999999998,-0.8660254037844388,-0.05205479452054784,0
CO,2009,8,10.4,2009-08-01,10.38,9.93,9.68,11.09,9.996666666666668,9.955,0.3547299442298975,0.6397087405431372,-0.8660254037844384,-0.5000000000000004,-0.062218214607754674,0
CO,2009,9,10.67,2009-09-01,10.4,10.38,9.93,11.07,10.236666666666666,9.897499999999999,0.26576932353706,0.5536346842787014,-1.0,-1.8369701987210297e-16,-0.03613369467028005,0
CO,2009,10,10.51,2009-10-01,10.67,10.4,10.38,10.32,10.483333333333334,9.864166666666668,0.16196707484345746,0.4843263049814486,-0.8660254037844386,0.5000000000000001,0.018410852713178327,0
CO,2009,11,10.39,2009-11-01,10.51,10.67,10.4,9.97,10.526666666666666,9.88,0.13576941236282267,0.5033162750470982,-0.5000000000000004,0.8660254037844384,0.04212637913741224,0
CO,2009,12,10.2,2009-12-01,10.39,10.51,10.67,9.46,10.523333333333333,9.915000000000001,0.1404753833714153,0.5243090691567462,-2.4492935982947064e-16,1.0,0.07822410147991521,0
CO,2010,1,10.29,2010-01-01,10.2,10.39,10.51,9.21,10.366666666666667,9.976666666666667,0.15631165450261858,0.5092299593652809,0.49999999999999994,0.8660254037844387,0.1172638436482083,0
CO,2010,2,10.56,2010-02-01,10.29,10.2,10.39,9.44,10.293333333333335,10.066666666666666,0.09504384952928706,0.45383884471220837,0.8660254037844386,0.5000000000000001,0.1186440677966103,0
CO,2010,3,10.57,2010-03-01,10.56,10.29,10.2,9.37,10.35,10.16,0.18734993995198615,0.42765746701177193,1.0,6.123233995736766e-17,0.12806830309498407,0
CO,2010,4,11.19,2010-04-01,10.57,10.56,10.29,9.54,10.473333333333334,10.26,0.15885003409929382,0.36128558333718347,0.8660254037844387,-0.49999999999999983,0.17295597484276737,0
CO,2010,5,11.48,2010-05-01,11.19,10.57,10.56,9.68,10.773333333333333,10.3975,0.3608785575970785,0.37603493551436085,0.49999999999999994,-0.8660254037844387,0.18595041322314065,0
CO,2010,6,11.89,2010-06-01,11.48,11.19,10.57,9.93,11.08,10.5475,0.4648655719667961,0.4202190986962737,1.2246467991473532e-16,-1.0,0.19738167170191345,0
CO,2010,7,11.7,2010-07-01,11.89,11.48,11.19,10.38,11.520000000000001,10.710833333333333,0.3517101079014071,0.5259875272170409,-0.4999999999999998,-0.8660254037844388,0.1271676300578033,0
CO,2010,8,11.7,2010-08-01,11.7,11.89,11.48,10.4,11.69,10.820833333333333,0.20518284528688135,0.5852032798847745,-0.8660254037844384,-0.5000000000000004,0.125,0
CO,2010,9,11.66,2010-09-01,11.7,11.7,11.89,10.67,11.763333333333334,10.929166666666667,0.10969655114612427,0.619537339594261,-1.0,-1.8369701987210297e-16,0.09278350515463929,0
CO,2010,10,10.53,2010-10-01,11.66,11.7,11.7,10.51,11.686666666666666,11.011666666666665,0.023094010768021044,0.6471873879731705,-0.8660254037844386,0.5000000000000001,0.0019029495718363432,0
CO,2010,11,10.39,2010-11-01,10.53,11.66,11.7,10.39,11.296666666666667,11.013333333333334,0.6642539674953779,0.6458022964194431,-0.5000000000000004,0.8660254037844384,0.0,0
CO,2010,12,10.26,2010-12-01,10.39,10.53,11.66,10.2,10.86,11.013333333333334,0.696347614342157,0.6458022964194431,-2.4492935982947064e-16,1.0,0.00588235294117645,0
CO,2011,1,10.37,2011-01-01,10.26,10.39,10.53,10.29,10.393333333333333,11.018333333333333,0.1350308606702325,0.6391305647423686,0.49999999999999994,0.8660254037844387,0.007774538386783325,0
CO,2011,2,10.47,2011-02-01,10.37,10.26,10.39,10.56,10.34,11.025,0.0700000000000721,0.6312109573884891,0.8660254037844386,0.5000000000000001,-0.008522727272727293,0
CO,2011,3,10.58,2011-03-01,10.47,10.37,10.26,10.57,10.366666666666667,11.0175,0.10503967504397436,0.6377392599145705,1.0,6.123233995736766e-17,0.0009460737937558861,0
CO,2011,4,11.1,2011-04-01,10.58,10.47,10.37,11.19,10.473333333333334,11.018333333333333,0.10503967504397978,0.6371075738100129,0.8660254037844387,-0.49999999999999983,-0.008042895442359255,0
CO,2011,5,11.15,2011-05-01,11.1,10.58,10.47,11.48,10.716666666666667,11.010833333333332,0.3365016097039465,0.6354305388451126,0.49999999999999994,-0.8660254037844387,-0.028745644599303177,0
CO,2011,6,11.95,2011-06-01,11.15,11.1,10.58,11.89,10.943333333333333,10.983333333333334,0.3156474826976287,0.6202394454539233,1.2246467991473532e-16,-1.0,0.005046257359125228,0
CO,2011,7,12.16,2011-07-01,11.95,11.15,11.1,11.7,11.4,10.988333333333335,0.4769696007084946,0.6284010493211314,-0.4999999999999998,-0.8660254037844388,0.0393162393162394,0
CO,2011,8,12.16,2011-08-01,12.16,11.95,11.15,11.7,11.753333333333332,11.026666666666666,0.5329477773040782,0.6870534362350896,-0.8660254037844384,-0.5000000000000004,0.0393162393162394,0
CO,2011,9,11.98,2011-09-01,12.16,12.16,11.95,11.66,12.089999999999998,11.065,0.12124355652993274,0.7389119765512866,-1.0,-1.8369701987210297e-16,0.027444253859348233,0
CO,2011,10,11.04,2011-10-01,11.98,12.16,12.16,10.53,12.1,11.091666666666667,0.10392304845426183,0.7675561375185819,-0.8660254037844386,0.5000000000000001,0.04843304843304841,0
CO,2011,11,11.01,2011-11-01,11.04,11.98,12.16,10.39,11.726666666666667,11.134166666666665,0.6014427099345029,0.7474861912173535,-0.5000000000000004,0.8660254037844384,0.059672762271414825,0
CO,2011,12,10.78,2011-12-01,11.01,11.04,11.98,10.26,11.343333333333334,11.185833333333333,0.5515735067362798,0.7119557996154537,-2.4492935982947064e-16,1.0,0.050682261208576884,0
CO,2012,1,10.61,2012-01-01,10.78,11.01,11.04,10.37,10.943333333333333,11.229166666666666,0.1422439219557561,0.6647413486507967,0.49999999999999994,0.8660254037844387,0.02314368370298947,0
CO,2012,2,10.76,2012-02-01,10.61,10.78,11.01,10.47,10.799999999999999,11.249166666666667,0.20074859899890096,0.6396797257340354,0.8660254037844386,0.5000000000000001,0.02769818529130852,0
CO,2012,3,10.84,2012-03-01,10.76,10.61,10.78,10.58,10.716666666666667,11.273333333333333,0.09291573243189057,0.6124664492975682,1.0,6.123233995736766e-17,0.02457466918714557,0
CO,2012,4,11.04,2012-04-01,10.84,10.76,10.61,11.1,10.736666666666666,11.295,0.11676186592100472,0.5898921318959479,0.8660254037844387,-0.49999999999999983,-0.005405405405405461,0
CO,2012,5,11.27,2012-05-01,11.04,10.84,10.76,11.15,10.88,11.29,0.1442220510186321,0.5919459434779658,0.49999999999999994,-0.8660254037844387,0.010762331838565009,0
CO,2012,6,12.01,2012-06-01,11.27,11.04,10.84,11.95,11.049999999999999,11.299999999999999,0.21517434791354745,0.5903773831588348,1.2246467991473532e-16,-1.0,0.00502092050209213,0
CO,2012,7,12.32,2012-07-01,12.01,11.27,11.04,12.16,11.439999999999998,11.305,0.5068530358989862,0.5966040258298486,-0.4999999999999998,-0.8660254037844388,0.013157894736842035,0
CO,2012,8,12.15,2012-08-01,12.32,12.01,11.27,12.16,11.866666666666665,11.318333333333333,0.5394750534856547,0.6188234192743867,-0.8660254037844384,-0.5000000000000004,-0.000822368421052655,0
CO,2012,9,12.11,2012-09-01,12.15,12.32,12.01,11.98,12.160000000000002,11.3175,0.155241746962647,0.6175924663930686,-1.0,-1.8369701987210297e-16,0.01085141903171949,0
CO,2012,10,11.33,2012-10-01,12.11,12.15,12.32,11.04,12.193333333333333,11.328333333333333,0.11150485789124917,0.6312589633327179,-0.8660254037844386,0.5000000000000001,0.026268115942029047,0
CO,2012,11,11.38,2012-11-01,11.33,12.11,12.15,11.01,11.863333333333335,11.3525,0.46231302526897217,0.6247344890577121,-0.5000000000000004,0.8660254037844384,0.033605812897366194,0
CO,2012,12,11.07,2012-12-01,11.38,11.33,12.11,10.78,11.606666666666667,11.383333333333333,0.4366157731156198,0.6153540493574611,-2.4492935982947064e-16,1.0,0.026901669758812696,0
CO,2013,1,11.11,2013-01-01,11.07,11.38,11.33,10.61,11.26,11.4075,0.1664331697709928,0.5948586539522112,0.49999999999999994,0.8660254037844387,0.047125353440150786,0
CO,2013,2,11.32,2013-02-01,11.11,11.07,11.38,10.76,11.186666666666667,11.449166666666668,0.1686218649326183,0.5497182473914883,0.8660254037844386,0.5000000000000001,0.052044609665427455,0
CO,2013,3,11.42,2013-03-01,11.32,11.11,11.07,10.84,11.166666666666666,11.495833333333332,0.13428824718996868,0.508088366210845,1.0,6.123233995736766e-17,0.053505535055350606,0
CO,2013,4,11.64,2013-04-01,11.42,11.32,11.11,11.04,11.283333333333331,11.544166666666667,0.15821925715080756,0.4658610470424982,0.8660254037844387,-0.49999999999999983,0.05434782608695676,0
CO,2013,5,11.65,2013-05-01,11.64,11.42,11.32,11.27,11.459999999999999,11.594166666666666,0.163707055437507,0.4382083010983844,0.49999999999999994,-0.8660254037844387,0.03371783496007108,0
CO,2013,6,12.49,2013-06-01,11.65,11.64,11.42,12.01,11.57,11.625833333333333,0.13000000000006942,0.4262192848615554,1.2246467991473532e-16,-1.0,0.03996669442131551,0
CO,2013,7,12.87,2013-07-01,12.49,11.65,11.64,12.32,11.926666666666668,11.665833333333333,0.48788659884582486,0.4841385664406094,-0.4999999999999998,-0.8660254037844388,0.044642857142856984,0
CO,2013,8,12.63,2013-08-01,12.87,12.49,11.65,12.15,12.336666666666666,11.711666666666666,0.6242862591258441,0.5701010011525746,-0.8660254037844384,-0.5000000000000004,0.039506172839506304,0
CO,2013,9,12.65,2013-09-01,12.63,12.87,12.49,12.11,12.663333333333334,11.751666666666665,0.19218047073866895,0.6184413448094435,-1.0,-1.8369701987210297e-16,0.044591246903385784,0
CO,2013,10,11.84,2013-10-01,12.65,12.63,12.87,11.33,12.716666666666667,11.796666666666667,0.13316656236959695,0.664794340493006,-0.8660254037844386,0.5000000000000001,0.04501323918799649,0
CO,2013,11,11.66,2013-11-01,11.84,12.65,12.63,11.38,12.373333333333335,11.839166666666666,0.4619884558442357,0.6483469656586689,-0.5000000000000004,0.8660254037844384,0.024604569420035194,0
CO,2013,12,11.46,2013-12-01,11.66,11.84,12.65,11.07,12.049999999999999,11.862499999999999,0.5273518749374208,0.6352254431588669,-2.4492935982947064e-16,1.0,0.035230352303523116,0
CO,2014,1,11.46,2014-01-01,11.46,11.66,11.84,11.11,11.653333333333334,11.895000000000001,0.1900876990584951,0.5999924241946092,0.49999999999999994,0.8660254037844387,0.03150315031503159,0
CO,2014,2,11.69,2014-02-01,11.46,11.46,11.66,11.32,11.526666666666666,11.924166666666666,0.11547005383802034,0.5659016672264814,0.8660254037844386,0.5000000000000001,0.032685512367491176,0
CO,2014,3,11.71,2014-03-01,11.69,11.46,11.46,11.42,11.536666666666667,11.955,0.1327905619136957,0.5394525844864448,1.0,6.123233995736766e-17,0.02539404553415059,0
CO,2014,4,12.11,2014-04-01,11.71,11.69,11.46,11.64,11.62,11.979166666666666,0.13892443989457168,0.5194307781921929,0.8660254037844387,-0.49999999999999983,0.04037800687285209,0
CO,2014,5,12.14,2014-05-01,12.11,11.71,11.69,11.65,11.836666666666668,12.018333333333333,0.23692474191892568,0.5091496178269672,0.49999999999999994,-0.8660254037844387,0.04206008583690979,0
CO,2014,6,13.06,2014-06-01,12.14,12.11,11.71,12.49,11.986666666666666,12.059166666666664,0.24006943440043851,0.496413653268651,1.2246467991473532e-16,-1.0,0.04563650920736584,1
CO,2014,7,13.14,2014-07-01,13.06,12.14,12.11,12.87,12.436666666666667,12.106666666666667,0.5400308633155491,0.5640492134127378,-0.4999999999999998,-0.8660254037844388,0.020979020979021046,1
CO,2014,8,12.89,2014-08-01,13.14,13.06,12.14,12.63,12.780000000000001,12.129166666666668,0.5556977595779883,0.6014143683220875,-0.8660254037844384,-0.5000000000000004,0.02058590657165471,0
CO,2014,9,12.78,2014-09-01,12.89,13.14,13.06,12.65,13.030000000000001,12.150833333333333,0.1276714533479974,0.6253065914680144,-1.0,-1.8369701987210297e-16,0.010276679841897174,0
CO,2014,10,11.81,2014-10-01,12.78,12.89,13.14,11.84,12.936666666666667,12.161666666666667,0.18448125469360152,0.6357791688276396,-0.8660254037844386,0.5000000000000001,-0.0025337837837837718,0
CO,2014,11,11.64,2014-11-01,11.81,12.78,12.89,11.66,12.493333333333332,12.159166666666666,0.5943343615620211,0.6372163658991423,-0.5000000000000004,0.8660254037844384,-0.0017152658662091813,0
CO,2014,12,11.47,2014-12-01,11.64,11.81,12.78,11.46,12.076666666666666,12.1575,0.6150067750304422,0.6386651562581088,-2.4492935982947064e-16,1.0,0.0008726003490400203,0
CO,2015,1,11.52,2015-01-01,11.47,11.64,11.81,11.46,11.64,12.158333333333333,0.1700000000000668,0.6376780797027181,0.49999999999999994,0.8660254037844387,0.005235602094240788,0
CO,2015,2,11.89,2015-02-01,11.52,11.47,11.64,11.69,11.543333333333331,12.163333333333332,0.08736894948068247,0.6319138798247468,0.8660254037844386,0.5000000000000001,0.017108639863131048,0
CO,2015,3,11.93,2015-03-01,11.89,11.52,11.47,11.71,11.626666666666665,12.18,0.22941955743431372,0.6208352145588846,1.0,6.123233995736766e-17,0.018787361229718025,0
CO,2015,4,12.14,2015-04-01,11.93,11.89,11.52,12.11,11.780000000000001,12.198333333333336,0.22605309110919025,0.6088264916786305,0.8660254037844387,-0.49999999999999983,0.0024772914946327163,0
CO,2015,5,12.1,2015-05-01,12.14,11.93,11.89,12.14,11.986666666666666,12.200833333333334,0.13428824718994922,0.6084922996948205,0.49999999999999994,-0.8660254037844387,-0.0032948929159802853,0
CO,2015,6,12.57,2015-06-01,12.1,12.14,11.93,13.06,12.056666666666667,12.1975,0.11150485789124828,0.6089652176960921,1.2246467991473532e-16,-1.0,-0.03751914241960186,0
CO,2015,7,12.71,2015-07-01,12.57,12.1,12.14,13.14,12.270000000000001,12.156666666666668,0.26057628441592523,0.5603624368264467,-0.4999999999999998,-0.8660254037844388,-0.032724505327245024,0
CO,2015,8,12.58,2015-08-01,12.71,12.57,12.1,12.89,12.46,12.120833333333332,0.319530906173417,0.5025292091616359,-0.8660254037844384,-0.5000000000000004,-0.024049650892164487,0
CO,2015,9,12.57,2015-09-01,12.58,12.71,12.57,12.78,12.62,12.095,0.07810249675907385,0.466037454600939,-1.0,-1.8369701987210297e-16,-0.016431924882629012,0
CO,2015,10,11.88,2015-10-01,12.57,12.58,12.71,11.81,12.62,12.0775,0.07810249675907385,0.44126110596377854,-0.8660254037844386,0.5000000000000001,0.00592718035563089,0
CO,2015,11,11.72,2015-11-01,11.88,12.57,12.58,11.64,12.343333333333334,12.083333333333334,0.4012895878705805,0.4378528879831271,-0.5000000000000004,0.8660254037844384,0.0068728522336769515,0
CO,2015,12,11.6,2015-12-01,11.72,11.88,12.57,11.47,12.056666666666667,12.089999999999998,0.4517004907384395,0.43104524124506155,-2.4492935982947064e-16,1.0,0.011333914559720881,0
CO,2016,1,11.15,2016-01-01,11.6,11.72,11.88,11.52,11.733333333333334,12.100833333333334,0.14047538337144838,0.4153959410957229,0.49999999999999994,0.8660254037844387,-0.03211805555555547,0
CO,2016,2,11.44,2016-02-01,11.15,11.6,11.72,11.89,11.49,12.07,0.30049958402637955,0.472267258696151,0.8660254037844386,0.5000000000000001,-0.03784693019343999,0
CO,2016,3,11.4,2016-03-01,11.44,11.15,11.6,11.93,11.396666666666667,12.032499999999999,0.2281081614790718,0.5046173167496835,1.0,6.123233995736766e-17,-0.04442581726739303,0
CO,2016,4,11.82,2016-04-01,11.4,11.44,11.15,12.14,11.329999999999998,11.988333333333332,0.15716233645511407,0.5365857270038561,0.8660254037844387,-0.49999999999999983,-0.02635914332784184,0
CO,2016,5,11.69,2016-05-01,11.82,11.4,11.44,12.1,11.553333333333333,11.961666666666668,0.23180451534290555,0.5363145843004344,0.49999999999999994,-0.8660254037844387,-0.03388429752066113,0
CO,2016,6,12.59,2016-06-01,11.69,11.82,11.4,12.57,11.636666666666668,11.927500000000002,0.21501937897165815,0.5397495210322657,1.2246467991473532e-16,-1.0,0.0015910898965791898,0
CO,2016,7,12.46,2016-07-01,12.59,11.69,11.82,12.71,12.033333333333333,11.929166666666665,0.48644972333566966,0.5419402572463659,-0.4999999999999998,-0.8660254037844388,-0.019669551534225005,0
CO,2016,8,12.83,2016-08-01,12.46,12.59,11.69,12.58,12.246666666666668,11.908333333333333,0.486449723335665,0.5132398576836822,-0.8660254037844384,-0.5000000000000004,0.019872813990461147,0
CO,2016,9,12.84,2016-09-01,12.83,12.46,12.59,12.57,12.626666666666667,11.929166666666667,0.18770544300401873,0.5469495295535068,-1.0,-1.8369701987210297e-16,0.021479713603818507,0
CO,2016,10,12.1,2016-10-01,12.84,12.83,12.46,11.88,12.709999999999999,11.951666666666668,0.21656407827707533,0.5802481182975892,-0.8660254037844386,0.5000000000000001,0.01851851851851838,0
CO,2016,11,12.27,2016-11-01,12.1,12.84,12.83,11.72,12.589999999999998,11.97,0.42438190347846305,0.5812525659767529,-0.5000000000000004,0.8660254037844384,0.04692832764505117,0
CO,2016,12,11.88,2016-12-01,12.27,12.1,12.84,11.6,12.403333333333334,12.015833333333333,0.3875994496040249,0.5814317490367139,-2.4492935982947064e-16,1.0,0.024137931034482918,0
CO,2017,1,11.61,2017-01-01,11.88,12.27,12.1,11.15,12.083333333333334,12.039166666666667,0.19553345834755168,0.5687060006290844,0.49999999999999994,0.8660254037844387,0.041255605381165905,0
CO,2017,2,11.96,2017-02-01,11.61,11.88,12.27,11.44,11.92,12.0775,0.33181320046078033,0.5164234520412434,0.8660254037844386,0.5000000000000001,0.045454545454545636,0
CO,2017,3,11.94,2017-03-01,11.96,11.61,11.88,11.4,11.816666666666668,12.120833333333335,0.1833939293797996,0.4784911575763962,1.0,6.123233995736766e-17,0.047368421052631504,0
CO,2017,4,11.96,2017-04-01,11.94,11.96,11.61,11.82,11.836666666666666,12.165833333333333,0.19655363983748106,0.42717801980681513,0.8660254037844387,-0.49999999999999983,0.011844331641285955,0
CO,2017,5,11.9,2017-05-01,11.96,11.94,11.96,11.69,11.953333333333333,12.1775,0.011547005384883603,0.4187019986056605,0.49999999999999994,-0.8660254037844387,0.017964071856287456,0
CO,2017,6,12.76,2017-06-01,11.9,11.96,11.94,12.59,11.933333333333332,12.195,0.030550504633461283,0.40046563806741,1.2246467991473532e-16,-1.0,0.01350277998411431,0
CO,2017,7,12.46,2017-07-01,12.76,11.9,11.96,12.46,12.206666666666669,12.209166666666667,0.48013886880083945,0.418318241910584,-0.4999999999999998,-0.8660254037844388,0.0,0
CO,2017,8,12.46,2017-08-01,12.46,12.76,11.9,12.83,12.373333333333335,12.209166666666668,0.4365012409299024,0.418318241910584,-0.8660254037844384,-0.5000000000000004,-0.02883865939204977,0
CO,2017,9,12.71,2017-09-01,12.46,12.46,12.76,12.84,12.56,12.178333333333333,0.17320508075690424,0.3803068936179624,-1.0,-1.8369701987210297e-16,-0.010124610591900285,0
CO,2017,10,12.07,2017-10-01,12.71,12.46,12.46,12.1,12.543333333333335,12.167499999999999,0.1443375672974286,0.3611125485597029,-0.8660254037844386,0.5000000000000001,-0.0024793388429751317,0
CO,2017,11,12.11,2017-11-01,12.07,12.71,12.46,12.27,12.413333333333334,12.165,0.3225419869309184,0.361725661994647,-0.5000000000000004,0.8660254037844384,-0.013039934800326058,0
CO,2017,12,11.8,2017-12-01,12.11,12.07,12.71,11.88,12.296666666666667,12.151666666666666,0.35851545759332215,0.3604500553811218,-2.4492935982947064e-16,1.0,-0.006734006734006703,0
CO,2018,1,11.62,2018-01-01,11.8,12.11,12.07,11.61,11.993333333333334,12.145000000000001,0.16862186493263404,0.3666184541305885,0.49999999999999994,0.8660254037844387,0.0008613264427217437,0
CO,2018,2,11.79,2018-02-01,11.62,11.8,12.11,11.96,11.843333333333334,12.145833333333334,0.24785748593368043,0.3653008307815744,0.8660254037844386,0.5000000000000001,-0.014214046822742632,0
CO,2018,3,11.75,2018-03-01,11.79,11.62,11.8,11.94,11.736666666666666,12.131666666666668,0.10115993937012965,0.376293727953286,1.0,6.123233995736766e-17,-0.015912897822445538,0
CO,2018,4,12.05,2018-04-01,11.75,11.79,11.62,11.96,11.719999999999999,12.115833333333335,0.08888194417335515,0.38887853521572424,0.8660254037844387,-0.49999999999999983,0.007525083612040184,0
CO,2018,5,11.94,2018-05-01,12.05,11.75,11.79,11.9,11.863333333333335,12.123333333333333,0.16289055630503493,0.3864602374779677,0.49999999999999994,-0.8660254037844387,0.003361344537815114,0
CO,2018,6,12.26,2018-06-01,11.94,12.05,11.75,12.76,11.913333333333334,12.126666666666665,0.15176736583785633,0.38452646990892325,1.2246467991473532e-16,-1.0,-0.039184952978056464,0
CO,2018,7,12.64,2018-07-01,12.26,11.94,12.05,12.46,12.083333333333334,12.085,0.16258331197682976,0.33334393922523126,-0.4999999999999998,-0.8660254037844388,0.014446227929374,0
CO,2018,8,12.43,2018-08-01,12.64,12.26,11.94,12.46,12.280000000000001,12.1,0.3504283093587251,0.35509281757157746,-0.8660254037844384,-0.5000000000000004,-0.0024077046548957037,0
CO,2018,9,12.53,2018-09-01,12.43,12.64,12.26,12.71,12.443333333333333,12.097500000000002,0.19035055380360938,0.35242342817594463,-1.0,-1.8369701987210297e-16,-0.014162077104642123,0
CO,2018,10,12.3,2018-10-01,12.53,12.43,12.64,12.07,12.533333333333333,12.082500000000001,0.10503967504394178,0.32688961161503877,-0.8660254037844386,0.5000000000000001,0.0190555095277547,0
CO,2018,11,12.18,2018-11-01,12.3,12.53,12.43,12.11,12.42,12.101666666666667,0.11532562594674366,0.33277984350383444,-0.5000000000000004,0.8660254037844384,0.005780346820809301,0
CO,2018,12,11.98,2018-12-01,12.18,12.3,12.53,11.8,12.336666666666666,12.1075,0.1778576209594209,0.33355182233324754,-2.4492935982947064e-16,1.0,0.015254237288135464,0
CO,2019,1,11.91,2019-01-01,11.98,12.18,12.3,11.62,12.153333333333334,12.122500000000002,0.16165807537315421,0.3223246528241265,0.49999999999999994,0.8660254037844387,0.02495697074010339,0
CO,2019,2,12.05,2019-02-01,11.91,11.98,12.18,11.79,12.023333333333333,12.146666666666668,0.14011899704664368,0.2905272114726463,0.8660254037844386,0.5000000000000001,0.022052586938083207,0
CO,2019,3,12.07,2019-03-01,12.05,11.91,11.98,11.75,11.980000000000002,12.168333333333331,0.07000000000018358,0.27051578120102066,1.0,6.123233995736766e-17,0.027234042553191617,0
CO,2019,4,12.02,2019-04-01,12.07,12.05,11.91,12.05,12.01,12.194999999999999,0.08717797887095471,0.23952604716969148,0.8660254037844387,-0.49999999999999983,-0.0024896265560166997,0
CO,2019,5,11.92,2019-05-01,12.02,12.07,12.05,11.94,12.046666666666667,12.1925,0.025166114784699257,0.24132682479087655,0.49999999999999994,-0.8660254037844387,-0.0016750418760468344,0
CO,2019,6,12.7,2019-06-01,11.92,12.02,12.07,12.26,12.003333333333332,12.190833333333336,0.07637626158276109,0.2432902618584673,1.2246467991473532e-16,-1.0,0.03588907014681886,0
CO,2019,7,12.58,2019-07-01,12.7,11.92,12.02,12.64,12.213333333333333,12.2275,0.4244211744639389,0.28435333334045415,-0.4999999999999998,-0.8660254037844388,-0.004746835443038,0
CO,2019,8,12.56,2019-08-01,12.58,12.7,11.92,12.43,12.4,12.222500000000002,0.42000000000001,0.2768696772523628,-0.8660254037844384,-0.5000000000000004,0.01045856798069189,0
CO,2019,9,12.8,2019-09-01,12.56,12.58,12.7,12.53,12.613333333333335,12.233333333333333,0.07571877794400556,0.2880446093397794,-1.0,-1.8369701987210297e-16,0.021548284118116712,0
CO,2019,10,11.91,2019-10-01,12.8,12.56,12.58,12.3,12.646666666666667,12.255833333333333,0.1331665623695852,0.3218824837317838,-0.8660254037844386,0.5000000000000001,-0.03170731707317076,0
CO,2019,11,11.72,2019-11-01,11.91,12.8,12.56,12.18,12.423333333333334,12.223333333333334,0.4604707735930046,0.3363800159812181,-0.5000000000000004,0.8660254037844384,-0.0377668308702791,0
CO,2019,12,11.52,2019-12-01,11.72,11.91,12.8,11.98,12.143333333333333,12.185,0.5765703195043508,0.3666184541305868,-2.4492935982947064e-16,1.0,-0.038397328881469184,0
CO,2020,1,11.73,2020-01-01,11.52,11.72,11.91,11.91,11.716666666666667,12.146666666666668,0.19502136635087805,0.41132454192266477,0.49999999999999994,0.8660254037844387,-0.015113350125944613,0
CO,2020,2,11.87,2020-02-01,11.73,11.52,11.72,12.05,11.656666666666666,12.131666666666666,0.11846237095958068,0.4238317276152706,0.8660254037844386,0.5000000000000001,-0.014937759336099754,0
CO,2020,3,12.01,2020-03-01,11.87,11.73,11.52,12.07,11.706666666666669,12.116666666666667,0.17616280348973715,0.4301233086058841,1.0,6.123233995736766e-17,-0.004971002485501308,0
CO,2020,4,12.05,2020-04-01,12.01,11.87,11.73,12.02,11.87,12.111666666666665,0.1400000000000911,0.4310628162056705,0.8660254037844387,-0.49999999999999983,0.0024958402662229595,0
CO,2020,5,11.93,2020-05-01,12.05,12.01,11.87,11.92,11.976666666666667,12.114166666666668,0.09451631252517054,0.4305695664061309,0.49999999999999994,-0.8660254037844387,0.0008389261744965459,0
CO,2020,6,12.82,2020-06-01,11.93,12.05,12.01,12.7,11.996666666666668,12.115,0.06110100926625504,0.4301690999426465,1.2246467991473532e-16,-1.0,0.009448818897637823,0
CO,2020,7,12.69,2020-07-01,12.82,11.93,12.05,12.58,12.266666666666667,12.125,0.4829423706130434,0.44610434979845554,-0.4999999999999998,-0.8660254037844388,0.008744038155802825,0
CO,2020,8,12.71,2020-08-01,12.69,12.82,11.93,12.56,12.479999999999999,12.134166666666667,0.48072861366888225,0.4572935864873198,-0.8660254037844384,-0.5000000000000004,0.01194267515923575,0
CO,2020,9,13.07,2020-09-01,12.71,12.69,12.82,12.8,12.74,12.146666666666668,0.06999999999997537,0.4718114672261283,-1.0,-1.8369701987210297e-16,0.02109374999999991,1
CO,2020,10,12.41,2020-10-01,13.07,12.71,12.69,11.91,12.823333333333332,12.169166666666667,0.21385353243125785,0.5106405662291224,-0.8660254037844386,0.5000000000000001,0.0419815281276239,0
CO,2020,11,12.38,2020-11-01,12.41,13.07,12.71,11.72,12.729999999999999,12.210833333333333,0.3304542328371619,0.5079631041242315,-0.5000000000000004,0.8660254037844384,0.056313993174061494,0
CO,2020,12,12.16,2020-12-01,12.38,12.41,13.07,11.52,12.62,12.265833333333333,0.3900000000000018,0.485207703104066,-2.4492935982947064e-16,1.0,0.05555555555555558,0
CO,2021,1,12.07,2021-01-01,12.16,12.38,12.41,11.73,12.316666666666668,12.319166666666666,0.13650396819633873,0.4275183852151584,0.49999999999999994,0.8660254037844387,0.02898550724637672,0
CO,2021,2,12.54,2021-02-01,12.07,12.16,12.38,11.87,12.203333333333333,12.347500000000002,0.15947831618546687,0.3949482129458204,0.8660254037844386,0.5000000000000001,0.05644481887110353,0
CO,2021,3,12.26,2021-03-01,12.54,12.07,12.16,12.01,12.256666666666666,12.403333333333334,0.2494660965609339,0.3677284900905111,1.0,6.123233995736766e-17,0.020815986677768628,0
CO,2021,4,12.46,2021-04-01,12.26,12.54,12.07,12.05,12.290000000000001,12.424166666666666,0.2364318083507685,0.35007683139389856,0.8660254037844387,-0.49999999999999983,0.03402489626556027,0
CO,2021,5,12.53,2021-05-01,12.46,12.26,12.54,11.93,12.420000000000002,12.458333333333334,0.14422205101859226,0.32965087133162607,0.49999999999999994,-0.8660254037844387,0.050293378038558156,0
CO,2021,6,13.07,2021-06-01,12.53,12.46,12.26,12.82,12.416666666666666,12.508333333333333,0.14011899704659245,0.28466354408904426,1.2246467991473532e-16,-1.0,0.01950078003120126,1
CO,2021,7,13.39,2021-07-01,13.07,12.53,12.46,12.69,12.686666666666667,12.529166666666667,0.3338163167571833,0.3168727399656441,-0.4999999999999998,-0.8660254037844388,0.05516154452324673,1
CO,2021,8,13.5,2021-08-01,13.39,13.07,12.53,12.71,12.996666666666668,12.5875,0.43466462167206704,0.4021335146892926,-0.8660254037844384,-0.5000000000000004,0.06215578284815093,1
CO,2021,9,13.82,2021-09-01,13.5,13.39,13.07,13.07,13.32,12.653333333333334,0.22338307903683233,0.4809523380909479,-1.0,-1.8369701987210297e-16,0.05738332058148421,1
CO,2021,10,13.73,2021-10-01,13.82,13.5,13.39,12.41,13.57,12.715833333333334,0.22338307903681195,0.5787990439982857,-0.8660254037844386,0.5000000000000001,0.10636583400483479,1
CO,2021,11,13.77,2021-11-01,13.73,13.82,13.5,12.38,13.683333333333332,12.825833333333334,0.16502525059304068,0.637815281514426,-0.5000000000000004,0.8660254037844384,0.1122778675282714,1
CO,2021,12,13.51,2021-12-01,13.77,13.73,13.82,12.16,13.773333333333333,12.941666666666668,0.04509249752777476,0.6746424417737252,-2.4492935982947064e-16,1.0,0.11101973684210531,1
CO,2022,1,13.52,2022-01-01,13.51,13.77,13.73,12.07,13.67,13.054166666666665,0.13999999999986723,0.6443242878231232,0.49999999999999994,0.8660254037844387,0.12013256006627993,1
CO,2022,2,13.54,2022-02-01,13.52,13.51,13.77,12.54,13.6,13.174999999999999,0.14730919862644493,0.5752390807307721,0.8660254037844386,0.5000000000000001,0.0797448165869219,1
CO,2022,3,13.53,2022-03-01,13.54,13.52,13.51,12.26,13.523333333333332,13.258333333333333,0.01527525231548058,0.5466066116310427,1.0,6.123233995736766e-17,0.10358890701468182,1
CO,2022,4,13.71,2022-04-01,13.53,13.54,13.52,12.46,13.53,13.364166666666668,0.009999999998400334,0.45018094005394993,0.8660254037844387,-0.49999999999999983,0.1003210272873194,1
CO,2022,5,13.67,2022-05-01,13.71,13.53,13.54,12.53,13.593333333333334,13.468333333333334,0.10115993936978766,0.3569016501485598,0.49999999999999994,-0.8660254037844387,0.0909816440542699,1
CO,2022,6,14.29,2022-06-01,13.67,13.71,13.53,13.07,13.636666666666665,13.563333333333333,0.09451631252486217,0.20294797064236322,1.2246467991473532e-16,-1.0,0.09334353481254776,1
CO,2022,7,14.42,2022-07-01,14.29,13.67,13.71,13.39,13.89,13.665000000000001,0.34698703145788296,0.23620099299300512,-0.4999999999999998,-0.8660254037844388,0.07692307692307687,1
CO,2022,8,14.74,2022-08-01,14.42,14.29,13.67,13.5,14.126666666666665,13.750833333333333,0.40079088479315306,0.3044655028475528,-0.8660254037844384,-0.5000000000000004,0.09185185185185185,1
CO,2022,9,15.0,2022-09-01,14.74,14.42,14.29,13.82,14.483333333333334,13.854166666666666,0.23158871590227678,0.40531600092524006,-1.0,-1.8369701987210297e-16,0.08538350217076696,1
CO,2022,10,14.8,2022-10-01,15.0,14.74,14.42,13.73,14.719999999999999,13.9525,0.2905167809265476,0.5224787946979833,-0.8660254037844386,0.5000000000000001,0.07793153678077203,1
CO,2022,11,14.55,2022-11-01,14.8,15.0,14.74,13.77,14.846666666666666,14.041666666666666,0.13613718571078448,0.5701807262667035,-0.5000000000000004,0.8660254037844384,0.056644880174292034,1
CO,2022,12,14.15,2022-12-01,14.55,14.8,15.0,13.51,14.783333333333333,14.106666666666667,0.22546248764096968,0.5807570816432214,-2.4492935982947064e-16,1.0,0.04737231680236875,1
CO,2023,1,14.11,2023-01-01,14.15,14.55,14.8,13.52,14.5,14.160000000000002,0.3278719262149927,0.5495287237094896,0.49999999999999994,0.8660254037844387,0.043639053254437954,1
CO,2023,2,14.23,2023-02-01,14.11,14.15,14.55,13.54,14.270000000000001,14.209166666666667,0.24331050121179876,0.5121870811144765,0.8660254037844386,0.5000000000000001,0.05096011816839008,1
CO,2023,3,13.8,2023-03-01,14.23,14.11,14.15,13.53,14.163333333333334,14.266666666666667,0.06110100926558505,0.4669695986470277,1.0,6.123233995736766e-17,0.019955654101995624,1
CO,2023,4,13.53,2023-04-01,13.8,14.23,14.11,13.71,14.046666666666667,14.289166666666667,0.2218858565417727,0.433557343031956,0.8660254037844387,-0.49999999999999983,-0.013129102844639085,1
CO,2023,5,14.34,2023-05-01,13.53,13.8,14.23,13.67,13.853333333333333,14.274166666666666,0.35303446479526884,0.4578498827688777,0.49999999999999994,-0.8660254037844387,0.049012435991221626,1
CO,2023,6,14.63,2023-06-01,14.34,13.53,13.8,14.29,13.89,14.33,0.41243181254596156,0.41645691690296405,1.2246467991473532e-16,-1.0,0.023792862141357674,1
CO,2023,7,14.14,2023-07-01,14.63,14.34,13.53,14.42,14.166666666666666,14.358333333333333,0.5701169470672434,0.42496702189337915,-0.4999999999999998,-0.8660254037844388,-0.01941747572815533,1
CO,2023,8,14.45,2023-08-01,14.14,14.63,14.34,14.74,14.37,14.335,0.2463736998949663,0.4289416150140572,-0.8660254037844384,-0.5000000000000004,-0.019674355495251095,1
CO,2023,9,15.03,2023-09-01,14.45,14.14,14.63,15.0,14.406666666666666,14.310833333333333,0.24785748593348367,0.4118794689829247,-1.0,-1.8369701987210297e-16,0.0020000000000000018,1
CO,2023,10,14.5,2023-10-01,15.03,14.45,14.14,14.8,14.54,14.313333333333333,0.45177427992298225,0.4165078485199851,-0.8660254037844386,0.5000000000000001,-0.020270270270270285,1
CO,2023,11,14.58,2023-11-01,14.5,15.03,14.45,14.55,14.659999999999998,14.288333333333334,0.32140317359964854,0.3929800673485779,-0.5000000000000004,0.8660254037844384,0.0020618556701030855,1
CO,2023,12,14.18,2023-12-01,14.58,14.5,15.03,14.15,14.703333333333333,14.290833333333333,0.28571547618786397,0.39488682690179155,-2.4492935982947064e-16,1.0,0.0021201413427560656,1
CO,2024,1,14.22,2024-01-01,14.18,14.58,14.5,14.11,14.42,14.293333333333331,0.21166010488501164,0.394008152507513,0.49999999999999994,0.8660254037844387,0.007795889440113557,1
CO,2024,2,14.48,2024-02-01,14.22,14.18,14.58,14.23,14.326666666666668,14.3025,0.22030282189130154,0.3906201363333054,0.8660254037844386,0.5000000000000001,0.017568517217146917,1
CO,2024,3,14.41,2024-03-01,14.48,14.22,14.18,13.8,14.293333333333335,14.323333333333332,0.16289055630475255,0.3930610254107223,1.0,6.123233995736766e-17,0.04420289855072457,1
CO,2024,4,14.49,2024-04-01,14.41,14.48,14.22,13.53,14.37,14.374166666666667,0.13453624047049736,0.35701943754904514,0.8660254037844387,-0.49999999999999983,0.07095343680709543,1
CO,2024,5,14.52,2024-05-01,14.49,14.41,14.48,14.34,14.46,14.454166666666667,0.043588989434627044,0.23857372915386177,0.49999999999999994,-0.8660254037844387,0.012552301255230214,1
CO,2024,6,14.96,2024-06-01,14.52,14.49,14.41,14.63,14.473333333333334,14.469166666666666,0.056862407030170425,0.23639175240692348,1.2246467991473532e-16,-1.0,0.022556390977443552,1
CO,2024,7,15.22,2024-07-01,14.96,14.52,14.49,14.14,14.656666666666666,14.496666666666668,0.2631222782914012,0.27314110017720816,-0.4999999999999998,-0.8660254037844388,0.07637906647807635,1
CO,2024,8,15.43,2024-08-01,15.22,14.96,14.52,14.45,14.9,14.586666666666666,0.3538361202589625,0.3190136313226289,-0.8660254037844384,-0.5000000000000004,0.06782006920415218,1
CO,2024,9,15.57,2024-09-01,15.43,15.22,14.96,15.03,15.203333333333333,14.668333333333335,0.23544284515193153,0.3968016067904293,-1.0,-1.8369701987210297e-16,0.03592814371257491,1
CO,2024,10,15.26,2024-10-01,15.57,15.43,15.22,14.5,15.406666666666666,14.713333333333333,0.17616280348935626,0.46611222474910097,-0.8660254037844386,0.5000000000000001,0.05241379310344829,1
CO,2024,11,14.9,2024-11-01,15.26,15.57,15.43,14.58,15.42,14.776666666666666,0.15524174696226514,0.4857109752878769,-0.5000000000000004,0.8660254037844384,0.021947873799725626,1
CO,2024,12,15.1,2024-12-01,14.9,15.26,15.57,14.18,15.243333333333334,14.803333333333333,0.3353108010983779,0.4827070132140293,-2.4492935982947064e-16,1.0,0.06488011283497874,1
CO,2025,1,14.93,2025-01-01,15.1,14.9,15.26,14.22,15.086666666666666,14.88,0.18036999011266253,0.44639973932863575,0.49999999999999994,0.8660254037844387,0.04992967651195501,1
CO,2025,2,15.08,2025-02-01,14.93,15.1,14.9,14.48,14.976666666666667,14.939166666666667,0.1078579312486877,0.39507095641923096,0.8660254037844386,0.5000000000000001,0.04143646408839774,1
CO,2025,3,15.04,2025-03-01,15.08,14.93,15.1,14.41,15.036666666666667,14.989166666666668,0.0929157324312954,0.3687684253228517,1.0,6.123233995736766e-17,0.04371963913948629,1
CO,2025,4,15.5,2025-04-01,15.04,15.08,14.93,14.49,15.016666666666666,15.041666666666666,0.0776745346509714,0.32050622837034726,0.8660254037844387,-0.49999999999999983,0.06970324361628699,1
CO,2025,5,15.58,2025-05-01,15.5,15.04,15.08,14.52,15.206666666666665,15.125833333333333,0.25482019804802736,0.2939838688626568,0.49999999999999994,-0.8660254037844387,0.07300275482093666,1
CO,2025,6,16.04,2025-06-01,15.58,15.5,15.04,14.96,15.373333333333333,15.214166666666666,0.2914332399250776,0.25159340695690097,1.2246467991473532e-16,-1.0,0.0721925133689838,1
CO,2025,7,15.99,2025-07-01,16.04,15.58,15.5,15.22,15.706666666666665,15.304166666666667,0.29143323992504894,0.33255097581436693,-0.4999999999999998,-0.8660254037844388,0.050591327201051195,1
CO,2025,8,16.37,2025-08-01,15.99,16.04,15.58,15.43,15.87,15.368333333333332,0.25238858928222185,0.38498720954739035,-0.8660254037844384,-0.5000000000000004,0.060920285158781784,1
CO,2025,9,16.7,2025-09-01,16.37,15.99,16.04,15.57,16.133333333333333,15.446666666666665,0.20647840887897265,0.4820662597484002,-1.0,-1.8369701987210297e-16,0.07257546563904937,1
CO,2025,10,16.26,2025-10-01,16.7,16.37,15.99,15.26,16.353333333333335,15.540833333333333,0.3552933060630089,0.6034364971233818,-0.8660254037844386,0.5000000000000001,0.06553079947575369,1
CO,2025,11,16.35,2025-11-01,16.26,16.7,16.37,14.9,16.44333333333333,15.624166666666667,0.22898325994093835,0.6296096674394882,-0.5000000000000004,0.8660254037844384,0.09731543624161088,1
CO,2025,12,16.12,2025-12-01,16.35,16.26,16.7,15.1,16.436666666666667,15.745,0.23245071162115089,0.6170089140360351,-2.4492935982947064e-16,1.0,0.06754966887417235,1
CO,2026,1,16.44,2026-01-01,16.12,16.35,16.26,14.93,16.243333333333336,15.83,0.1159022576707908,0.5897302927455428,0.49999999999999994,0.8660254037844387,0.10113864701942399,1
CO,2026,2,16.79,2026-02-01,16.44,16.12,16.35,15.08,16.303333333333335,15.955833333333333,0.16502525059270146,0.5391653201237678,0.8660254037844386,0.5000000000000001,0.11339522546419101,1
CO,2026,3,16.74,2026-03-01,16.79,16.44,16.12,15.04,16.45,16.098333333333333,0.33511192160208797,0.5119274333043858,1.0,6.123233995736766e-17,0.11303191489361697,1
IL,2002,1,7.53,2002-01-01,7.93,8.05,8.78,7.53,8.253333333333332,8.690833333333334,0.4600362304572739,0.655403530566313,0.49999999999999994,0.8660254037844387,0.0,0
IL,2002,2,8.02,2002-02-01,7.53,7.93,8.05,8.25,7.836666666666667,8.690833333333334,0.27227437142217675,0.655403530566313,0.8660254037844386,0.5000000000000001,-0.027878787878787947,0
IL,2002,3,8.03,2002-03-01,8.02,7.53,7.93,8.33,7.826666666666667,8.671666666666667,0.26083200212654384,0.6726046161728076,1.0,6.123233995736766e-17,-0.03601440576230497,0
IL,2002,4,8.31,2002-04-01,8.03,8.02,7.53,8.81,7.859999999999999,8.646666666666667,0.28583211855914253,0.6917610377387077,0.8660254037844387,-0.49999999999999983,-0.05675368898978428,0
IL,2002,5,8.78,2002-05-01,8.31,8.03,8.02,9.2,8.12,8.604999999999999,0.1646207763315637,0.6960734026079305,0.49999999999999994,-0.8660254037844387,-0.04565217391304344,0
IL,2002,6,8.93,2002-06-01,8.78,8.31,8.03,9.43,8.373333333333333,8.569999999999999,0.3789898855290715,0.6736332965210512,1.2246467991473532e-16,-1.0,-0.05302226935312837,0
IL,2002,7,8.95,2002-07-01,8.93,8.78,8.31,9.42,8.673333333333332,8.528333333333334,0.323470761172223,0.6296295206971586,-0.4999999999999998,-0.8660254037844388,-0.04989384288747356,0
IL,2002,8,8.89,2002-08-01,8.95,8.93,8.78,9.35,8.886666666666665,8.489166666666668,0.09291573243179699,0.581931866260731,-0.8660254037844384,-0.5000000000000004,-0.04919786096256673,0
IL,2002,9,8.92,2002-09-01,8.89,8.95,8.93,9.21,8.923333333333332,8.450833333333334,0.03055050463310129,0.5331801389831219,-1.0,-1.8369701987210297e-16,-0.03148751357220425,0
IL,2002,10,8.61,2002-10-01,8.92,8.89,8.95,8.78,8.92,8.426666666666668,0.030000000000063674,0.5012590209269121,-0.8660254037844386,0.5000000000000001,-0.019362186788154934,0
IL,2002,11,7.83,2002-11-01,8.61,8.92,8.89,8.05,8.806666666666667,8.4125,0.17097758137644228,0.49269435482125,-0.5000000000000004,0.8660254037844384,-0.027329192546583947,0
IL,2002,12,7.46,2002-12-01,7.83,8.61,8.92,7.93,8.453333333333333,8.394166666666667,0.5616345193569743,0.5111565910815015,-2.4492935982947064e-16,1.0,-0.059268600252206816,0
IL,2003,1,7.4,2003-01-01,7.46,7.83,8.61,7.53,7.966666666666666,8.354999999999999,0.5870547958524331,0.565114630366748,0.49999999999999994,0.8660254037844387,-0.01726427622841964,0
IL,2003,2,7.6,2003-02-01,7.4,7.46,7.83,8.02,7.5633333333333335,8.344166666666666,0.23288051299613888,0.5833205626307715,0.8660254037844386,0.5000000000000001,-0.052369077306733125,0
IL,2003,3,7.88,2003-03-01,7.6,7.4,7.46,8.03,7.486666666666667,8.309166666666666,0.10263202878899531,0.6162121584668915,1.0,6.123233995736766e-17,-0.018679950186799466,0
IL,2003,4,8.54,2003-04-01,7.88,7.6,7.4,8.31,7.626666666666666,8.296666666666665,0.24110855093369085,0.6238638157531352,0.8660254037844387,-0.49999999999999983,0.02767749699157629,0
IL,2003,5,8.83,2003-05-01,8.54,7.88,7.6,8.78,8.006666666666666,8.315833333333334,0.4826316746063626,0.6278311633687602,0.49999999999999994,-0.8660254037844387,0.005694760820045719,0
IL,2003,6,9.23,2003-06-01,8.83,8.54,7.88,8.93,8.416666666666666,8.32,0.4868606919164256,0.6313477647065848,1.2246467991473532e-16,-1.0,0.033594624860022515,0
IL,2003,7,9.06,2003-07-01,9.23,8.83,8.54,8.95,8.866666666666667,8.345,0.34645827069553226,0.6628519648252756,-0.4999999999999998,-0.8660254037844388,0.012290502793296243,0
IL,2003,8,8.97,2003-08-01,9.06,9.23,8.83,8.89,9.040000000000001,8.354166666666666,0.2007485989988564,0.6726671246657309,-0.8660254037844384,-0.5000000000000004,0.008998875140607376,0
IL,2003,9,8.85,2003-09-01,8.97,9.06,9.23,8.92,9.086666666666666,8.360833333333334,0.13203534880226803,0.6788286479910337,-1.0,-1.8369701987210297e-16,-0.007847533632287074,0
IL,2003,10,8.67,2003-10-01,8.85,8.97,9.06,8.61,8.96,8.354999999999999,0.10535653752854764,0.6738694235532587,-0.8660254037844386,0.5000000000000001,0.006968641114982743,0
IL,2003,11,8.12,2003-11-01,8.67,8.85,8.97,7.83,8.83,8.360000000000001,0.15099668870543195,0.6761522152458125,-0.5000000000000004,0.8660254037844384,0.03703703703703698,0
IL,2003,12,7.56,2003-12-01,8.12,8.67,8.85,7.46,8.546666666666667,8.384166666666667,0.38030689361795617,0.6604882262158034,-2.4492935982947064e-16,1.0,0.013404825737265424,0
IL,2004,1,7.37,2004-01-01,7.56,8.12,8.67,7.4,8.116666666666665,8.3925,0.555007507456737,0.6482862022286155,0.49999999999999994,0.8660254037844387,-0.004054054054054124,0
IL,2004,2,7.58,2004-02-01,7.37,7.56,8.12,7.6,7.683333333333333,8.389999999999999,0.3899145205469277,0.6525056600242161,0.8660254037844386,0.5000000000000001,-0.002631578947368318,0
IL,2004,3,8.18,2004-03-01,7.58,7.37,7.56,7.88,7.503333333333333,8.388333333333334,0.11590225767145837,0.6547287201350636,1.0,6.123233995736766e-17,0.038071065989847774,0
IL,2004,4,8.46,2004-04-01,8.18,7.58,7.37,8.54,7.710000000000001,8.413333333333334,0.42035699113968245,0.6390950040818857,0.8660254037844387,-0.49999999999999983,-0.009367681498828828,0
IL,2004,5,8.76,2004-05-01,8.46,8.18,7.58,8.83,8.073333333333332,8.406666666666666,0.4495924080023373,0.6380700066084714,0.49999999999999994,-0.8660254037844387,-0.007927519818799578,0
IL,2004,6,8.98,2004-06-01,8.76,8.46,8.18,9.23,8.466666666666667,8.400833333333333,0.29005746557077217,0.6341559649477321,1.2246467991473532e-16,-1.0,-0.02708559046587211,0
IL,2004,7,9.13,2004-07-01,8.98,8.76,8.46,9.06,8.733333333333333,8.38,0.26102362600603796,0.6080071769911344,-0.4999999999999998,-0.8660254037844388,0.007726269315673218,0
IL,2004,8,9.05,2004-08-01,9.13,8.98,8.76,8.97,8.956666666666669,8.385833333333332,0.18610033136279303,0.6154149868670794,-0.8660254037844384,-0.5000000000000004,0.008918617614269708,0
IL,2004,9,8.99,2004-09-01,9.05,9.13,8.98,8.85,9.053333333333335,8.3925,0.07505553499470721,0.6227085265924264,-1.0,-1.8369701987210297e-16,0.015819209039548143,0
IL,2004,10,8.52,2004-10-01,8.99,9.05,9.13,8.67,9.056666666666667,8.404166666666667,0.07023769168574498,0.6332808989458772,-0.8660254037844386,0.5000000000000001,-0.01730103806228378,0
IL,2004,11,8.03,2004-11-01,8.52,8.99,9.05,8.12,8.853333333333333,8.391666666666667,0.2902297940138845,0.6290228111680041,-0.5000000000000004,0.8660254037844384,-0.011083743842364546,0
IL,2004,12,7.58,2004-12-01,8.03,8.52,8.99,7.56,8.513333333333334,8.384166666666667,0.48003472096645383,0.6330798934693416,-2.4492935982947064e-16,1.0,0.002645502645502784,0
IL,2005,1,7.27,2005-01-01,7.58,8.03,8.52,7.37,8.043333333333333,8.385833333333334,0.47014182257414594,0.6307349008509966,0.49999999999999994,0.8660254037844387,-0.013568521031207648,0
IL,2005,2,7.83,2005-02-01,7.27,7.58,8.03,7.58,7.626666666666666,8.3775,0.3821430796617149,0.6458556692129804,0.8660254037844386,0.5000000000000001,0.03298153034300788,0
IL,2005,3,7.96,2005-03-01,7.83,7.27,7.58,8.18,7.56,8.398333333333333,0.2805352027821225,0.6213597016124237,1.0,6.123233995736766e-17,-0.02689486552567233,0
IL,2005,4,8.46,2005-04-01,7.96,7.83,7.27,8.46,7.6866666666666665,8.38,0.3666515148384638,0.6315493214742194,0.8660254037844387,-0.49999999999999983,0.0,0
IL,2005,5,8.74,2005-05-01,8.46,7.96,7.83,8.76,8.083333333333334,8.38,0.33261589458915164,0.6315493214742194,0.49999999999999994,-0.8660254037844387,-0.0022831050228310223,0
IL,2005,6,8.88,2005-06-01,8.74,8.46,7.96,8.98,8.386666666666668,8.378333333333334,0.39513710700634436,0.6304808170008522,1.2246467991473532e-16,-1.0,-0.011135857461024412,0
IL,2005,7,8.97,2005-07-01,8.88,8.74,8.46,9.13,8.693333333333333,8.37,0.21385353243129945,0.6224146527838186,-0.4999999999999998,-0.8660254037844388,-0.017524644030668113,0
IL,2005,8,8.87,2005-08-01,8.97,8.88,8.74,9.05,8.863333333333335,8.356666666666667,0.11590225767148003,0.6061552956332591,-0.8660254037844384,-0.5000000000000004,-0.019889502762431066,0
IL,2005,9,8.91,2005-09-01,8.87,8.97,8.88,8.99,8.906666666666666,8.341666666666667,0.05507570547298012,0.5894347574866403,-1.0,-1.8369701987210297e-16,-0.008898776418242549,0
IL,2005,10,8.54,2005-10-01,8.91,8.87,8.97,8.52,8.916666666666666,8.334999999999999,0.050332229568602914,0.581838778044541,-0.8660254037844386,0.5000000000000001,0.0023474178403755097,0
IL,2005,11,8.04,2005-11-01,8.54,8.91,8.87,8.03,8.773333333333333,8.336666666666666,0.2030599254736048,0.5824452113653483,-0.5000000000000004,0.8660254037844384,0.001245330012453305,0
IL,2005,12,7.38,2005-12-01,8.04,8.54,8.91,7.58,8.496666666666666,8.3375,0.4366157731156136,0.5819735232965352,-2.4492935982947064e-16,1.0,-0.02638522427440637,0
IL,2006,1,7.43,2006-01-01,7.38,8.04,8.54,7.27,7.9866666666666655,8.320833333333333,0.581836173964236,0.6079243124739877,0.49999999999999994,0.8660254037844387,0.022008253094910613,0
IL,2006,2,7.93,2006-02-01,7.43,7.38,8.04,7.83,7.616666666666666,8.334166666666667,0.3674688195389345,0.5840681518971969,0.8660254037844386,0.5000000000000001,0.012771392081736943,0
IL,2006,3,7.91,2006-03-01,7.93,7.43,7.38,7.96,7.579999999999999,8.3425,0.3041381265149185,0.5768901738869139,1.0,6.123233995736766e-17,-0.006281407035175879,0
IL,2006,4,8.46,2006-04-01,7.91,7.93,7.43,8.46,7.756666666666667,8.338333333333333,0.28307831660750576,0.5800757526288095,0.8660254037844387,-0.49999999999999983,0.0,0
IL,2006,5,8.92,2006-05-01,8.46,7.91,7.93,8.74,8.1,8.338333333333333,0.3119294792096583,0.5800757526288095,0.49999999999999994,-0.8660254037844387,0.020594965675057253,0
IL,2006,6,8.88,2006-06-01,8.92,8.46,7.91,8.88,8.43,8.353333333333333,0.5056678751908318,0.5935767291036048,1.2246467991473532e-16,-1.0,0.0,0
IL,2006,7,9.15,2006-07-01,8.88,8.92,8.46,8.97,8.753333333333334,8.353333333333333,0.254820198048243,0.5935767291036048,-0.4999999999999998,-0.8660254037844388,0.02006688963210701,0
IL,2006,8,8.92,2006-08-01,9.15,8.88,8.92,8.87,8.983333333333334,8.368333333333334,0.1457166199626758,0.6125480809823441,-0.8660254037844384,-0.5000000000000004,0.005636978579481422,0
IL,2006,9,9.21,2006-09-01,8.92,9.15,8.88,8.91,8.983333333333333,8.3725,0.1457166199626758,0.6164284961851552,-1.0,-1.8369701987210297e-16,0.03367003367003374,0
IL,2006,10,8.73,2006-10-01,9.21,8.92,9.15,8.54,9.093333333333334,8.397499999999999,0.15307950004277998,0.6456022558257318,-0.8660254037844386,0.5000000000000001,0.022248243559719105,0
IL,2006,11,7.78,2006-11-01,8.73,9.21,8.92,8.04,8.953333333333335,8.413333333333332,0.24172987679090607,0.6517156844309752,-0.5000000000000004,0.8660254037844384,-0.03233830845771135,0
IL,2006,12,7.55,2006-12-01,7.78,8.73,9.21,7.38,8.573333333333334,8.391666666666667,0.7277591176573082,0.6693393395843041,-2.4492935982947064e-16,1.0,0.023035230352303593,0
IL,2007,1,9.63,2007-01-01,7.55,7.78,8.73,7.43,8.020000000000001,8.405833333333334,0.6255397669213402,0.6474208738361691,0.49999999999999994,0.8660254037844387,0.29609690444145365,0
IL,2007,2,9.62,2007-02-01,9.63,7.55,7.78,7.93,8.32,8.589166666666666,1.1403069762129883,0.6573840489993569,0.8660254037844386,0.5000000000000001,0.21311475409836067,0
IL,2007,3,9.81,2007-03-01,9.62,9.63,7.55,7.91,8.933333333333332,8.73,1.1980122425640516,0.683826134202388,1.0,6.123233995736766e-17,0.24020227560050578,0
IL,2007,4,10.42,2007-04-01,9.81,9.62,9.63,8.46,9.686666666666667,8.888333333333334,0.10692676621573888,0.696547764247929,0.8660254037844387,-0.49999999999999983,0.23167848699763582,0
IL,2007,5,10.17,2007-05-01,10.42,9.81,9.62,8.92,9.950000000000001,9.051666666666668,0.41797129088015594,0.8078797540288389,0.49999999999999994,-0.8660254037844387,0.14013452914798208,0
IL,2007,6,10.58,2007-06-01,10.17,10.42,9.81,8.88,10.133333333333335,9.155833333333334,0.30664855018955856,0.8677290982091058,1.2246467991473532e-16,-1.0,0.19144144144144137,0
IL,2007,7,9.89,2007-07-01,10.58,10.17,10.42,9.15,10.39,9.297500000000001,0.20663978319778362,0.9531681622119706,-0.4999999999999998,-0.8660254037844388,0.08087431693989067,0
IL,2007,8,10.29,2007-08-01,9.89,10.58,10.17,8.92,10.213333333333333,9.359166666666667,0.3470350606687441,0.9666009643293474,-0.8660254037844384,-0.5000000000000004,0.15358744394618817,0
IL,2007,9,10.31,2007-09-01,10.29,9.89,10.58,9.21,10.253333333333332,9.473333333333333,0.3464582706955618,0.9906226997870241,-1.0,-1.8369701987210297e-16,0.11943539630836053,0
IL,2007,10,10.74,2007-10-01,10.31,10.29,9.89,8.73,10.163333333333334,9.565,0.23692474191894455,1.0146427942877232,-0.8660254037844386,0.5000000000000001,0.23024054982817876,0
IL,2007,11,10.58,2007-11-01,10.74,10.31,10.29,7.78,10.446666666666667,9.7325,0.2542308662089663,1.030058471420653,-0.5000000000000004,0.8660254037844384,0.35989717223650386,0
IL,2007,12,9.71,2007-12-01,10.58,10.74,10.31,7.55,10.543333333333335,9.965833333333334,0.2173323108361067,0.8487365833277036,-2.4492935982947064e-16,1.0,0.28609271523178825,0
IL,2008,1,9.56,2008-01-01,9.71,10.58,10.74,9.63,10.343333333333334,10.145833333333334,0.5542863279329182,0.4004873924546769,0.49999999999999994,0.8660254037844387,-0.007268951194184914,0
IL,2008,2,9.88,2008-02-01,9.56,9.71,10.58,9.62,9.950000000000001,10.14,0.550726792520592,0.40910100997630316,0.8660254037844386,0.5000000000000001,0.027027027027027195,0
IL,2008,3,10.43,2008-03-01,9.88,9.56,9.71,9.81,9.716666666666667,10.161666666666667,0.16010413278035554,0.38524687087002557,1.0,6.123233995736766e-17,0.06320081549439349,0
IL,2008,4,11.02,2008-04-01,10.43,9.88,9.56,10.42,9.956666666666667,10.213333333333333,0.4400378771575827,0.37524133648367525,0.8660254037844387,-0.49999999999999983,0.05758157389635321,0
IL,2008,5,11.6,2008-05-01,11.02,10.43,9.88,10.17,10.443333333333333,10.263333333333334,0.5701169470673163,0.43971754019086917,0.49999999999999994,-0.8660254037844387,0.14060963618485744,0
IL,2008,6,11.57,2008-06-01,11.6,11.02,10.43,10.58,11.016666666666666,10.3825,0.5850071224637904,0.5826604344025547,1.2246467991473532e-16,-1.0,0.09357277882797743,0
IL,2008,7,11.41,2008-07-01,11.57,11.6,11.02,9.89,11.396666666666667,10.465,0.3265475973474143,0.6758092791743635,-0.4999999999999998,-0.8660254037844388,0.15369059656218398,0
IL,2008,8,11.24,2008-08-01,11.41,11.57,11.6,10.29,11.526666666666666,10.591666666666667,0.1021436896404778,0.7002445460283242,-0.8660254037844384,-0.5000000000000004,0.09232264334305151,0
IL,2008,9,11.63,2008-09-01,11.24,11.41,11.57,10.31,11.406666666666666,10.670833333333334,0.16502525059326123,0.7165505543712082,-1.0,-1.8369701987210297e-16,0.12803103782735215,0
IL,2008,10,12.05,2008-10-01,11.63,11.24,11.41,10.74,11.426666666666668,10.780833333333334,0.195533458347591,0.7563363649658034,-0.8660254037844386,0.5000000000000001,0.12197392923649919,0
IL,2008,11,12.24,2008-11-01,12.05,11.63,11.24,10.58,11.64,10.89,0.4050925820106301,0.8398376466480053,-0.5000000000000004,0.8660254037844384,0.15689981096408312,0
IL,2008,12,10.82,2008-12-01,12.24,12.05,11.63,9.71,11.973333333333334,11.028333333333334,0.3121431295629895,0.9172769318460786,-2.4492935982947064e-16,1.0,0.1143151390319257,0
IL,2009,1,10.79,2009-01-01,10.82,12.24,12.05,9.56,11.703333333333333,11.120833333333335,0.7708653146518999,0.8234126142665769,0.49999999999999994,0.8660254037844387,0.12866108786610875,0
IL,2009,2,11.47,2009-02-01,10.79,10.82,12.24,9.88,11.283333333333333,11.223333333333334,0.8286334131166597,0.6745548476026442,0.8660254037844386,0.5000000000000001,0.16093117408906887,0
IL,2009,3,11.74,2009-03-01,11.47,10.79,10.82,10.43,11.026666666666666,11.355833333333335,0.3842308333975283,0.5266438909536217,1.0,6.123233995736766e-17,0.12559923298178344,0
IL,2009,4,11.97,2009-04-01,11.74,11.47,10.79,11.02,11.333333333333334,11.465000000000002,0.4895235779136336,0.4470407750367245,0.8660254037844387,-0.49999999999999983,0.0862068965517242,0
IL,2009,5,12.16,2009-05-01,11.97,11.74,11.47,11.6,11.726666666666667,11.544166666666667,0.2502665245960253,0.4451855248265954,0.49999999999999994,-0.8660254037844387,0.048275862068965614,0
IL,2009,6,11.4,2009-06-01,12.16,11.97,11.74,11.57,11.956666666666669,11.590833333333334,0.21031722072473746,0.4795918403531407,1.2246467991473532e-16,-1.0,-0.014693171996542742,0
IL,2009,7,10.97,2009-07-01,11.4,12.16,11.97,11.41,11.843333333333334,11.576666666666668,0.3955165398986186,0.4827635094542515,-0.4999999999999998,-0.8660254037844388,-0.03856266432953548,0
IL,2009,8,11.15,2009-08-01,10.97,11.4,12.16,11.24,11.51,11.540000000000001,0.6025777958073427,0.5123741530632202,-0.8660254037844384,-0.5000000000000004,-0.008007117437722422,0
IL,2009,9,11.48,2009-09-01,11.15,10.97,11.4,11.63,11.173333333333332,11.532499999999999,0.21594752449000953,0.5177947118659509,-1.0,-1.8369701987210297e-16,-0.012897678417884806,0
IL,2009,10,11.42,2009-10-01,11.48,11.15,10.97,12.05,11.200000000000001,11.520000000000001,0.25865034312761054,0.5170370129180815,-0.8660254037844386,0.5000000000000001,-0.052282157676348584,0
IL,2009,11,11.11,2009-11-01,11.42,11.48,11.15,12.24,11.350000000000001,11.467500000000001,0.175783958312565,0.4895847034152128,-0.5000000000000004,0.8660254037844384,-0.09232026143790861,0
IL,2009,12,10.3,2009-12-01,11.11,11.42,11.48,10.82,11.336666666666666,11.373333333333333,0.19857828011483758,0.4328832161078318,-2.4492935982947064e-16,1.0,-0.04805914972273562,0
IL,2010,1,9.94,2010-01-01,10.3,11.11,11.42,10.79,10.943333333333333,11.33,0.5783021125098526,0.5120901909198663,0.49999999999999994,0.8660254037844387,-0.07877664504170523,0
IL,2010,2,10.56,2010-02-01,9.94,10.3,11.11,11.47,10.45,11.259166666666667,0.5992495306631574,0.637102222900081,0.8660254037844386,0.5000000000000001,-0.07933740191804706,0
IL,2010,3,10.98,2010-03-01,10.56,9.94,10.3,11.74,10.266666666666667,11.183333333333332,0.31134118476896744,0.6633432312341967,1.0,6.123233995736766e-17,-0.06473594548551953,0
IL,2010,4,11.61,2010-04-01,10.98,10.56,9.94,11.97,10.493333333333332,11.12,0.5231953108862408,0.6412771348148526,0.8660254037844387,-0.49999999999999983,-0.03007518796992492,0
IL,2010,5,12.05,2010-05-01,11.61,10.98,10.56,12.16,11.049999999999999,11.090000000000002,0.52848841046898,0.6053098380168481,0.49999999999999994,-0.8660254037844387,-0.009046052631578871,0
IL,2010,6,12.7,2010-06-01,12.05,11.61,10.98,11.4,11.546666666666667,11.080833333333333,0.5378041774971404,0.5882247302972874,1.2246467991473532e-16,-1.0,0.11403508771929816,0
IL,2010,7,12.13,2010-07-01,12.7,12.05,11.61,10.97,12.12,11.189166666666667,0.5483611948342592,0.7498540261984615,-0.4999999999999998,-0.8660254037844388,0.10574293527803102,0
IL,2010,8,11.96,2010-08-01,12.13,12.7,12.05,11.15,12.293333333333335,11.285833333333334,0.3544479275343461,0.792584475948863,-0.8660254037844384,-0.5000000000000004,0.07264573991031398,0
IL,2010,9,11.75,2010-09-01,11.96,12.13,12.7,11.48,12.263333333333334,11.353333333333333,0.38759944960408865,0.8141625182115598,-1.0,-1.8369701987210297e-16,0.023519163763066064,0
IL,2010,10,12.22,2010-10-01,11.75,11.96,12.13,11.42,11.946666666666667,11.375833333333333,0.19035055380373025,0.8216774232500065,-0.8660254037844386,0.5000000000000001,0.07005253940455347,0
IL,2010,11,11.98,2010-11-01,12.22,11.75,11.96,11.11,11.976666666666667,11.4425,0.2354428451522525,0.8572697146384831,-0.5000000000000004,0.8660254037844384,0.07830783078307846,0
IL,2010,12,10.64,2010-12-01,11.98,12.22,11.75,10.3,11.983333333333334,11.515,0.23501772982774663,0.8633602429408549,-2.4492935982947064e-16,1.0,0.03300970873786402,0
IL,2011,1,10.31,2011-01-01,10.64,11.98,12.22,9.94,11.613333333333335,11.543333333333335,0.8514301693817158,0.8245696765678049,0.49999999999999994,0.8660254037844387,0.037223340040241526,0
IL,2011,2,11.19,2011-02-01,10.31,10.64,11.98,10.56,10.976666666666668,11.574166666666668,0.8844395588921602,0.7638474185253633,0.8660254037844386,0.5000000000000001,0.05965909090909083,0
IL,2011,3,11.9,2011-03-01,11.19,10.31,10.64,10.98,10.713333333333333,11.626666666666667,0.4445597072760321,0.7073681481164388,1.0,6.123233995736766e-17,0.08378870673952643,0
IL,2011,4,11.88,2011-04-01,11.9,11.19,10.31,11.61,11.133333333333333,11.703333333333333,0.7965132348764605,0.6802450538837579,0.8660254037844387,-0.49999999999999983,0.023255813953488413,0
IL,2011,5,12.37,2011-05-01,11.88,11.9,11.19,12.05,11.656666666666666,11.725833333333334,0.4042688874170002,0.6813417021961145,0.49999999999999994,-0.8660254037844387,0.02655601659751028,0
IL,2011,6,12.06,2011-06-01,12.37,11.88,11.9,12.7,12.050000000000002,11.752500000000003,0.2773084924773423,0.7011565121607573,1.2246467991473532e-16,-1.0,-0.05039370078740146,0
IL,2011,7,11.91,2011-07-01,12.06,12.37,11.88,12.13,12.103333333333333,11.699166666666665,0.24785748593373405,0.6445923071401224,-0.4999999999999998,-0.8660254037844388,-0.01813685078318228,0
IL,2011,8,11.55,2011-08-01,11.91,12.06,12.37,11.96,12.113333333333332,11.680833333333334,0.23459184413229628,0.6342706381539553,-0.8660254037844384,-0.5000000000000004,-0.03428093645484953,0
IL,2011,9,12.76,2011-09-01,11.55,11.91,12.06,11.75,11.840000000000002,11.646666666666667,0.26210684844172044,0.6288854980812905,-1.0,-1.8369701987210297e-16,0.0859574468085107,0
IL,2011,10,12.85,2011-10-01,12.76,11.55,11.91,12.22,12.073333333333332,11.730833333333331,0.6213158080504558,0.7067397403613609,-0.8660254037844386,0.5000000000000001,0.05155482815057266,0
IL,2011,11,12.38,2011-11-01,12.85,12.76,11.55,11.98,12.386666666666668,11.783333333333333,0.7259706146486924,0.7671948114969639,-0.5000000000000004,0.8660254037844384,0.03338898163606019,0
IL,2011,12,11.14,2011-12-01,12.38,12.85,12.76,10.64,12.663333333333332,11.816666666666668,0.24946609656105515,0.7849995174675113,-2.4492935982947064e-16,1.0,0.046992481203007586,0
IL,2012,1,11.21,2012-01-01,11.14,12.38,12.85,10.31,12.123333333333335,11.858333333333333,0.8834213792598591,0.7280713418256909,0.49999999999999994,0.8660254037844387,0.08729388942774019,0
IL,2012,2,11.45,2012-02-01,11.21,11.14,12.38,11.19,11.576666666666668,11.933333333333332,0.6965869172855415,0.5867062658811694,0.8660254037844386,0.5000000000000001,0.02323503127792681,0
IL,2012,3,11.97,2012-03-01,11.45,11.21,11.14,11.9,11.266666666666666,11.954999999999998,0.16258331197685214,0.5609974882458608,1.0,6.123233995736766e-17,0.00588235294117645,0
IL,2012,4,12.45,2012-04-01,11.97,11.45,11.21,11.88,11.543333333333335,11.960833333333335,0.3885013942489427,0.560737474359881,0.8660254037844387,-0.49999999999999983,0.04797979797979779,0
IL,2012,5,12.73,2012-05-01,12.45,11.97,11.45,12.37,11.956666666666665,12.008333333333333,0.5001333155603479,0.5771691627453994,0.49999999999999994,-0.8660254037844387,0.029102667744543398,0
IL,2012,6,11.24,2012-06-01,12.73,12.45,11.97,12.06,12.383333333333333,12.038333333333334,0.38436094147740996,0.6062977566319645,1.2246467991473532e-16,-1.0,-0.06799336650082921,0
IL,2012,7,10.81,2012-07-01,11.24,12.73,12.45,11.91,12.14,11.97,0.7918964578782121,0.64838260309788,-0.4999999999999998,-0.8660254037844388,-0.09235936188077243,0
IL,2012,8,10.78,2012-08-01,10.81,11.24,12.73,11.55,11.593333333333334,11.878333333333332,1.0075878787149894,0.7302282748109087,-0.8660254037844384,-0.5000000000000004,-0.06666666666666676,0
IL,2012,9,11.36,2012-09-01,10.78,10.81,11.24,12.76,10.943333333333333,11.814166666666667,0.2573583752927954,0.7928482410482576,-1.0,-1.8369701987210297e-16,-0.10971786833855801,0
IL,2012,10,11.91,2012-10-01,11.36,10.78,10.81,12.85,10.983333333333334,11.697499999999998,0.32654759734738326,0.7424177334284744,-0.8660254037844386,0.5000000000000001,-0.07315175097276261,0
IL,2012,11,11.35,2012-11-01,11.91,11.36,10.78,12.38,11.35,11.619166666666667,0.5650663677834943,0.654098384778375,-0.5000000000000004,0.8660254037844384,-0.08319870759289183,0
IL,2012,12,10.62,2012-12-01,11.35,11.91,11.36,11.14,11.54,11.533333333333333,0.3204684071793021,0.61136707219941,-2.4492935982947064e-16,1.0,-0.04667863554757645,0
IL,2013,1,10.42,2013-01-01,10.62,11.35,11.91,11.21,11.293333333333331,11.49,0.6468642309892872,0.6584002651054226,0.49999999999999994,0.8660254037844387,-0.07047279214986624,0
IL,2013,2,10.85,2013-02-01,10.42,10.62,11.35,11.45,10.796666666666667,11.424166666666666,0.4895235779136081,0.7250637380550801,0.8660254037844386,0.5000000000000001,-0.05240174672489084,0
IL,2013,3,10.46,2013-03-01,10.85,10.42,10.62,11.97,10.629999999999999,11.374166666666667,0.21517434791350076,0.7435719483844343,1.0,6.123233995736766e-17,-0.12614870509607345,0
IL,2013,4,10.92,2013-04-01,10.46,10.85,10.42,12.45,10.576666666666666,11.248333333333333,0.23755701070128632,0.7611335247012991,0.8660254037844387,-0.49999999999999983,-0.12289156626506015,0
IL,2013,5,11.89,2013-05-01,10.92,10.46,10.85,12.73,10.743333333333334,11.120833333333332,0.24785748593362766,0.6634134640195394,0.49999999999999994,-0.8660254037844387,-0.06598586017282004,0
IL,2013,6,10.57,2013-06-01,11.89,10.92,10.46,11.24,11.090000000000002,11.050833333333332,0.7300000000000153,0.5031439037479915,1.2246467991473532e-16,-1.0,-0.059608540925266906,0
IL,2013,7,10.44,2013-07-01,10.57,11.89,10.92,10.81,11.126666666666667,10.995,0.6838372125976753,0.5172215983678192,-0.4999999999999998,-0.8660254037844388,-0.03422756706753016,0
IL,2013,8,10.73,2013-08-01,10.44,10.57,11.89,10.78,10.966666666666667,10.964166666666666,0.8022676195219091,0.5397888195368161,-0.8660254037844384,-0.5000000000000004,-0.004638218923933124,0
IL,2013,9,10.09,2013-09-01,10.73,10.44,10.57,11.36,10.58,10.959999999999999,0.1452583904633336,0.5415298195432318,-1.0,-1.8369701987210297e-16,-0.11179577464788726,0
IL,2013,10,11.22,2013-10-01,10.09,10.73,10.44,11.91,10.42,10.854166666666666,0.32046840717922676,0.5790502935188113,-0.8660254037844386,0.5000000000000001,-0.05793450881612083,0
IL,2013,11,10.61,2013-11-01,11.22,10.09,10.73,11.35,10.68,10.796666666666667,0.566656862660291,0.4924582738822959,-0.5000000000000004,0.8660254037844384,-0.06519823788546253,0
IL,2013,12,9.84,2013-12-01,10.61,11.22,10.09,10.62,10.64,10.735,0.5655970296951726,0.46227697325302575,-2.4492935982947064e-16,1.0,-0.07344632768361581,0
IL,2014,1,10.34,2014-01-01,9.84,10.61,11.22,10.42,10.556666666666667,10.67,0.6915441658587919,0.5298198664726241,0.49999999999999994,0.8660254037844387,-0.007677543186180413,0
IL,2014,2,10.94,2014-02-01,10.34,9.84,10.61,10.85,10.263333333333334,10.663333333333332,0.39068316233659084,0.5337403749752929,0.8660254037844386,0.5000000000000001,0.008294930875575979,0
IL,2014,3,11.27,2014-03-01,10.94,10.34,9.84,10.46,10.373333333333333,10.670833333333334,0.5507570547286016,0.53722279673643,1.0,6.123233995736766e-17,0.07743785850860418,0
IL,2014,4,12.31,2014-04-01,11.27,10.94,10.34,10.92,10.85,10.738333333333332,0.4714870093650624,0.5587784295526373,0.8660254037844387,-0.49999999999999983,0.12728937728937728,0
IL,2014,5,12.48,2014-05-01,12.31,11.27,10.94,11.89,11.506666666666666,10.854166666666666,0.7150058274821062,0.7205232736551721,0.49999999999999994,-0.8660254037844387,0.04962153069806563,0
IL,2014,6,12.15,2014-06-01,12.48,12.31,11.27,10.57,12.020000000000001,10.903333333333334,0.6550572494065366,0.8119598437600015,1.2246467991473532e-16,-1.0,0.14947965941343422,0
IL,2014,7,12.09,2014-07-01,12.15,12.48,12.31,10.44,12.313333333333333,11.035000000000002,0.16502525059336096,0.8783817765951906,-0.4999999999999998,-0.8660254037844388,0.15804597701149437,0
IL,2014,8,12.41,2014-08-01,12.09,12.15,12.48,10.73,12.24,11.1725,0.21000000000015695,0.9054996109632087,-0.8660254037844384,-0.5000000000000004,0.1565703634669151,0
IL,2014,9,12.05,2014-09-01,12.41,12.09,12.15,10.09,12.216666666666669,11.3125,0.17009801096249896,0.9591485333830652,-1.0,-1.8369701987210297e-16,0.1942517343904857,0
IL,2014,10,13.52,2014-10-01,12.05,12.41,12.09,11.22,12.183333333333332,11.475833333333334,0.19731531449281192,0.8969084105802954,-0.8660254037844386,0.5000000000000001,0.20499108734402838,0
IL,2014,11,12.62,2014-11-01,13.52,12.05,12.41,10.61,12.660000000000002,11.667499999999999,0.7662245101796721,1.0669082349565753,-0.5000000000000004,0.8660254037844384,0.1894439208294063,0
IL,2014,12,11.78,2014-12-01,12.62,13.52,12.05,9.84,12.729999999999999,11.835,0.7411477585475658,1.043312033861381,-2.4492935982947064e-16,1.0,0.19715447154471533,0
IL,2015,1,11.45,2015-01-01,11.78,12.62,13.52,10.34,12.64,11.996666666666668,0.8701723967123294,0.8357286786047221,0.49999999999999994,0.8660254037844387,0.10735009671179885,0
IL,2015,2,11.88,2015-02-01,11.45,11.78,12.62,10.94,11.949999999999998,12.089166666666666,0.6032412452742765,0.6832071206427373,0.8660254037844386,0.5000000000000001,0.08592321755027443,0
IL,2015,3,11.94,2015-03-01,11.88,11.45,11.78,11.27,11.703333333333333,12.167500000000002,0.22501851775662138,0.5865170694253,1.0,6.123233995736766e-17,0.05944986690328302,0
IL,2015,4,13.31,2015-04-01,11.94,11.88,11.45,12.31,11.756666666666666,12.223333333333334,0.2672701504721176,0.5216117213778433,0.8660254037844387,-0.49999999999999983,0.08123476848090982,0
IL,2015,5,13.26,2015-05-01,13.31,11.94,11.88,12.48,12.376666666666667,12.306666666666667,0.8088469158829783,0.6092369793189388,0.49999999999999994,-0.8660254037844387,0.0625,0
IL,2015,6,12.58,2015-06-01,13.26,13.31,11.94,12.15,12.836666666666666,12.371666666666668,0.7769384359995448,0.6681702740705265,1.2246467991473532e-16,-1.0,0.03539094650205765,0
IL,2015,7,12.56,2015-07-01,12.58,13.26,13.31,12.09,13.049999999999999,12.407499999999999,0.407798970082185,0.6667304893692146,-0.4999999999999998,-0.8660254037844388,0.03887510339123246,0
IL,2015,8,12.52,2015-08-01,12.56,12.58,13.26,12.41,12.799999999999999,12.446666666666665,0.39849717690352937,0.6601560880625332,-0.8660254037844384,-0.5000000000000004,0.008863819500402936,0
IL,2015,9,12.8,2015-09-01,12.52,12.56,12.58,12.05,12.553333333333333,12.455833333333333,0.030550504634279524,0.6603643392900823,-1.0,-1.8369701987210297e-16,0.06224066390041494,0
IL,2015,10,13.58,2015-10-01,12.8,12.52,12.56,13.52,12.626666666666667,12.518333333333333,0.15143755588826557,0.6539228941665195,-0.8660254037844386,0.5000000000000001,0.004437869822485174,0
IL,2015,11,13.27,2015-11-01,13.58,12.8,12.52,12.62,12.966666666666667,12.523333333333333,0.5493025881364682,0.6624518278655359,-0.5000000000000004,0.8660254037844384,0.05150554675118868,0
IL,2015,12,11.82,2015-12-01,13.27,13.58,12.8,11.78,13.216666666666667,12.5775,0.39272551907589376,0.6967603605257439,-2.4492935982947064e-16,1.0,0.00339558573853993,0
IL,2016,1,11.77,2016-01-01,11.82,13.27,13.58,11.45,12.89,12.580833333333333,0.9395211546314883,0.6926819857144385,0.49999999999999994,0.8660254037844387,0.027947598253275086,0
IL,2016,2,12.27,2016-02-01,11.77,11.82,13.27,11.88,12.286666666666667,12.607500000000002,0.8519585279421745,0.6500367122499244,0.8660254037844386,0.5000000000000001,0.03282828282828265,0
IL,2016,3,12.88,2016-03-01,12.27,11.77,11.82,11.94,11.953333333333333,12.639999999999999,0.2753785273644,0.6193838580689094,1.0,6.123233995736766e-17,0.07872696817420444,0
IL,2016,4,13.09,2016-04-01,12.88,12.27,11.77,13.31,12.306666666666667,12.718333333333334,0.5559076661941255,0.5810622456615945,0.8660254037844387,-0.49999999999999983,-0.016528925619834767,0
IL,2016,5,13.61,2016-05-01,13.09,12.88,12.27,13.26,12.746666666666668,12.699999999999998,0.42594991880902544,0.5639148871948337,0.49999999999999994,-0.8660254037844387,0.02639517345399689,0
IL,2016,6,12.54,2016-06-01,13.61,13.09,12.88,12.58,13.193333333333333,12.729166666666666,0.37581023580183587,0.6031954052955464,1.2246467991473532e-16,-1.0,-0.0031796502384738856,0
IL,2016,7,12.35,2016-07-01,12.54,13.61,13.09,12.56,13.079999999999998,12.725833333333334,0.5350700888669576,0.6042043352938147,-0.4999999999999998,-0.8660254037844388,-0.01671974522292996,0
IL,2016,8,12.24,2016-08-01,12.35,12.54,13.61,12.52,12.833333333333334,12.708333333333334,0.6792888438163963,0.6124293403892884,-0.8660254037844384,-0.5000000000000004,-0.022364217252396124,0
IL,2016,9,12.53,2016-09-01,12.24,12.35,12.54,12.8,12.376666666666665,12.685,0.15176736583796901,0.6254525634217765,-1.0,-1.8369701987210297e-16,-0.021093750000000133,0
IL,2016,10,13.03,2016-10-01,12.53,12.24,12.35,13.58,12.373333333333333,12.6625,0.1464012750401986,0.6257958569257367,-0.8660254037844386,0.5000000000000001,-0.040500736377025115,0
IL,2016,11,13.14,2016-11-01,13.03,12.53,12.24,13.27,12.6,12.616666666666667,0.3996248240538531,0.5701568099029872,-0.5000000000000004,0.8660254037844384,-0.009796533534287777,0
IL,2016,12,11.95,2016-12-01,13.14,13.03,12.53,11.82,12.9,12.605833333333331,0.32511536414031195,0.5577138127836359,-2.4492935982947064e-16,1.0,0.010998307952622577,0
IL,2017,1,11.55,2017-01-01,11.95,13.14,13.03,11.77,12.706666666666665,12.616666666666667,0.6575966342169127,0.5421058825347235,0.49999999999999994,0.8660254037844387,-0.01869158878504662,0
IL,2017,2,12.51,2017-02-01,11.55,11.95,13.14,12.27,12.213333333333333,12.598333333333331,0.8270630769979938,0.5760024200285547,0.8660254037844386,0.5000000000000001,0.019559902200489088,0
IL,2017,3,14.02,2017-03-01,12.51,11.55,11.95,12.88,12.003333333333332,12.618333333333334,0.4822171018673841,0.5676720137116841,1.0,6.123233995736766e-17,0.08850931677018625,1
IL,2017,4,13.59,2017-04-01,14.02,12.51,11.55,13.09,12.693333333333333,12.713333333333333,1.2451639784917514,0.696267103048708,0.8660254037844387,-0.49999999999999983,0.03819709702062646,0
IL,2017,5,14.09,2017-05-01,13.59,14.02,12.51,13.61,13.373333333333333,12.755,0.7779674371935091,0.7347541332742518,0.49999999999999994,-0.8660254037844387,0.03526818515797214,1
IL,2017,6,13.14,2017-06-01,14.09,13.59,14.02,12.54,13.9,12.795,0.27073972741384994,0.7960413420054124,1.2246467991473532e-16,-1.0,0.04784688995215314,0
IL,2017,7,12.29,2017-07-01,13.14,14.09,13.59,12.35,13.606666666666667,12.845,0.4752192476462276,0.7974105820489187,-0.4999999999999998,-0.8660254037844388,-0.004858299595141724,0
IL,2017,8,12.83,2017-08-01,12.29,13.14,14.09,12.24,13.173333333333334,12.840000000000002,0.9004628439493937,0.8009766765415802,-0.8660254037844384,-0.5000000000000004,0.04820261437908502,0
IL,2017,9,13.09,2017-09-01,12.83,12.29,13.14,12.53,12.753333333333332,12.889166666666666,0.43015501081983537,0.7785938179392972,-1.0,-1.8369701987210297e-16,0.04469273743016755,0
IL,2017,10,13.12,2017-10-01,13.09,12.83,12.29,13.03,12.736666666666665,12.935833333333333,0.40808495847484,0.7718626624581132,-0.8660254037844386,0.5000000000000001,0.0069071373752878085,0
IL,2017,11,13.67,2017-11-01,13.12,13.09,12.83,13.14,13.013333333333334,12.943333333333333,0.1594783161856901,0.7732967598456857,-0.5000000000000004,0.8660254037844384,0.04033485540334847,0
IL,2017,12,12.58,2017-12-01,13.67,13.12,13.09,11.95,13.293333333333331,12.987500000000002,0.326547597347515,0.8002173000333621,-2.4492935982947064e-16,1.0,0.05271966527196659,0
IL,2018,1,12.74,2018-01-01,12.58,13.67,13.12,11.55,13.123333333333333,13.04,0.545007645206402,0.7447025031391892,0.49999999999999994,0.8660254037844387,0.10303030303030303,0
IL,2018,2,12.48,2018-02-01,12.74,12.58,13.67,12.51,12.996666666666668,13.139166666666668,0.5885858759207714,0.5917840259193281,0.8660254037844386,0.5000000000000001,-0.0023980815347721673,0
IL,2018,3,12.93,2018-03-01,12.48,12.74,12.58,14.02,12.6,13.136666666666665,0.13114877048631168,0.5947395661254647,1.0,6.123233995736766e-17,-0.07774607703281022,0
IL,2018,4,13.27,2018-04-01,12.93,12.48,12.74,13.59,12.716666666666669,13.045833333333334,0.22590558499826768,0.5269372626678007,0.8660254037844387,-0.49999999999999983,-0.023546725533480473,0
IL,2018,5,13.39,2018-05-01,13.27,12.93,12.48,14.09,12.893333333333333,13.019166666666669,0.39627431576297883,0.5045152188592158,0.49999999999999994,-0.8660254037844387,-0.04968062455642297,0
IL,2018,6,12.75,2018-06-01,13.39,13.27,12.93,13.14,13.196666666666667,12.960833333333333,0.2386070689091825,0.3988496716884919,1.2246467991473532e-16,-1.0,-0.029680365296803735,0
IL,2018,7,11.96,2018-07-01,12.75,13.39,13.27,12.29,13.136666666666665,12.928333333333333,0.34019602192475495,0.39881263163479747,-0.4999999999999998,-0.8660254037844388,-0.026851098454027555,0
IL,2018,8,12.52,2018-08-01,11.96,12.75,13.39,12.83,12.700000000000001,12.900833333333333,0.7163099887618996,0.45434184833831087,-0.8660254037844384,-0.5000000000000004,-0.024162120031177015,0
IL,2018,9,12.43,2018-09-01,12.52,11.96,12.75,13.09,12.410000000000002,12.875,0.4063249930782719,0.46736203603548143,-1.0,-1.8369701987210297e-16,-0.050420168067226934,0
IL,2018,10,13.49,2018-10-01,12.43,12.52,11.96,13.12,12.303333333333333,12.82,0.30072135496732844,0.4784634497296855,-0.8660254037844386,0.5000000000000001,0.02820121951219523,0
IL,2018,11,13.46,2018-11-01,13.49,12.43,12.52,13.67,12.813333333333333,12.850833333333334,0.5877357682950816,0.510409075391869,-0.5000000000000004,0.8660254037844384,-0.0153621068032187,0
IL,2018,12,12.53,2018-12-01,13.46,13.49,12.43,12.58,13.126666666666667,12.833333333333336,0.6035174672976945,0.48261283811675604,-2.4492935982947064e-16,1.0,-0.003974562798092274,0
IL,2019,1,12.38,2019-01-01,12.53,13.46,13.49,12.74,13.160000000000002,12.829166666666666,0.5458021619598918,0.4852077031040149,0.49999999999999994,0.8660254037844387,-0.028257456828885363,0
IL,2019,2,12.67,2019-02-01,12.38,12.53,13.46,12.48,12.79,12.799166666666666,0.5850640990524683,0.5020586407859521,0.8660254037844386,0.5000000000000001,0.015224358974359031,0
IL,2019,3,12.99,2019-03-01,12.67,12.38,12.53,12.93,12.526666666666666,12.815,0.14502873278560596,0.4940095692852653,1.0,6.123233995736766e-17,0.0046403712296985145,0
IL,2019,4,14.32,2019-04-01,12.99,12.67,12.38,13.27,12.68,12.82,0.305122926047964,0.4955804677345131,0.8660254037844387,-0.49999999999999983,0.07912584777694054,1
IL,2019,5,14.32,2019-05-01,14.32,12.99,12.67,13.39,13.326666666666666,12.907499999999999,0.8750047618918598,0.6506797145363062,0.49999999999999994,-0.8660254037844387,0.06945481702763256,1
IL,2019,6,13.42,2019-06-01,14.32,14.32,12.99,12.75,13.876666666666667,12.985,0.7678758580222799,0.7596350798544074,1.2246467991473532e-16,-1.0,0.052549019607843084,0
IL,2019,7,12.14,2019-07-01,13.42,14.32,14.32,11.96,14.020000000000001,13.040833333333333,0.5196152422707836,0.7653930461870372,-0.4999999999999998,-0.8660254037844388,0.015050167224080147,0
IL,2019,8,12.71,2019-08-01,12.14,13.42,14.32,12.52,13.293333333333331,13.055833333333332,1.0955059713819115,0.7437430926595181,-0.8660254037844384,-0.5000000000000004,0.015175718849840258,0
IL,2019,9,12.69,2019-09-01,12.71,12.14,13.42,12.43,12.756666666666666,13.071666666666667,0.6412747721011655,0.7332472401253697,-1.0,-1.8369701987210297e-16,0.02091713596138378,0
IL,2019,10,13.86,2019-10-01,12.69,12.71,12.14,13.49,12.513333333333334,13.093333333333334,0.3234707611723058,0.7162063355985282,-0.8660254037844386,0.5000000000000001,0.02742772424017792,1
IL,2019,11,13.51,2019-11-01,13.86,12.69,12.71,13.46,13.086666666666666,13.124166666666667,0.6698009654616947,0.7423238491181953,-0.5000000000000004,0.8660254037844384,0.003714710252600284,0
IL,2019,12,12.79,2019-12-01,13.51,13.86,12.69,12.53,13.353333333333333,13.128333333333332,0.600527545857334,0.7445173339862656,-2.4492935982947064e-16,1.0,0.020750199521149204,0
IL,2020,1,12.84,2020-01-01,12.79,13.51,13.86,12.38,13.386666666666665,13.149999999999999,0.5455578185063746,0.7291464499361575,0.49999999999999994,0.8660254037844387,0.037156704361873905,0
IL,2020,2,13.01,2020-02-01,12.84,12.79,13.51,12.67,13.046666666666667,13.188333333333333,0.40203648259009633,0.6963389108672836,0.8660254037844386,0.5000000000000001,0.026835043409628945,0
IL,2020,3,13.41,2020-03-01,13.01,12.84,12.79,12.99,12.88,13.216666666666667,0.1153256259470321,0.680057929796237,1.0,6.123233995736766e-17,0.0323325635103926,0
IL,2020,4,13.96,2020-04-01,13.41,13.01,12.84,14.32,13.086666666666666,13.251666666666665,0.2926317367159952,0.6781369308404112,0.8660254037844387,-0.49999999999999983,-0.025139664804469275,1
IL,2020,5,14.29,2020-05-01,13.96,13.41,13.01,14.32,13.46,13.221666666666666,0.4769696007085854,0.6330421978370636,0.49999999999999994,-0.8660254037844387,-0.0020949720670392358,1
IL,2020,6,12.9,2020-06-01,14.29,13.96,13.41,13.42,13.886666666666668,13.219166666666666,0.4445597072761591,0.6283522222062008,1.2246467991473532e-16,-1.0,-0.03874813710879277,0
IL,2020,7,12.18,2020-07-01,12.9,14.29,13.96,12.14,13.716666666666667,13.175833333333332,0.7262460556405482,0.6311671487782974,-0.4999999999999998,-0.8660254037844388,0.0032948929159801743,0
IL,2020,8,12.56,2020-08-01,12.18,12.9,14.29,12.71,13.123333333333333,13.179166666666667,1.0725825531554292,0.6252775141462592,-0.8660254037844384,-0.5000000000000004,-0.011801730920535047,0
IL,2020,9,12.68,2020-09-01,12.56,12.18,12.9,12.69,12.546666666666667,13.166666666666666,0.36018513757980963,0.6369006392227755,-1.0,-1.8369701987210297e-16,-0.0007880220646178104,0
IL,2020,10,13.99,2020-10-01,12.68,12.56,12.18,13.86,12.473333333333334,13.165833333333333,0.26102362600611845,0.6375871895218568,-0.8660254037844386,0.5000000000000001,0.009379509379509487,1
IL,2020,11,13.64,2020-11-01,13.99,12.68,12.56,13.51,13.076666666666668,13.176666666666664,0.7932422916949265,0.6514087298565235,-0.5000000000000004,0.8660254037844384,0.009622501850481191,0
IL,2020,12,12.52,2020-12-01,13.64,13.99,12.68,12.79,13.436666666666667,13.1875,0.6782575715268069,0.6584986367073287,-2.4492935982947064e-16,1.0,-0.02111024237685688,0
IL,2021,1,12.23,2021-01-01,12.52,13.64,13.99,12.84,13.383333333333333,13.165000000000001,0.7678758580222709,0.6776496815531214,0.49999999999999994,0.8660254037844387,-0.04750778816199375,0
IL,2021,2,12.19,2021-02-01,12.23,12.52,13.64,13.01,12.796666666666667,13.114166666666668,0.744602802394272,0.725439783019814,0.8660254037844386,0.5000000000000001,-0.06302843966179861,0
IL,2021,3,13.82,2021-03-01,12.19,12.23,12.52,13.41,12.313333333333333,13.045833333333334,0.18009256878998386,0.7731924179345474,1.0,6.123233995736766e-17,0.030574198359433202,0
IL,2021,4,13.98,2021-04-01,13.82,12.19,12.23,13.96,12.746666666666668,13.08,0.9297490700900966,0.7993633830629063,0.8660254037844387,-0.49999999999999983,0.0014326647564468775,1
IL,2021,5,14.18,2021-05-01,13.98,13.82,12.19,14.29,13.33,13.081666666666669,0.9905049217445103,0.801383273792951,0.49999999999999994,-0.8660254037844387,-0.007697690692792136,1
IL,2021,6,12.83,2021-06-01,14.18,13.98,13.82,12.9,13.993333333333334,13.0725,0.18036999011328372,0.7868016383954566,1.2246467991473532e-16,-1.0,-0.005426356589147363,0
IL,2021,7,12.68,2021-07-01,12.83,14.18,13.98,12.18,13.663333333333334,13.066666666666668,0.7285830998132258,0.7884545681651942,-0.4999999999999998,-0.8660254037844388,0.0410509031198687,0
IL,2021,8,12.85,2021-08-01,12.68,12.83,14.18,12.56,13.229999999999999,13.108333333333334,0.8261355820929717,0.7495918081114784,-0.8660254037844384,-0.5000000000000004,0.023089171974522316,0
IL,2021,9,13.02,2021-09-01,12.85,12.68,12.83,12.68,12.786666666666667,13.1325,0.09291573243215484,0.7348360979899174,-1.0,-1.8369701987210297e-16,0.02681388012618302,0
IL,2021,10,13.98,2021-10-01,13.02,12.85,12.68,13.99,12.85,13.160833333333331,0.17000000000021695,0.7222497469502176,-0.8660254037844386,0.5000000000000001,-0.0007147962830592602,1
IL,2021,11,14.33,2021-11-01,13.98,13.02,12.85,13.64,13.283333333333333,13.160000000000002,0.6092892033619424,0.721211102622118,-0.5000000000000004,0.8660254037844384,0.050586510263929574,1
IL,2021,12,13.4,2021-12-01,14.33,13.98,13.02,12.52,13.776666666666666,13.2175,0.6782575715268178,0.7874253211343872,-2.4492935982947064e-16,1.0,0.07028753993610226,0
IL,2022,1,12.92,2022-01-01,13.4,14.33,13.98,12.23,13.903333333333334,13.290833333333332,0.4697162263893619,0.7569491196222674,0.49999999999999994,0.8660254037844387,0.05641864268192953,0
IL,2022,2,13.83,2022-02-01,12.92,13.4,14.33,12.19,13.549999999999999,13.348333333333334,0.7168681887209883,0.6925031451629385,0.8660254037844386,0.5000000000000001,0.1345365053322396,1
IL,2022,3,14.57,2022-03-01,13.83,12.92,13.4,13.82,13.383333333333333,13.485,0.4552288801618756,0.5985816569190502,1.0,6.123233995736766e-17,0.05426917510853846,1
IL,2022,4,14.98,2022-04-01,14.57,13.83,12.92,13.98,13.773333333333333,13.5475,0.8264583070751087,0.6714587241087673,0.8660254037844387,-0.49999999999999983,0.07153075822603716,1
IL,2022,5,15.02,2022-05-01,14.98,14.57,13.83,14.18,14.46,13.630833333333333,0.5828378848360443,0.7828323672099093,0.49999999999999994,-0.8660254037844387,0.05923836389280668,1
IL,2022,6,16.58,2022-06-01,15.02,14.98,14.57,12.83,14.856666666666667,13.700833333333334,0.24906491790998042,0.8691945941066345,1.2246467991473532e-16,-1.0,0.29228371005455944,1
IL,2022,7,16.36,2022-07-01,16.58,15.02,14.98,12.68,15.526666666666666,14.013333333333334,0.9124326459161433,1.1548264988404946,-0.4999999999999998,-0.8660254037844388,0.2902208201892744,1
IL,2022,8,16.73,2022-08-01,16.36,16.58,15.02,12.85,15.986666666666665,14.319999999999999,0.8443537963043432,1.2530109192007524,-0.8660254037844384,-0.5000000000000004,0.30194552529182883,1
IL,2022,9,16.81,2022-09-01,16.73,16.36,16.58,13.02,16.55666666666667,14.643333333333333,0.18610033136344062,1.3369934611476093,-1.0,-1.8369701987210297e-16,0.2910906298003071,1
IL,2022,10,17.02,2022-10-01,16.81,16.73,16.36,13.98,16.633333333333333,14.959166666666668,0.24006943440093662,1.3659925351408593,-0.8660254037844386,0.5000000000000001,0.2174535050071531,1
IL,2022,11,17.04,2022-11-01,17.02,16.81,16.73,14.33,16.853333333333335,15.212499999999999,0.1497776129252803,1.4473620204294992,-0.5000000000000004,0.8660254037844384,0.18911374738311237,1
IL,2022,12,15.98,2022-12-01,17.04,17.02,16.81,13.4,16.956666666666663,15.438333333333334,0.12741009902515457,1.5073265516580259,-2.4492935982947064e-16,1.0,0.19253731343283587,1
IL,2023,1,15.99,2023-01-01,15.98,17.04,17.02,12.92,16.68,15.653333333333334,0.6063002556491743,1.367687719097323,0.49999999999999994,0.8660254037844387,0.2376160990712075,1
IL,2023,2,17.03,2023-02-01,15.99,15.98,17.04,13.83,16.336666666666666,15.909166666666666,0.6091250555785502,1.0631467728427715,0.8660254037844386,0.5000000000000001,0.2313810556760667,1
IL,2023,3,17.38,2023-03-01,17.03,15.99,15.98,14.57,16.333333333333332,16.175833333333333,0.6033517492587337,0.8797257664990619,1.0,6.123233995736766e-17,0.19286204529855855,1
IL,2023,4,17.82,2023-04-01,17.38,17.03,15.99,14.98,16.8,16.41,0.7229799443969814,0.7819788418434639,0.8660254037844387,-0.49999999999999983,0.18958611481975973,1
IL,2023,5,17.86,2023-05-01,17.82,17.38,17.03,15.02,17.41,16.646666666666665,0.3958535082581619,0.738393013526115,0.49999999999999994,-0.8660254037844387,0.18908122503328895,1
IL,2023,6,15.08,2023-06-01,17.86,17.82,17.38,16.58,17.686666666666667,16.883333333333336,0.26633312473975723,0.6143338348210964,1.2246467991473532e-16,-1.0,-0.09047044632086843,1
IL,2023,7,14.81,2023-07-01,15.08,17.86,17.82,16.36,16.92,16.758333333333333,1.5936122489489946,0.8047566920089995,-0.4999999999999998,-0.8660254037844388,-0.09474327628361856,1
IL,2023,8,13.74,2023-08-01,14.81,15.08,17.86,16.73,15.916666666666666,16.629166666666666,1.688381868338309,0.9798465402419795,-0.8660254037844384,-0.5000000000000004,-0.178720860729229,0
IL,2023,9,14.7,2023-09-01,13.74,14.81,15.08,16.81,14.543333333333335,16.38,0.7086842268129725,1.2846364890858601,-1.0,-1.8369701987210297e-16,-0.12552052349791787,1
IL,2023,10,15.75,2023-10-01,14.7,13.74,14.81,17.02,14.41666666666667,16.204166666666666,0.5885858759208334,1.362474075371911,-0.8660254037844386,0.5000000000000001,-0.07461809635722672,1
IL,2023,11,15.65,2023-11-01,15.75,14.7,13.74,17.04,14.730000000000002,16.098333333333333,1.0053357648070498,1.3425202441902113,-0.5000000000000004,0.8660254037844384,-0.08157276995305163,1
IL,2023,12,14.84,2023-12-01,15.65,15.75,14.7,15.98,15.366666666666667,15.9825,0.5795112883573014,1.3135387664279383,-2.4492935982947064e-16,1.0,-0.07133917396745937,1
IL,2024,1,14.77,2024-01-01,14.84,15.65,15.75,15.99,15.413333333333336,15.887500000000001,0.49903239707812663,1.3543272398970687,0.49999999999999994,0.8660254037844387,-0.07629768605378362,1
IL,2024,2,15.6,2024-02-01,14.77,14.84,15.65,17.03,15.086666666666668,15.785833333333334,0.48911484677274475,1.391222211734769,0.8660254037844386,0.5000000000000001,-0.08396946564885499,1
IL,2024,3,15.95,2024-03-01,15.6,14.77,14.84,17.38,15.07,15.666666666666666,0.4603259714595639,1.3350746205453021,1.0,6.123233995736766e-17,-0.08227848101265822,1
IL,2024,4,16.51,2024-04-01,15.95,15.6,14.77,17.82,15.44,15.5475,0.606052802980244,1.2277483085269754,0.8660254037844387,-0.49999999999999983,-0.07351290684624012,1
IL,2024,5,16.52,2024-05-01,16.51,15.95,15.6,17.86,16.02,15.438333333333333,0.4590206967014038,1.0531410449726102,0.49999999999999994,-0.8660254037844387,-0.0750279955207167,1
IL,2024,6,16.01,2024-06-01,16.52,16.51,15.95,15.08,16.326666666666668,15.326666666666666,0.32624121955018553,0.8177611713289367,1.2246467991473532e-16,-1.0,0.06167108753315653,1
IL,2024,7,15.19,2024-07-01,16.01,16.52,16.51,14.81,16.346666666666668,15.404166666666669,0.29160475533432806,0.8361215476377722,-0.4999999999999998,-0.8660254037844388,0.025658338960161897,1
IL,2024,8,15.62,2024-08-01,15.19,16.01,16.52,13.74,15.906666666666668,15.435833333333335,0.6709942871094875,0.8185847913356329,-0.8660254037844384,-0.5000000000000004,0.13682678311499274,1
IL,2024,9,15.8,2024-09-01,15.62,15.19,16.01,14.7,15.60666666666667,15.5925,0.41016256939603035,0.6204415583055892,-1.0,-1.8369701987210297e-16,0.0748299319727892,1
IL,2024,10,16.48,2024-10-01,15.8,15.62,15.19,15.75,15.536666666666667,15.684166666666668,0.3134219732781173,0.5543293791654929,-0.8660254037844386,0.5000000000000001,0.04634920634920636,1
IL,2024,11,17.06,2024-11-01,16.48,15.8,15.62,15.65,15.966666666666669,15.745,0.45357836515157174,0.6003559550193641,-0.5000000000000004,0.8660254037844384,0.0900958466453674,1
IL,2024,12,15.96,2024-12-01,17.06,16.48,15.8,14.84,16.44666666666667,15.862499999999999,0.6306610288685975,0.7083415329293257,-2.4492935982947064e-16,1.0,0.07547169811320753,1
IL,2025,1,15.78,2025-01-01,15.96,17.06,16.48,14.77,16.5,15.955833333333333,0.5502726596881479,0.630922244644947,0.49999999999999994,0.8660254037844387,0.06838185511171302,1
IL,2025,2,16.47,2025-02-01,15.78,15.96,17.06,15.6,16.266666666666666,16.04,0.6929165413912336,0.5150816351890544,0.8660254037844386,0.5000000000000001,0.05576923076923079,1
IL,2025,3,17.55,2025-03-01,16.47,15.78,15.96,15.95,16.07,16.1125,0.35791060336380814,0.5087082571661578,1.0,6.123233995736766e-17,0.10031347962382453,1
IL,2025,4,18.28,2025-04-01,17.55,16.47,15.78,16.51,16.599999999999998,16.245833333333334,0.8921322771877929,0.6518011176498822,0.8660254037844387,-0.49999999999999983,0.1072077528770441,1
IL,2025,5,18.58,2025-05-01,18.28,17.55,16.47,16.52,17.433333333333334,16.393333333333334,0.9106224977089363,0.8780280937038815,0.49999999999999994,-0.8660254037844387,0.1246973365617432,1
IL,2025,6,18.29,2025-06-01,18.58,18.28,17.55,16.01,18.136666666666667,16.565,0.5297483679386867,1.0825936868969026,1.2246467991473532e-16,-1.0,0.14241099312929406,1
IL,2025,7,17.22,2025-07-01,18.29,18.58,18.28,15.19,18.383333333333336,16.755,0.1703917055895582,1.1726620841641893,-0.4999999999999998,-0.8660254037844388,0.13364055299539168,1
IL,2025,8,18.06,2025-08-01,17.22,18.29,18.58,15.62,18.03,16.924166666666665,0.7163099887621016,1.06813736206649,-0.8660254037844384,-0.5000000000000004,0.15620998719590262,1
IL,2025,9,19.05,2025-09-01,18.06,17.22,18.29,15.8,17.856666666666666,17.1275,0.5632347053704027,1.0288221420634058,-1.0,-1.8369701987210297e-16,0.20569620253164556,1
IL,2025,10,18.74,2025-10-01,19.05,18.06,17.22,16.48,18.11,17.398333333333333,0.9160240171525904,1.0743609799091969,-0.8660254037844386,0.5000000000000001,0.13713592233009697,1
IL,2025,11,18.31,2025-11-01,18.74,19.05,18.06,17.06,18.616666666666667,17.58666666666667,0.5063924696653119,1.0966008085594632,-0.5000000000000004,0.8660254037844384,0.07327080890973048,1
IL,2025,12,17.07,2025-12-01,18.31,18.74,19.05,15.96,18.7,17.690833333333334,0.3716180835217862,1.1013830836587386,-2.4492935982947064e-16,1.0,0.06954887218045114,1
IL,2026,1,16.36,2026-01-01,17.07,18.31,18.74,15.78,18.040000000000003,17.783333333333335,0.8671216754299022,0.9830595407227358,0.49999999999999994,0.8660254037844387,0.03675538656527255,1
IL,2026,2,17.83,2026-02-01,16.36,17.07,18.31,16.47,17.246666666666666,17.831666666666667,0.9869312708257072,0.8849738910717785,0.8660254037844386,0.5000000000000001,0.08257437765634479,1
IL,2026,3,18.86,2026-03-01,17.83,16.36,17.07,17.55,17.086666666666662,17.945,0.7351417096952364,0.7749897360023722,1.0,6.123233995736766e-17,0.07464387464387467,1
NY,2002,1,12.95,2002-01-01,13.25,13.53,14.22,13.89,13.666666666666666,14.0075,0.49923274465256606,0.5144657422997174,0.49999999999999994,0.8660254037844387,-0.06767458603311749,0
NY,2002,2,13.0,2002-02-01,12.95,13.25,13.53,13.93,13.243333333333334,13.929166666666665,0.2900574655707685,0.5986569564576617,0.8660254037844386,0.5000000000000001,-0.06676238334529794,0
NY,2002,3,12.81,2002-03-01,13.0,12.95,13.25,13.58,13.066666666666668,13.851666666666667,0.16072751268323474,0.6559910383718983,1.0,6.123233995736766e-17,-0.05670103092783507,0
NY,2002,4,12.69,2002-04-01,12.81,13.0,12.95,13.44,12.92,13.7875,0.09848857801799889,0.7195595243556352,0.8660254037844387,-0.49999999999999983,-0.0558035714285714,0
NY,2002,5,13.3,2002-05-01,12.69,12.81,13.0,14.01,12.833333333333334,13.725,0.15631165450260465,0.7823217194525993,0.49999999999999994,-0.8660254037844387,-0.050678087080656575,0
NY,2002,6,14.01,2002-06-01,13.3,12.69,12.81,14.41,12.933333333333332,13.665833333333333,0.3231614663497821,0.7856492200528782,1.2246467991473532e-16,-1.0,-0.027758501040943795,0
NY,2002,7,14.19,2002-07-01,14.01,13.3,12.69,14.99,13.333333333333334,13.6325,0.6606310114832173,0.7592475341954144,-0.4999999999999998,-0.8660254037844388,-0.053368912608405705,0
NY,2002,8,14.16,2002-08-01,14.19,14.01,13.3,14.61,13.833333333333334,13.565833333333332,0.4705670338361306,0.657522323621491,-0.8660254037844384,-0.5000000000000004,-0.030800821355236097,0
NY,2002,9,14.42,2002-09-01,14.16,14.19,14.01,14.23,14.12,13.528333333333334,0.09643650760992559,0.6031407695379137,-1.0,-1.8369701987210297e-16,0.013352073085031613,0
NY,2002,10,13.87,2002-10-01,14.42,14.16,14.19,14.22,14.256666666666668,13.544166666666667,0.1422439219556722,0.6253211296218241,-0.8660254037844386,0.5000000000000001,-0.024613220815752568,0
NY,2002,11,13.37,2002-11-01,13.87,14.42,14.16,13.53,14.15,13.515,0.27513632984395037,0.5985209041689951,-0.5000000000000004,0.8660254037844384,-0.011825572801182571,0
NY,2002,12,13.19,2002-12-01,13.37,13.87,14.42,13.25,13.886666666666665,13.501666666666665,0.5251983752196254,0.5999368653652158,-2.4492935982947064e-16,1.0,-0.004528301886792541,0
NY,2003,1,12.77,2003-01-01,13.19,13.37,13.87,12.95,13.476666666666665,13.496666666666664,0.3523256069793067,0.602469664771344,0.49999999999999994,0.8660254037844387,-0.013899613899613916,0
NY,2003,2,13.3,2003-02-01,12.77,13.19,13.37,13.0,13.11,13.481666666666667,0.30789608636682275,0.6193226994553038,0.8660254037844386,0.5000000000000001,0.023076923076923217,0
NY,2003,3,13.91,2003-03-01,13.3,12.77,13.19,12.81,13.086666666666668,13.506666666666668,0.279702222610654,0.6039767204022664,1.0,6.123233995736766e-17,0.08587041373926607,0
NY,2003,4,14.55,2003-04-01,13.91,13.3,12.77,12.69,13.326666666666668,13.598333333333334,0.5704676444228358,0.5712161401675184,0.8660254037844387,-0.49999999999999983,0.14657210401891274,0
NY,2003,5,14.77,2003-05-01,14.55,13.91,13.3,13.3,13.920000000000002,13.753333333333336,0.6250599971202792,0.5544421165514581,0.49999999999999994,-0.8660254037844387,0.11052631578947358,0
NY,2003,6,14.98,2003-06-01,14.77,14.55,13.91,14.01,14.410000000000002,13.875833333333333,0.44676615807377495,0.6052416246776366,1.2246467991473532e-16,-1.0,0.06923625981441828,0
NY,2003,7,15.14,2003-07-01,14.98,14.77,14.55,14.19,14.766666666666666,13.956666666666669,0.21501937897159956,0.6843886898450909,-0.4999999999999998,-0.8660254037844388,0.06694855532064836,0
NY,2003,8,14.94,2003-08-01,15.14,14.98,14.77,14.16,14.963333333333333,14.035833333333334,0.18556220879621782,0.7641330004810969,-0.8660254037844384,-0.5000000000000004,0.05508474576271172,0
NY,2003,9,14.92,2003-09-01,14.94,15.14,14.98,14.42,15.020000000000001,14.100833333333334,0.10583005244257017,0.8075941637563604,-1.0,-1.8369701987210297e-16,0.03467406380027738,0
NY,2003,10,14.75,2003-10-01,14.92,14.94,15.14,13.87,15.0,14.142499999999998,0.12165525060595365,0.8378883088943418,-0.8660254037844386,0.5000000000000001,0.06344628695025234,0
NY,2003,11,14.23,2003-11-01,14.75,14.92,14.94,13.37,14.87,14.21583333333333,0.10440306508909863,0.8502882755366873,-0.5000000000000004,0.8660254037844384,0.06432311144353031,0
NY,2003,12,13.63,2003-12-01,14.23,14.75,14.92,13.19,14.633333333333335,14.287500000000001,0.35949038002891515,0.8076917166165015,-2.4492935982947064e-16,1.0,0.03335860500379084,0
NY,2004,1,13.32,2004-01-01,13.63,14.23,14.75,12.77,14.203333333333333,14.324166666666665,0.560475988186236,0.7620362474477473,0.49999999999999994,0.8660254037844387,0.04306969459671106,0
NY,2004,2,14.02,2004-02-01,13.32,13.63,14.23,13.3,13.726666666666667,14.37,0.46263736698773317,0.6711861955455514,0.8660254037844386,0.5000000000000001,0.05413533834586448,0
NY,2004,3,13.98,2004-03-01,14.02,13.32,13.63,13.91,13.656666666666666,14.43,0.3507610772781707,0.5946580377142684,1.0,6.123233995736766e-17,0.005032350826743359,0
NY,2004,4,14.03,2004-04-01,13.98,14.02,13.32,14.55,13.773333333333333,14.435833333333333,0.39310727967482584,0.589413550347577,0.8660254037844387,-0.49999999999999983,-0.03573883161512037,0
NY,2004,5,14.2,2004-05-01,14.03,13.98,14.02,14.77,14.01,14.3925,0.026457513110759265,0.5992893518766453,0.49999999999999994,-0.8660254037844387,-0.03859174001354093,0
NY,2004,6,14.99,2004-06-01,14.2,14.03,13.98,14.98,14.07,14.345,0.11532562594673039,0.5891519328662193,1.2246467991473532e-16,-1.0,0.0006675567423231055,0
NY,2004,7,15.36,2004-07-01,14.99,14.2,14.03,15.14,14.406666666666666,14.345833333333333,0.5122824741618,0.5901380167281896,-0.4999999999999998,-0.8660254037844388,0.014531043593130732,0
NY,2004,8,15.32,2004-08-01,15.36,14.99,14.2,14.94,14.85,14.364166666666668,0.5925369186810189,0.6197280684202394,-0.8660254037844384,-0.5000000000000004,0.025435073627844806,0
NY,2004,9,15.1,2004-09-01,15.32,15.36,14.99,14.92,15.223333333333334,14.395833333333334,0.20305992547355534,0.6602128903664811,-1.0,-1.8369701987210297e-16,0.012064343163538771,0
NY,2004,10,14.93,2004-10-01,15.1,15.32,15.36,14.75,15.26,14.410833333333331,0.13999999999997212,0.6750819254435783,-0.8660254037844386,0.5000000000000001,0.012203389830508504,0
NY,2004,11,14.88,2004-11-01,14.93,15.1,15.32,14.23,15.116666666666665,14.425833333333335,0.19553345834748198,0.6852266822450868,-0.5000000000000004,0.8660254037844384,0.045678144764581985,0
NY,2004,12,14.29,2004-12-01,14.88,14.93,15.1,13.63,14.969999999999999,14.479999999999999,0.11532562594668233,0.6939740629159015,-2.4492935982947064e-16,1.0,0.04842259721203224,0
NY,2005,1,14.05,2005-01-01,14.29,14.88,14.93,13.32,14.700000000000001,14.534999999999998,0.3559494346111494,0.6449030934954525,0.49999999999999994,0.8660254037844387,0.054804804804804874,0
NY,2005,2,14.53,2005-02-01,14.05,14.29,14.88,14.02,14.406666666666666,14.595833333333333,0.42712215270731707,0.5468497937914049,0.8660254037844386,0.5000000000000001,0.03637660485021388,0
NY,2005,3,14.4,2005-03-01,14.53,14.05,14.29,13.98,14.29,14.638333333333334,0.23999999999999994,0.517034082459027,1.0,6.123233995736766e-17,0.030042918454935563,0
NY,2005,4,14.64,2005-04-01,14.4,14.53,14.05,14.03,14.326666666666666,14.673333333333334,0.24826061575153838,0.48140576975304433,0.8660254037844387,-0.49999999999999983,0.04347826086956541,0
NY,2005,5,15.36,2005-05-01,14.64,14.4,14.53,14.2,14.523333333333333,14.724166666666667,0.12013880860626112,0.4375023809459095,0.49999999999999994,-0.8660254037844387,0.08169014084507054,0
NY,2005,6,15.58,2005-06-01,15.36,14.64,14.4,14.99,14.799999999999999,14.820833333333333,0.49959983987186807,0.4393064437441805,1.2246467991473532e-16,-1.0,0.03935957304869908,0
NY,2005,7,15.63,2005-07-01,15.58,15.36,14.64,15.36,15.193333333333333,14.87,0.49166384179978817,0.4900463799942435,-0.4999999999999998,-0.8660254037844388,0.017578125,0
NY,2005,8,16.16,2005-08-01,15.63,15.58,15.36,15.32,15.523333333333333,14.8925,0.1436430761760758,0.519879793798536,-0.8660254037844384,-0.5000000000000004,0.05483028720626626,0
NY,2005,9,16.69,2005-09-01,16.16,15.63,15.58,15.1,15.790000000000001,14.9625,0.3214031735997492,0.6279855962447851,-1.0,-1.8369701987210297e-16,0.10529801324503318,0
NY,2005,10,17.36,2005-10-01,16.69,16.16,15.63,14.93,16.16,15.095,0.529999999999989,0.8029887353449736,-0.8660254037844386,0.5000000000000001,0.16275954454119224,0
NY,2005,11,17.57,2005-11-01,17.36,16.69,16.16,14.88,16.736666666666668,15.2975,0.6013595707505761,1.0314872316664527,-0.5000000000000004,0.8660254037844384,0.180779569892473,0
NY,2005,12,16.53,2005-12-01,17.57,17.36,16.69,14.29,17.206666666666667,15.521666666666668,0.45960127647050286,1.2094539213540978,-2.4492935982947064e-16,1.0,0.15675297410776778,0
NY,2006,1,16.61,2006-01-01,16.53,17.57,17.36,14.05,17.153333333333336,15.708333333333336,0.5499393905998323,1.1744308744187106,0.49999999999999994,0.8660254037844387,0.18220640569395008,0
NY,2006,2,16.66,2006-02-01,16.61,16.53,17.57,14.53,16.903333333333336,15.921666666666667,0.5787342510456024,1.0740309233175949,0.8660254037844386,0.5000000000000001,0.1465932553337923,0
NY,2006,3,15.89,2006-03-01,16.66,16.61,16.53,14.4,16.599999999999998,16.099166666666665,0.06557438524286963,0.9963246854253394,1.0,6.123233995736766e-17,0.10347222222222219,0
NY,2006,4,16.36,2006-04-01,15.89,16.66,16.61,14.64,16.386666666666667,16.223333333333333,0.4308518693626774,0.8469660649350357,0.8660254037844387,-0.49999999999999983,0.11748633879781423,0
NY,2006,5,16.56,2006-05-01,16.36,15.89,16.66,15.36,16.30333333333333,16.366666666666667,0.3881151032017612,0.6846410251608939,0.49999999999999994,-0.8660254037844387,0.078125,0
NY,2006,6,17.33,2006-06-01,16.56,16.36,15.89,15.58,16.27,16.466666666666665,0.3439476704383677,0.6075335132295152,1.2246467991473532e-16,-1.0,0.112323491655969,0
NY,2006,7,17.56,2006-07-01,17.33,16.56,16.36,15.63,16.75,16.6125,0.5121523210920602,0.5849650339200811,-0.4999999999999998,-0.8660254037844388,0.12348048624440167,0
NY,2006,8,17.74,2006-08-01,17.56,17.33,16.56,16.16,17.150000000000002,16.77333333333333,0.5237365750069295,0.5548191078399123,-0.8660254037844384,-0.5000000000000004,0.09777227722772275,0
NY,2006,9,17.92,2006-09-01,17.74,17.56,17.33,16.69,17.543333333333333,16.904999999999998,0.20550750189062825,0.5828066886744453,-1.0,-1.8369701987210297e-16,0.07369682444577585,0
NY,2006,10,17.22,2006-10-01,17.92,17.74,17.56,17.36,17.74,17.0075,0.17999999999998606,0.6462637373254478,-0.8660254037844386,0.5000000000000001,-0.008064516129032251,0
NY,2006,11,16.33,2006-11-01,17.22,17.92,17.74,17.57,17.62666666666667,16.995833333333334,0.3635014901390752,0.6405602424772094,-0.5000000000000004,0.8660254037844384,-0.07057484348321008,0
NY,2006,12,15.88,2006-12-01,16.33,17.22,17.92,16.53,17.156666666666666,16.8925,0.7968897874444935,0.6395328550804158,-2.4492935982947064e-16,1.0,-0.03932244404113738,0
NY,2007,1,16.09,2007-01-01,15.88,16.33,17.22,16.61,16.476666666666667,16.83833333333333,0.6819335255971263,0.6978907616178547,0.49999999999999994,0.8660254037844387,-0.03130644190246834,0
NY,2007,2,15.89,2007-02-01,16.09,15.88,16.33,16.66,16.1,16.794999999999998,0.22516660498394142,0.7288159762743683,0.8660254037844386,0.5000000000000001,-0.04621848739495793,0
NY,2007,3,16.83,2007-03-01,15.89,16.09,15.88,15.89,15.953333333333333,16.730833333333333,0.11846237095942681,0.7742616228421068,1.0,6.123233995736766e-17,0.05915670232850845,0
NY,2007,4,17.14,2007-04-01,16.83,15.89,16.09,16.36,16.27,16.809166666666666,0.4951767361255917,0.7276045171199579,0.8660254037844387,-0.49999999999999983,0.04767726161369201,0
NY,2007,5,17.5,2007-05-01,17.14,16.83,15.89,16.56,16.62,16.874166666666667,0.6509224224129893,0.7186155671382078,0.49999999999999994,-0.8660254037844387,0.05676328502415462,0
NY,2007,6,18.17,2007-06-01,17.5,17.14,16.83,17.33,17.156666666666666,16.9525,0.33531080109851485,0.7323576498356277,1.2246467991473532e-16,-1.0,0.04847085978072729,0
NY,2007,7,17.27,2007-07-01,18.17,17.5,17.14,17.56,17.603333333333335,17.022499999999997,0.5227172594561303,0.807961801527344,-0.4999999999999998,-0.8660254037844388,-0.016514806378132074,0
NY,2007,8,17.96,2007-08-01,17.27,18.17,17.5,17.74,17.64666666666667,16.99833333333333,0.46758243479981976,0.7946506760644799,-0.8660254037844384,-0.5000000000000004,0.012401352874859217,0
NY,2007,9,17.15,2007-09-01,17.96,17.27,18.17,17.92,17.8,17.01666666666667,0.47085029467973566,0.8155793627659638,-1.0,-1.8369701987210297e-16,-0.04296875000000022,0
NY,2007,10,17.48,2007-10-01,17.15,17.96,17.27,17.22,17.46,16.952499999999997,0.43714985988788185,0.7668841918023873,-0.8660254037844386,0.5000000000000001,0.015098722415795685,0
NY,2007,11,16.94,2007-11-01,17.48,17.15,17.96,16.33,17.53,16.974166666666665,0.40730823708831937,0.7787105697980405,-0.5000000000000004,0.8660254037844384,0.037354562155542226,0
NY,2007,12,16.66,2007-12-01,16.94,17.48,17.15,15.88,17.19,17.025000000000002,0.2722131517763144,0.7522995051537541,-2.4492935982947064e-16,1.0,0.04911838790931977,0
NY,2008,1,16.87,2008-01-01,16.66,16.94,17.48,16.09,17.026666666666667,17.09,0.41681330752907614,0.6739975721564327,0.49999999999999994,0.8660254037844387,0.04847731510254816,0
NY,2008,2,17.32,2008-02-01,16.87,16.66,16.94,15.89,16.823333333333334,17.155,0.14571661996261223,0.6026230542010357,0.8660254037844386,0.5000000000000001,0.08999370673379481,0
NY,2008,3,16.93,2008-03-01,17.32,16.87,16.66,16.83,16.95,17.274166666666666,0.33719430600174016,0.4523968156253087,1.0,6.123233995736766e-17,0.005941770647653,0
NY,2008,4,18.05,2008-04-01,16.93,17.32,16.87,17.14,17.040000000000003,17.282500000000002,0.244335834457403,0.44432021622417234,0.8660254037844387,-0.49999999999999983,0.0530921820303385,0
NY,2008,5,18.74,2008-05-01,18.05,16.93,17.32,17.5,17.433333333333334,17.358333333333334,0.568536131950582,0.492799670405285,0.49999999999999994,-0.8660254037844387,0.07085714285714273,0
NY,2008,6,19.41,2008-06-01,18.74,18.05,16.93,18.17,17.90666666666667,17.461666666666666,0.913473225296356,0.6347631388354927,1.2246467991473532e-16,-1.0,0.06824435883324154,0
NY,2008,7,19.75,2008-07-01,19.41,18.74,18.05,17.27,18.733333333333334,17.565,0.6800245093622194,0.8311164451835813,-0.4999999999999998,-0.8660254037844388,0.14360162130862775,0
NY,2008,8,20.93,2008-08-01,19.75,19.41,18.74,17.96,19.3,17.771666666666665,0.5139066063011762,1.034538398016115,-0.8660254037844384,-0.5000000000000004,0.16536748329621376,1
NY,2008,9,19.5,2008-09-01,20.93,19.75,19.41,17.15,20.03,18.019166666666667,0.7977468270071579,1.3809578910921785,-1.0,-1.8369701987210297e-16,0.13702623906705558,0
NY,2008,10,17.58,2008-10-01,19.5,20.93,19.75,17.48,20.060000000000002,18.215,0.7637407937251935,1.4127568149479526,-0.8660254037844386,0.5000000000000001,0.005720823798626817,0
NY,2008,11,16.97,2008-11-01,17.58,19.5,20.93,16.94,19.33666666666667,18.223333333333333,1.6809620261425693,1.4083151334667894,-0.5000000000000004,0.8660254037844384,0.0017709563164107767,0
NY,2008,12,16.63,2008-12-01,16.97,17.58,19.5,16.66,18.016666666666666,18.22583333333333,1.3203156188326135,1.405854371957345,-2.4492935982947064e-16,1.0,-0.0018007202881152873,0
NY,2009,1,16.86,2009-01-01,16.63,16.97,17.58,16.87,17.06,18.223333333333333,0.48135226186237395,1.40891533608038,0.49999999999999994,0.8660254037844387,-0.0005927682276231083,0
NY,2009,2,16.75,2009-02-01,16.86,16.63,16.97,17.32,16.82,18.2225,0.17349351572905056,1.4097912482479207,0.8660254037844386,0.5000000000000001,-0.0329099307159354,0
NY,2009,3,16.39,2009-03-01,16.75,16.86,16.63,16.93,16.746666666666666,18.175,0.11503622617836792,1.4519360116128557,1.0,6.123233995736766e-17,-0.03189604252805667,0
NY,2009,4,16.5,2009-04-01,16.39,16.75,16.86,18.05,16.666666666666668,18.13,0.24583192089995462,1.5015507135806665,0.8660254037844387,-0.49999999999999983,-0.08587257617728539,0
NY,2009,5,16.87,2009-05-01,16.5,16.39,16.75,18.74,16.546666666666667,18.000833333333333,0.1844812546937043,1.5739785047240615,0.49999999999999994,-0.8660254037844387,-0.09978655282817495,0
NY,2009,6,18.21,2009-06-01,16.87,16.5,16.39,19.41,16.58666666666667,17.845,0.2514623895006222,1.5866631652622598,1.2246467991473532e-16,-1.0,-0.061823802163832986,0
NY,2009,7,18.65,2009-07-01,18.21,16.87,16.5,19.75,17.19333333333333,17.745,0.8996851301057238,1.515270752883954,-0.4999999999999998,-0.8660254037844388,-0.055696202531645644,0
NY,2009,8,18.19,2009-08-01,18.65,18.21,16.87,20.93,17.91,17.653333333333332,0.9271461589199457,1.4127557424688935,-0.8660254037844384,-0.5000000000000004,-0.1309125656951743,0
NY,2009,9,18.78,2009-09-01,18.19,18.65,18.21,19.5,18.35,17.425,0.2600000000000094,0.9945533488136283,-1.0,-1.8369701987210297e-16,-0.036923076923076836,0
NY,2009,10,18.17,2009-10-01,18.78,18.19,18.65,17.58,18.540000000000003,17.365,0.3100000000000033,0.8721811738394938,-0.8660254037844386,0.5000000000000001,0.03356086461888519,0
NY,2009,11,16.82,2009-11-01,18.17,18.78,18.19,16.97,18.380000000000003,17.41416666666667,0.3465544690232762,0.9015386678878557,-0.5000000000000004,0.8660254037844384,-0.008839127872716457,0
NY,2009,12,17.51,2009-12-01,16.82,18.17,18.78,16.63,17.923333333333336,17.401666666666667,1.0030121302024946,0.9092637714440432,-2.4492935982947064e-16,1.0,0.05291641611545406,0
NY,2010,1,17.3,2010-01-01,17.51,16.82,18.17,16.86,17.500000000000004,17.474999999999998,0.6750555532695206,0.8762575379004249,0.49999999999999994,0.8660254037844387,0.02609727164887321,0
NY,2010,2,18.05,2010-02-01,17.3,17.51,16.82,16.75,17.210000000000004,17.511666666666667,0.35369478367658047,0.8571817812230081,0.8660254037844386,0.5000000000000001,0.0776119402985076,0
NY,2010,3,17.55,2010-03-01,18.05,17.3,17.51,16.39,17.62,17.62,0.3869108424430799,0.83400457814312,1.0,6.123233995736766e-17,0.0707748627211715,0
NY,2010,4,18.92,2010-04-01,17.55,18.05,17.3,16.5,17.633333333333336,17.716666666666665,0.3818813079130044,0.7404584984175946,0.8660254037844387,-0.49999999999999983,0.14666666666666672,0
NY,2010,5,19.21,2010-05-01,18.92,17.55,18.05,16.87,18.173333333333336,17.918333333333333,0.693277241320769,0.7077985503509073,0.49999999999999994,-0.8660254037844387,0.1387077652637818,0
NY,2010,6,19.41,2010-06-01,19.21,18.92,17.55,18.21,18.560000000000002,18.113333333333333,0.8866228059327103,0.7150248989095909,1.2246467991473532e-16,-1.0,0.0658978583196046,0
NY,2010,7,20.11,2010-07-01,19.41,19.21,18.92,18.65,19.180000000000003,18.213333333333335,0.24637369989505317,0.8076828060269595,-0.4999999999999998,-0.8660254037844388,0.07828418230563017,1
NY,2010,8,19.35,2010-08-01,20.11,19.41,19.21,18.19,19.576666666666668,18.335,0.47258156262523004,0.9725739046468771,-0.8660254037844384,-0.5000000000000004,0.06377130291368882,0
NY,2010,9,20.09,2010-09-01,19.35,20.11,19.41,18.78,19.623333333333335,18.43166666666667,0.4225320500663868,1.013632830541509,-1.0,-1.8369701987210297e-16,0.06975505857294984,1
NY,2010,10,18.36,2010-10-01,20.09,19.35,20.11,18.17,19.85,18.540833333333335,0.433128156554116,1.1195653242002432,-0.8660254037844386,0.5000000000000001,0.010456796917996503,0
NY,2010,11,18.25,2010-11-01,18.36,20.09,19.35,16.82,19.26666666666667,18.55666666666667,0.8680053763274207,1.1151790181062067,-0.5000000000000004,0.8660254037844384,0.08501783590963141,0
NY,2010,12,17.72,2010-12-01,18.25,18.36,20.09,17.51,18.900000000000002,18.675833333333333,1.0320368210485398,0.9810704574210395,-2.4492935982947064e-16,1.0,0.011993146773272345,0
NY,2011,1,17.25,2011-01-01,17.72,18.25,18.36,17.3,18.11,18.693333333333335,0.34219877264534665,0.9600315651376743,0.49999999999999994,0.8660254037844387,-0.0028901734104046506,0
NY,2011,2,17.45,2011-02-01,17.25,17.72,18.25,18.05,17.74,18.68916666666667,0.5002999100539464,0.9667138180768353,0.8660254037844386,0.5000000000000001,-0.033240997229917024,0
NY,2011,3,17.58,2011-03-01,17.45,17.25,17.72,17.55,17.473333333333333,18.639166666666668,0.2358671942711069,1.0169871576317784,1.0,6.123233995736766e-17,0.0017094017094014813,0
NY,2011,4,17.63,2011-04-01,17.58,17.45,17.25,18.92,17.426666666666666,18.641666666666666,0.1662327685305294,1.0140990926418658,0.8660254037844387,-0.49999999999999983,-0.06818181818181834,0
NY,2011,5,18.3,2011-05-01,17.63,17.58,17.45,19.21,17.55333333333333,18.534166666666668,0.09291573243172287,1.049661922485156,0.49999999999999994,-0.8660254037844387,-0.04737116085372206,0
NY,2011,6,19.07,2011-06-01,18.3,17.63,17.58,19.41,17.83666666666667,18.458333333333332,0.40203648258997793,1.0290669501440939,1.2246467991473532e-16,-1.0,-0.017516743946419333,0
NY,2011,7,19.22,2011-07-01,19.07,18.3,17.63,20.11,18.333333333333332,18.429999999999996,0.7205784713223937,1.0048790067375757,-0.4999999999999998,-0.8660254037844388,-0.044256588761810045,0
NY,2011,8,19.25,2011-08-01,19.22,19.07,18.3,19.35,18.863333333333333,18.355833333333333,0.49359227438576664,0.8966245624901659,-0.8660254037844384,-0.5000000000000004,-0.0051679586563307955,0
NY,2011,9,18.84,2011-09-01,19.25,19.22,19.07,20.09,19.180000000000003,18.3475,0.09643650760983262,0.886957260423667,-1.0,-1.8369701987210297e-16,-0.062220009955201605,0
NY,2011,10,18.78,2011-10-01,18.84,19.25,19.22,18.36,19.103333333333335,18.243333333333332,0.22854612955225118,0.7217193276328816,-0.8660254037844386,0.5000000000000001,0.022875816993464193,0
NY,2011,11,17.93,2011-11-01,18.78,18.84,19.25,18.25,18.956666666666667,18.278333333333332,0.25579940057262435,0.7378942192400961,-0.5000000000000004,0.8660254037844384,-0.017534246575342527,0
NY,2011,12,17.26,2011-12-01,17.93,18.78,18.84,17.72,18.51666666666667,18.251666666666665,0.50895317400849,0.7447615034155352,-2.4492935982947064e-16,1.0,-0.025959367945823764,0
NY,2012,1,16.79,2012-01-01,17.26,17.93,18.78,17.25,17.990000000000006,18.213333333333335,0.7617742447733354,0.7853468641114996,0.49999999999999994,0.8660254037844387,-0.026666666666666727,0
NY,2012,2,16.51,2012-02-01,16.79,17.26,17.93,17.45,17.326666666666668,18.175,0.5729165151514849,0.8455605994089335,0.8660254037844386,0.5000000000000001,-0.05386819484240679,0
NY,2012,3,16.64,2012-03-01,16.51,16.79,17.26,17.58,16.853333333333335,18.096666666666668,0.3789898855290511,0.9552565893597463,1.0,6.123233995736766e-17,-0.05346985210466426,0
NY,2012,4,16.71,2012-04-01,16.64,16.51,16.79,17.63,16.64666666666667,18.018333333333334,0.14011899704652292,1.0365575310379906,0.8660254037844387,-0.49999999999999983,-0.05218377765172988,0
NY,2012,5,17.33,2012-05-01,16.71,16.64,16.51,18.3,16.62,17.941666666666666,0.10148891565087588,1.0999738288897971,0.49999999999999994,-0.8660254037844387,-0.0530054644808744,0
NY,2012,6,18.31,2012-06-01,17.33,16.71,16.64,19.07,16.893333333333334,17.860833333333336,0.3797806384392477,1.1068666531605518,1.2246467991473532e-16,-1.0,-0.03985317252228637,0
NY,2012,7,18.38,2012-07-01,18.31,17.33,16.71,19.22,17.450000000000003,17.7975,0.8067217612039385,1.0517615094342079,-0.4999999999999998,-0.8660254037844388,-0.043704474505723234,0
NY,2012,8,18.12,2012-08-01,18.38,18.31,17.33,19.25,18.006666666666664,17.727500000000003,0.5870547958524093,0.9735233573329274,-0.8660254037844384,-0.5000000000000004,-0.0587012987012987,0
NY,2012,9,18.52,2012-09-01,18.12,18.38,18.31,18.84,18.27,17.633333333333336,0.13453624047065588,0.8610177205792909,-1.0,-1.8369701987210297e-16,-0.01698513800424628,0
NY,2012,10,18.44,2012-10-01,18.52,18.12,18.38,18.78,18.34,17.606666666666666,0.20297783130178834,0.824426338661514,-0.8660254037844386,0.5000000000000001,-0.018104366347177825,0
NY,2012,11,17.44,2012-11-01,18.44,18.52,18.12,17.93,18.36,17.578333333333333,0.2116601048851129,0.7853526519206693,-0.5000000000000004,0.8660254037844384,-0.02732849972113771,0
NY,2012,12,17.47,2012-12-01,17.44,18.44,18.52,17.26,18.133333333333336,17.5375,0.6017751518078113,0.7781110577429524,-2.4492935982947064e-16,1.0,0.012166859791425066,0
NY,2013,1,17.93,2013-01-01,17.47,17.44,18.44,16.79,17.783333333333335,17.555,0.5688878038184007,0.7736513191589623,0.49999999999999994,0.8660254037844387,0.06789755807027986,0
NY,2013,2,19.1,2013-02-01,17.93,17.47,17.44,16.51,17.613333333333333,17.65,0.2746512940681814,0.7404544059378475,0.8660254037844386,0.5000000000000001,0.15687462144155062,0
NY,2013,3,18.16,2013-03-01,19.1,17.93,17.47,16.64,18.166666666666668,17.865833333333335,0.8403768995714461,0.7552778938706943,1.0,6.123233995736766e-17,0.09134615384615374,0
NY,2013,4,17.67,2013-04-01,18.16,19.1,17.93,16.71,18.396666666666665,17.9925,0.6198655768255801,0.6513081242601955,0.8660254037844387,-0.49999999999999983,0.0574506283662477,0
NY,2013,5,18.35,2013-05-01,17.67,18.16,19.1,17.33,18.310000000000002,18.0725,0.7267048919609507,0.5264482189852984,0.49999999999999994,-0.8660254037844387,0.05885747259088303,0
NY,2013,6,19.32,2013-06-01,18.35,17.67,18.16,18.31,18.060000000000002,18.1575,0.35085609585695227,0.4755499209050473,1.2246467991473532e-16,-1.0,0.055161114145275914,0
NY,2013,7,20.03,2013-07-01,19.32,18.35,17.67,18.38,18.44666666666667,18.241666666666667,0.829236596716104,0.5823749703246865,-0.4999999999999998,-0.8660254037844388,0.08977149075081625,0
NY,2013,8,19.14,2013-08-01,20.03,19.32,18.35,18.12,19.233333333333334,18.379166666666666,0.8433465084609557,0.7794457043698979,-0.8660254037844384,-0.5000000000000004,0.056291390728476776,0
NY,2013,9,19.56,2013-09-01,19.14,20.03,19.32,18.52,19.49666666666667,18.464166666666667,0.47056703383607024,0.8038482255358,-1.0,-1.8369701987210297e-16,0.056155507559395135,0
NY,2013,10,18.88,2013-10-01,19.56,19.14,20.03,18.44,19.576666666666668,18.550833333333333,0.4452340208623707,0.8642122880334252,-0.8660254037844386,0.5000000000000001,0.02386117136659416,0
NY,2013,11,18.49,2013-11-01,18.88,19.56,19.14,17.44,19.19333333333333,18.587500000000002,0.3431229128654795,0.8684063250890316,-0.5000000000000004,0.8660254037844384,0.06020642201834847,0
NY,2013,12,18.18,2013-12-01,18.49,18.88,19.56,17.47,18.976666666666667,18.675,0.5415102338213952,0.7917931318447137,-2.4492935982947064e-16,1.0,0.04064109902690327,0
NY,2014,1,19.57,2014-01-01,18.18,18.49,18.88,17.93,18.51666666666667,18.734166666666667,0.35076107727814443,0.7165124922255379,0.49999999999999994,0.8660254037844387,0.0914668153931959,0
NY,2014,2,21.69,2014-02-01,19.57,18.18,18.49,19.1,18.746666666666666,18.870833333333334,0.7296802952891857,0.7055037959222575,0.8660254037844386,0.5000000000000001,0.13560209424083758,1
NY,2014,3,20.9,2014-03-01,21.69,19.57,18.18,18.16,19.813333333333333,19.086666666666666,1.7676066681627034,1.0791944245874923,1.0,6.123233995736766e-17,0.15088105726872247,1
NY,2014,4,19.54,2014-04-01,20.9,21.69,19.57,17.67,20.720000000000002,19.315,1.0714009520249006,1.152668839930008,0.8660254037844387,-0.49999999999999983,0.10582908885115994,0
NY,2014,5,20.59,2014-05-01,19.54,20.9,21.69,18.35,20.709999999999997,19.470833333333335,1.0875201147564417,1.0299290207965466,0.49999999999999994,-0.8660254037844387,0.1220708446866483,1
NY,2014,6,20.88,2014-06-01,20.59,19.54,20.9,19.32,20.343333333333334,19.657500000000002,0.712764570761774,1.0111390966268834,1.2246467991473532e-16,-1.0,0.08074534161490687,1
NY,2014,7,20.48,2014-07-01,20.88,20.59,19.54,20.03,20.33666666666667,19.787499999999998,0.7050059101406293,1.0627676133568267,-0.4999999999999998,-0.8660254037844388,0.022466300549176088,1
NY,2014,8,19.51,2014-08-01,20.48,20.88,20.59,19.14,20.650000000000002,19.825,0.20663978319739498,1.0799031943146926,-0.8660254037844384,-0.5000000000000004,0.019331243469174586,0
NY,2014,9,19.41,2014-09-01,19.51,20.48,20.88,19.56,20.290000000000003,19.855833333333333,0.7044856279583609,1.0637280781490137,-1.0,-1.8369701987210297e-16,-0.0076687116564416735,0
NY,2014,10,19.43,2014-10-01,19.41,19.51,20.48,18.88,19.8,19.843333333333334,0.5910160742314191,1.0683915977116138,-0.8660254037844386,0.5000000000000001,0.029131355932203506,0
NY,2014,11,19.45,2014-11-01,19.43,19.41,19.51,18.49,19.45,19.889166666666668,0.0529150262207345,1.034570251873104,-0.5000000000000004,0.8660254037844384,0.051919956733369466,0
NY,2014,12,19.26,2014-12-01,19.45,19.43,19.41,18.18,19.430000000000003,19.969166666666666,0.019999999998552467,0.9502196715721056,-2.4492935982947064e-16,1.0,0.05940594059405946,0
NY,2015,1,19.28,2015-01-01,19.26,19.45,19.43,19.57,19.380000000000003,20.059166666666666,0.10440306508884384,0.8054751091842206,0.49999999999999994,0.8660254037844387,-0.014818599897802764,0
NY,2015,2,19.75,2015-02-01,19.28,19.26,19.45,21.69,19.330000000000002,20.035,0.10440306508886063,0.8255851919039539,0.8660254037844386,0.5000000000000001,-0.08944213923467037,0
NY,2015,3,18.92,2015-03-01,19.75,19.28,19.26,20.9,19.430000000000003,19.87333333333333,0.27730849247713574,0.6414519514825535,1.0,6.123233995736766e-17,-0.09473684210526301,0
NY,2015,4,17.72,2015-04-01,18.92,19.75,19.28,19.54,19.316666666666666,19.708333333333332,0.4162130864512585,0.6070919255440383,0.8660254037844387,-0.49999999999999983,-0.09314227226202665,0
NY,2015,5,18.06,2015-05-01,17.72,18.92,19.75,20.59,18.796666666666667,19.55666666666667,1.0206043960973923,0.8368374810541915,0.49999999999999994,-0.8660254037844387,-0.12287518212724624,0
NY,2015,6,18.76,2015-06-01,18.06,17.72,18.92,20.88,18.233333333333334,19.345833333333335,0.6184927916583701,0.8708455487037375,1.2246467991473532e-16,-1.0,-0.10153256704980829,0
NY,2015,7,18.71,2015-07-01,18.76,18.06,17.72,20.48,18.18,19.169166666666666,0.5302829433425466,0.735903382162987,-0.4999999999999998,-0.8660254037844388,-0.08642578125,0
NY,2015,8,18.38,2015-08-01,18.71,18.76,18.06,19.51,18.51,19.02166666666667,0.390512483795349,0.6170727573624653,-0.8660254037844384,-0.5000000000000004,-0.05791901588928772,0
NY,2015,9,18.38,2015-09-01,18.38,18.71,18.76,19.41,18.61666666666667,18.9275,0.2064784088793257,0.6219781492801346,-1.0,-1.8369701987210297e-16,-0.053065430190623486,0
NY,2015,10,18.3,2015-10-01,18.38,18.38,18.71,19.43,18.49,18.841666666666665,0.1905255888326088,0.6204079791606323,-0.8660254037844386,0.5000000000000001,-0.05815748841996904,0
NY,2015,11,18.23,2015-11-01,18.3,18.38,18.38,19.45,18.353333333333335,18.7475,0.04618802153538998,0.6086367031027218,-0.5000000000000004,0.8660254037844384,-0.06272493573264781,0
NY,2015,12,17.5,2015-12-01,18.23,18.3,18.38,19.26,18.303333333333335,18.645833333333332,0.07505553499480813,0.5819318662608247,-2.4492935982947064e-16,1.0,-0.0913811007268952,0
NY,2016,1,16.56,2016-01-01,17.5,18.23,18.3,19.28,18.01,18.499166666666667,0.4430575583375644,0.6326489523976143,0.49999999999999994,0.8660254037844387,-0.14107883817427402,0
NY,2016,2,16.76,2016-02-01,16.56,17.5,18.23,19.75,17.430000000000003,18.2725,0.8371977066380938,0.7941161467603745,0.8660254037844386,0.5000000000000001,-0.1513924050632911,0
NY,2016,3,16.79,2016-03-01,16.76,16.56,17.5,18.92,16.94,18.023333333333333,0.49517673612571167,0.7565752180755969,1.0,6.123233995736766e-17,-0.11257928118393246,0
NY,2016,4,17.38,2016-04-01,16.79,16.76,16.56,17.72,16.703333333333337,17.845833333333335,0.1250333288905784,0.7766765833676084,0.8660254037844387,-0.49999999999999983,-0.019187358916478603,0
NY,2016,5,17.71,2016-05-01,17.38,16.79,16.76,18.06,16.97666666666667,17.8175,0.3496188400722195,0.7878062175203373,0.49999999999999994,-0.8660254037844387,-0.019379844961240233,0
NY,2016,6,17.87,2016-06-01,17.71,17.38,16.79,18.76,17.293333333333333,17.78833333333333,0.4660829682936597,0.7844840033520216,1.2246467991473532e-16,-1.0,-0.04744136460554371,0
NY,2016,7,17.93,2016-07-01,17.87,17.71,17.38,18.71,17.653333333333336,17.714166666666667,0.24986663109228777,0.7240097730799016,-0.4999999999999998,-0.8660254037844388,-0.04168893639764837,0
NY,2016,8,17.99,2016-08-01,17.93,17.87,17.71,18.38,17.83666666666667,17.649166666666666,0.1137248140618368,0.6585308487747056,-0.8660254037844384,-0.5000000000000004,-0.021218715995647508,0
NY,2016,9,18.36,2016-09-01,17.99,17.93,17.87,18.38,17.930000000000003,17.616666666666667,0.06000000000050921,0.6281044113164668,-1.0,-1.8369701987210297e-16,-0.0010881392818280489,0
NY,2016,10,18.26,2016-10-01,18.36,17.99,17.93,18.3,18.093333333333334,17.615,0.2328805129962267,0.6259175083609508,-0.8660254037844386,0.5000000000000001,-0.0021857923497267118,0
NY,2016,11,17.73,2016-11-01,18.26,18.36,17.99,18.23,18.203333333333337,17.611666666666668,0.19139836293286308,0.6220323483745005,-0.5000000000000004,0.8660254037844384,-0.027427317608337942,0
NY,2016,12,17.17,2016-12-01,17.73,18.26,18.36,17.5,18.11666666666667,17.57,0.3385754470326875,0.5929126871180154,-2.4492935982947064e-16,1.0,-0.018857142857142795,0
NY,2017,1,17.3,2017-01-01,17.17,17.73,18.26,16.56,17.720000000000002,17.5425,0.5450688029965303,0.6040036875264122,0.49999999999999994,0.8660254037844387,0.04468599033816445,0
NY,2017,2,17.48,2017-02-01,17.3,17.17,17.73,16.76,17.400000000000002,17.604166666666668,0.29308701779520163,0.5275062831738894,0.8660254037844386,0.5000000000000001,0.042959427207637235,0
NY,2017,3,17.02,2017-03-01,17.48,17.3,17.17,16.79,17.316666666666666,17.66416666666667,0.15567059238475975,0.459297058426074,1.0,6.123233995736766e-17,0.013698630136986356,0
NY,2017,4,17.3,2017-04-01,17.02,17.48,17.3,17.38,17.26666666666667,17.683333333333334,0.23180451534304702,0.42285465659741556,0.8660254037844387,-0.49999999999999983,-0.00460299194476399,0
NY,2017,5,18.53,2017-05-01,17.3,17.02,17.48,17.71,17.266666666666666,17.676666666666666,0.23180451534304702,0.4286624722920963,0.49999999999999994,-0.8660254037844387,0.046301524562394114,0
NY,2017,6,18.74,2017-06-01,18.53,17.3,17.02,17.87,17.61666666666667,17.745,0.8032641740631831,0.4947267381642186,1.2246467991473532e-16,-1.0,0.0486849468382764,0
NY,2017,7,18.79,2017-07-01,18.74,18.53,17.3,17.93,18.19,17.8175,0.7778817390838025,0.5723655062347306,-0.4999999999999998,-0.8660254037844388,0.047964305633017235,0
NY,2017,8,18.56,2017-08-01,18.79,18.74,18.53,17.99,18.686666666666667,17.889166666666668,0.1379613472438849,0.6378295345557358,-0.8660254037844384,-0.5000000000000004,0.03168426903835475,0
NY,2017,9,18.8,2017-09-01,18.56,18.79,18.74,18.36,18.69666666666667,17.936666666666667,0.12096831541088693,0.6665969660533939,-1.0,-1.8369701987210297e-16,0.023965141612200425,0
NY,2017,10,18.74,2017-10-01,18.8,18.56,18.79,18.26,18.71666666666667,17.973333333333333,0.13576941236282394,0.7031013548213318,-0.8660254037844386,0.5000000000000001,0.026286966046002114,0
NY,2017,11,17.8,2017-11-01,18.74,18.8,18.56,17.73,18.7,18.013333333333332,0.12489995996802536,0.7338730796055792,-0.5000000000000004,0.8660254037844384,0.003948110547095318,0
NY,2017,12,16.99,2017-12-01,17.8,18.74,18.8,17.17,18.44666666666667,18.019166666666667,0.5608327142146464,0.7316911709847606,-2.4492935982947064e-16,1.0,-0.01048340128130476,0
NY,2018,1,17.75,2018-01-01,16.99,17.8,18.74,17.3,17.843333333333334,18.004166666666666,0.875804392163807,0.7522385783698937,0.49999999999999994,0.8660254037844387,0.026011560693641522,0
NY,2018,2,18.19,2018-02-01,17.75,16.99,17.8,17.48,17.513333333333335,18.041666666666668,0.4539089482852724,0.7246545676557383,0.8660254037844386,0.5000000000000001,0.04061784897025178,0
NY,2018,3,17.52,2018-03-01,18.19,17.75,16.99,17.02,17.643333333333334,18.10083333333333,0.607069463351133,0.7032968897639189,1.0,6.123233995736766e-17,0.029377203290246845,0
NY,2018,4,17.98,2018-04-01,17.52,18.19,17.75,17.3,17.820000000000004,18.142500000000002,0.34044089061110827,0.6459119697972489,0.8660254037844387,-0.49999999999999983,0.03930635838150298,0
NY,2018,5,18.51,2018-05-01,17.98,17.52,18.19,18.53,17.89666666666667,18.199166666666667,0.34268547289520646,0.592935046777523,0.49999999999999994,-0.8660254037844387,-0.0010793308148947522,0
NY,2018,6,19.28,2018-06-01,18.51,17.98,17.52,18.74,18.003333333333334,18.1975,0.4954122862156356,0.5919478631833773,1.2246467991473532e-16,-1.0,0.02881536819637165,0
NY,2018,7,19.37,2018-07-01,19.28,18.51,17.98,18.79,18.590000000000003,18.242500000000003,0.6536818798161836,0.6541910340955509,-0.4999999999999998,-0.8660254037844388,0.030867482703565763,0
NY,2018,8,19.02,2018-08-01,19.37,19.28,18.51,18.56,19.053333333333335,18.29083333333333,0.4726873526267802,0.7167535183455378,-0.8660254037844384,-0.5000000000000004,0.024784482758620774,0
NY,2018,9,19.28,2018-09-01,19.02,19.37,19.28,18.8,19.223333333333333,18.32916666666667,0.18175074506944996,0.744231859440433,-1.0,-1.8369701987210297e-16,0.025531914893617058,0
NY,2018,10,19.29,2018-10-01,19.28,19.02,19.37,18.74,19.223333333333333,18.36916666666667,0.18175074506944996,0.7836912464083522,-0.8660254037844386,0.5000000000000001,0.02934898612593395,0
NY,2018,11,18.17,2018-11-01,19.29,19.28,19.02,17.8,19.19666666666667,18.415,0.15307950004263307,0.8224740946459934,-0.5000000000000004,0.8660254037844384,0.020786516853932735,0
NY,2018,12,17.33,2018-12-01,18.17,19.29,19.28,16.99,18.913333333333338,18.445833333333336,0.6437649674635364,0.8040517660103451,-2.4492935982947064e-16,1.0,0.02001177163037071,0
NY,2019,1,17.3,2019-01-01,17.33,18.17,19.29,17.75,18.263333333333335,18.474166666666665,0.9833276835996179,0.7524198336439043,0.49999999999999994,0.8660254037844387,-0.025352112676056304,0
NY,2019,2,17.65,2019-02-01,17.3,17.33,18.17,18.19,17.6,18.436666666666667,0.4938623289947498,0.8014116333450105,0.8660254037844386,0.5000000000000001,-0.029686641011544945,0
NY,2019,3,16.85,2019-03-01,17.65,17.3,17.33,17.52,17.426666666666666,18.39166666666667,0.19399312702636132,0.831131029308193,1.0,6.123233995736766e-17,-0.03824200913242004,0
NY,2019,4,17.54,2019-04-01,16.85,17.65,17.3,17.98,17.26666666666667,18.335833333333333,0.4010403138507147,0.9134396365918622,0.8660254037844387,-0.49999999999999983,-0.024471635150166926,0
NY,2019,5,17.35,2019-05-01,17.54,16.85,17.65,18.51,17.346666666666668,18.299166666666668,0.43362810487037434,0.9375350498499084,0.49999999999999994,-0.8660254037844387,-0.0626688276607239,0
NY,2019,6,18.53,2019-06-01,17.35,17.54,16.85,19.28,17.246666666666666,18.202499999999997,0.3564173583504062,0.9729535633131361,1.2246467991473532e-16,-1.0,-0.03890041493775931,0
NY,2019,7,18.64,2019-07-01,18.53,17.35,17.54,19.37,17.80666666666667,18.139999999999997,0.6335876682302417,0.9200988089232075,-0.4999999999999998,-0.8660254037844388,-0.037687145069695394,0
NY,2019,8,18.38,2019-08-01,18.64,18.53,17.35,19.02,18.173333333333336,18.07916666666667,0.7151456728061779,0.8530742089998312,-0.8660254037844384,-0.5000000000000004,-0.03364879074658256,0
NY,2019,9,18.72,2019-09-01,18.38,18.64,18.53,19.28,18.516666666666666,18.025833333333335,0.13051181300315842,0.8077067237031201,-1.0,-1.8369701987210297e-16,-0.02904564315352709,0
NY,2019,10,18.58,2019-10-01,18.72,18.38,18.64,19.29,18.58,17.979166666666668,0.17776388834640386,0.7421768759208195,-0.8660254037844386,0.5000000000000001,-0.03680663556246766,0
NY,2019,11,18.01,2019-11-01,18.58,18.72,18.38,18.17,18.56,17.92,0.17088007490645082,0.6508595715039066,-0.5000000000000004,0.8660254037844384,-0.008805723720418324,0
NY,2019,12,17.33,2019-12-01,18.01,18.58,18.72,17.33,18.436666666666667,17.906666666666666,0.3760762334067087,0.6468993645682871,-2.4492935982947064e-16,1.0,0.0,0
NY,2020,1,17.58,2020-01-01,17.33,18.01,18.58,17.3,17.973333333333333,17.906666666666666,0.6258061467686453,0.6468993645682871,0.49999999999999994,0.8660254037844387,0.016184971098265777,0
NY,2020,2,17.46,2020-02-01,17.58,17.33,18.01,17.65,17.64,17.93,0.34394767043856544,0.6277955660303287,0.8660254037844386,0.5000000000000001,-0.01076487252124636,0
NY,2020,3,17.2,2020-03-01,17.46,17.58,17.33,16.85,17.456666666666667,17.914166666666667,0.12503332889059665,0.6378152815144835,1.0,6.123233995736766e-17,0.020771513353115667,0
NY,2020,4,17.35,2020-04-01,17.2,17.46,17.58,17.54,17.413333333333338,17.94333333333333,0.19425069712479268,0.5910135105875663,0.8660254037844387,-0.49999999999999983,-0.010832383124287248,0
NY,2020,5,18.55,2020-05-01,17.35,17.2,17.46,17.35,17.33666666666667,17.9275,0.13051181300355552,0.6051765332229138,0.49999999999999994,-0.8660254037844387,0.06916426512968288,0
NY,2020,6,19.13,2020-06-01,18.55,17.35,17.2,18.53,17.7,18.0275,0.7399324293475099,0.6001988306917249,1.2246467991473532e-16,-1.0,0.03237992444684279,0
NY,2020,7,18.75,2020-07-01,19.13,18.55,17.35,18.64,18.343333333333334,18.0775,0.9078178965703319,0.6671257888748567,-0.4999999999999998,-0.8660254037844388,0.005901287553647938,0
NY,2020,8,18.43,2020-08-01,18.75,19.13,18.55,18.38,18.810000000000002,18.086666666666666,0.29461839725314176,0.676250805186385,-0.8660254037844384,-0.5000000000000004,0.002720348204570122,0
NY,2020,9,19.01,2020-09-01,18.43,18.75,19.13,18.72,18.77,18.090833333333332,0.35042830935872443,0.6783731653855676,-1.0,-1.8369701987210297e-16,0.015491452991453158,0
NY,2020,10,19.29,2020-10-01,19.01,18.43,18.75,18.58,18.73,18.115,0.29051678092671007,0.7073702900693618,-0.8660254037844386,0.5000000000000001,0.03821313240043067,0
NY,2020,11,18.95,2020-11-01,19.29,19.01,18.43,18.01,18.91,18.174166666666668,0.438634243989229,0.7761496848762002,-0.5000000000000004,0.8660254037844384,0.05219322598556353,0
NY,2020,12,18.26,2020-12-01,18.95,19.29,19.01,17.33,19.083333333333332,18.2525,0.18147543451751552,0.8049745902257971,-2.4492935982947064e-16,1.0,0.05366416618580505,0
NY,2021,1,18.31,2021-01-01,18.26,18.95,19.29,17.58,18.833333333333332,18.330000000000002,0.5248174285723944,0.7510477529910023,0.49999999999999994,0.8660254037844387,0.04152445961319695,0
NY,2021,2,18.83,2021-02-01,18.31,18.26,18.95,17.46,18.50666666666667,18.390833333333333,0.38475100173146676,0.71339722880084,0.8660254037844386,0.5000000000000001,0.07846506300114542,0
NY,2021,3,18.04,2021-03-01,18.83,18.31,18.26,17.2,18.46666666666667,18.505,0.3156474826976602,0.6583933612833153,1.0,6.123233995736766e-17,0.04883720930232549,0
NY,2021,4,18.55,2021-04-01,18.04,18.83,18.31,17.35,18.39333333333333,18.575,0.4015387071421335,0.5412695514000934,0.8660254037844387,-0.49999999999999983,0.06916426512968288,0
NY,2021,5,19.93,2021-05-01,18.55,18.04,18.83,18.55,18.473333333333333,18.675,0.4005413004090464,0.3817066936800318,0.49999999999999994,-0.8660254037844387,0.0743935309973045,0
NY,2021,6,19.6,2021-06-01,19.93,18.55,18.04,19.13,18.84,18.79,0.9778036612735758,0.5225288160824407,1.2246467991473532e-16,-1.0,0.02456874019864097,0
NY,2021,7,19.64,2021-07-01,19.6,19.93,18.55,18.75,19.360000000000003,18.829166666666666,0.7206247289678384,0.5661265251022957,-0.4999999999999998,-0.8660254037844388,0.04746666666666677,0
NY,2021,8,19.97,2021-08-01,19.64,19.6,19.93,18.43,19.723333333333333,18.903333333333332,0.18009256878971458,0.6113075900863125,-0.8660254037844384,-0.5000000000000004,0.08355941399891487,0
NY,2021,9,20.5,2021-09-01,19.97,19.64,19.6,19.01,19.736666666666668,19.031666666666666,0.20305992547343532,0.6624175191653282,-1.0,-1.8369701987210297e-16,0.07837980010520762,1
NY,2021,10,20.66,2021-10-01,20.5,19.97,19.64,19.29,20.036666666666665,19.155833333333334,0.43385865593906997,0.7860888029102039,-0.8660254037844386,0.5000000000000001,0.07102125453602914,1
NY,2021,11,20.09,2021-11-01,20.66,20.5,19.97,18.95,20.376666666666665,19.27,0.3611555528207102,0.8987567170062427,-0.5000000000000004,0.8660254037844384,0.06015831134564653,1
NY,2021,12,19.56,2021-12-01,20.09,20.66,20.5,18.26,20.416666666666668,19.365,0.2939954648174514,0.9218114577485879,-2.4492935982947064e-16,1.0,0.07119386637458902,0
NY,2022,1,21.05,2022-01-01,19.56,20.09,20.66,18.31,20.103333333333335,19.473333333333333,0.5501211987673736,0.8540420825627408,0.49999999999999994,0.8660254037844387,0.14964500273074832,1
NY,2022,2,21.64,2022-02-01,21.05,19.56,20.09,18.83,20.233333333333334,19.701666666666664,0.7552703710150719,0.8806075726280953,0.8660254037844386,0.5000000000000001,0.14922995220392998,1
NY,2022,3,20.75,2022-03-01,21.64,21.05,19.56,18.04,20.75,19.93583333333333,1.0719608201794852,0.9940501023896531,1.0,6.123233995736766e-17,0.15022172949002233,1
NY,2022,4,21.06,2022-04-01,20.75,21.64,21.05,18.55,21.14666666666667,20.161666666666665,0.4528060659191489,0.8160975134844172,0.8660254037844387,-0.49999999999999983,0.13530997304582204,1
NY,2022,5,21.86,2022-05-01,21.06,20.75,21.64,19.93,21.150000000000002,20.370833333333334,0.45177427992288727,0.6749203095497597,0.49999999999999994,-0.8660254037844387,0.09683893627696949,1
NY,2022,6,22.36,2022-06-01,21.86,21.06,20.75,19.6,21.223333333333333,20.531666666666666,0.5727419430539111,0.7818141296584948,1.2246467991473532e-16,-1.0,0.14081632653061216,1
NY,2022,7,21.88,2022-07-01,22.36,21.86,21.06,19.64,21.76,20.761666666666667,0.6557438524300392,0.882329904631155,-0.4999999999999998,-0.8660254037844388,0.11405295315682262,1
NY,2022,8,21.2,2022-08-01,21.88,22.36,21.86,19.97,22.03333333333333,20.948333333333334,0.28307831660707733,0.8601250789946399,-0.8660254037844384,-0.5000000000000004,0.06159238858287441,1
NY,2022,9,23.95,2022-09-01,21.2,21.88,22.36,20.5,21.813333333333333,21.050833333333333,0.5828664798503324,0.8044247897874841,-1.0,-1.8369701987210297e-16,0.1682926829268292,1
NY,2022,10,23.26,2022-10-01,23.95,21.2,21.88,20.66,22.343333333333334,21.338333333333335,1.432352377501104,1.1373000989852877,-0.8660254037844386,0.5000000000000001,0.12584704743465647,1
NY,2022,11,23.66,2022-11-01,23.26,23.95,21.2,20.09,22.803333333333338,21.554999999999996,1.4307457263025531,1.239402348641731,-0.5000000000000004,0.8660254037844384,0.17770034843205584,1
NY,2022,12,22.78,2022-12-01,23.66,23.26,23.95,19.56,23.623333333333335,21.852500000000003,0.3464582706949522,1.2834621147507603,-2.4492935982947064e-16,1.0,0.16462167689161578,1
NY,2023,1,23.62,2023-01-01,22.78,23.66,23.26,21.05,23.233333333333334,22.120833333333334,0.4406056437824822,1.0812741501947205,0.49999999999999994,0.8660254037844387,0.12209026128266043,1
NY,2023,2,24.18,2023-02-01,23.62,22.78,23.66,21.64,23.353333333333335,22.334999999999997,0.4969238707618742,1.1041697827288446,0.8660254037844386,0.5000000000000001,0.11737523105360448,1
NY,2023,3,21.21,2023-03-01,24.18,23.62,22.78,20.75,23.52666666666667,22.546666666666667,0.7046512139583274,1.1982740112600239,1.0,6.123233995736766e-17,0.022168674698795243,1
NY,2023,4,19.81,2023-04-01,21.21,24.18,23.62,21.06,23.003333333333334,22.584999999999997,1.5781106847534494,1.1415898005535345,0.8660254037844387,-0.49999999999999983,-0.059354226020892686,0
NY,2023,5,20.47,2023-05-01,19.81,21.21,24.18,21.86,21.733333333333334,22.480833333333333,2.231509205298768,1.3341763433489924,0.49999999999999994,-0.8660254037844387,-0.06358645928636786,1
NY,2023,6,21.63,2023-06-01,20.47,19.81,21.21,22.36,20.496666666666666,22.365,0.7003808487767758,1.4484254774191603,1.2246467991473532e-16,-1.0,-0.032647584973166444,1
NY,2023,7,22.29,2023-07-01,21.63,20.47,19.81,21.88,20.636666666666667,22.304166666666664,0.9213757829101341,1.4639017498909839,-0.4999999999999998,-0.8660254037844388,0.01873857404021928,1
NY,2023,8,22.26,2023-08-01,22.29,21.63,20.47,21.2,21.463333333333335,22.338333333333335,0.9213757829100911,1.457874126835896,-0.8660254037844384,-0.5000000000000004,0.050000000000000044,1
NY,2023,9,23.24,2023-09-01,22.26,22.29,21.63,23.95,22.060000000000002,22.426666666666666,0.3726929030714111,1.4140871346006199,-1.0,-1.8369701987210297e-16,-0.029645093945720236,1
NY,2023,10,21.99,2023-10-01,23.24,22.26,22.29,23.26,22.596666666666668,22.367499999999996,0.5573448962115614,1.358308607323031,-0.8660254037844386,0.5000000000000001,-0.05460017196904565,1
NY,2023,11,22.85,2023-11-01,21.99,23.24,22.26,23.66,22.49666666666667,22.261666666666667,0.6577486855426518,1.3316622103314295,-0.5000000000000004,0.8660254037844384,-0.03423499577345723,1
NY,2023,12,22.42,2023-12-01,22.85,21.99,23.24,22.78,22.69333333333333,22.194166666666664,0.6395571384427422,1.2736023236428304,-2.4492935982947064e-16,1.0,-0.015803336259877065,1
NY,2024,1,23.49,2024-01-01,22.42,22.85,21.99,23.62,22.42,22.16416666666667,0.4299999999997223,1.2627420260064834,0.49999999999999994,0.8660254037844387,-0.005503810330228731,1
NY,2024,2,24.3,2024-02-01,23.49,22.42,22.85,24.18,22.92,22.153333333333332,0.5384236250386054,1.2496059985114043,0.8660254037844386,0.5000000000000001,0.00496277915632759,1
NY,2024,3,23.69,2024-03-01,24.3,23.49,22.42,21.21,23.403333333333336,22.16333333333333,0.9429916931410388,1.2676487420945393,1.0,6.123233995736766e-17,0.11692597831211704,1
NY,2024,4,23.03,2024-04-01,23.69,24.3,23.49,19.81,23.826666666666668,22.37,0.4219399641334839,1.299846144741969,0.8660254037844387,-0.49999999999999983,0.16254416961130747,1
NY,2024,5,23.68,2024-05-01,23.03,23.69,24.3,20.47,23.673333333333336,22.638333333333335,0.6351640208111434,1.0270684967275985,0.49999999999999994,-0.8660254037844387,0.15681485100146553,1
NY,2024,6,24.6,2024-06-01,23.68,23.03,23.69,21.63,23.46666666666667,22.905833333333334,0.37819747927900965,0.8050009410877348,1.2246467991473532e-16,-1.0,0.13730929264909864,1
NY,2024,7,25.09,2024-07-01,24.6,23.68,23.03,22.29,23.77,23.153333333333336,0.7888599368706944,0.8331575572196233,-0.4999999999999998,-0.8660254037844388,0.1256168685509198,1
NY,2024,8,25.2,2024-08-01,25.09,24.6,23.68,22.26,24.456666666666667,23.386666666666667,0.7158444896294902,0.9528744392470502,-0.8660254037844384,-0.5000000000000004,0.13207547169811318,1
NY,2024,9,25.05,2024-09-01,25.2,25.09,24.6,23.24,24.963333333333335,23.631666666666664,0.3194265695474556,1.012924060093285,-1.0,-1.8369701987210297e-16,0.07788296041308107,1
NY,2024,10,25.05,2024-10-01,25.05,25.2,25.09,21.99,25.113333333333333,23.7825,0.07767453464837158,1.0817252633895895,-0.8660254037844386,0.5000000000000001,0.13915416098226485,1
NY,2024,11,24.74,2024-11-01,25.05,25.05,25.2,22.85,25.099999999999998,24.037499999999998,0.08660254037560937,0.9762928491356929,-0.5000000000000004,0.8660254037844384,0.0827133479212252,1
NY,2024,12,24.41,2024-12-01,24.74,25.05,25.05,22.42,24.94666666666667,24.195000000000004,0.17897858344878478,0.9180166368074855,-2.4492935982947064e-16,1.0,0.0887600356824263,1
NY,2025,1,25.34,2025-01-01,24.41,24.74,25.05,23.49,24.733333333333334,24.360833333333332,0.3200520790954683,0.7283787517915443,0.49999999999999994,0.8660254037844387,0.0787569178373777,1
NY,2025,2,26.22,2025-02-01,25.34,24.41,24.74,24.3,24.830000000000002,24.515,0.4714870093650499,0.723067958582105,0.8660254037844386,0.5000000000000001,0.07901234567901216,1
NY,2025,3,25.45,2025-03-01,26.22,25.34,24.41,23.69,25.323333333333334,24.674999999999997,0.905115093970557,0.8688916660168661,1.0,6.123233995736766e-17,0.07429295061207242,1
NY,2025,4,25.69,2025-04-01,25.45,26.22,25.34,23.03,25.67,24.82166666666667,0.47947888378947046,0.8354077211798531,0.8660254037844387,-0.49999999999999983,0.11550151975683898,1
NY,2025,5,26.69,2025-05-01,25.69,25.45,26.22,23.68,25.786666666666665,25.043333333333337,0.39399661589070695,0.6488638088421349,0.49999999999999994,-0.8660254037844387,0.12711148648648662,1
NY,2025,6,26.55,2025-06-01,26.69,25.69,25.45,24.6,25.94333333333333,25.29416666666667,0.6576726642740522,0.6556808859829105,1.2246467991473532e-16,-1.0,0.0792682926829269,1
NY,2025,7,26.22,2025-07-01,26.55,26.69,25.69,25.09,26.310000000000002,25.456666666666663,0.5414794548272296,0.707586593908984,-0.4999999999999998,-0.8660254037844388,0.04503786369071339,1
NY,2025,8,26.67,2025-08-01,26.22,26.55,26.69,25.2,26.486666666666668,25.550833333333333,0.2413158373031636,0.7292145005961745,-0.8660254037844384,-0.5000000000000004,0.05833333333333335,1
NY,2025,9,27.23,2025-09-01,26.67,26.22,26.55,25.05,26.48,25.673333333333336,0.2330236039546077,0.7861683064468834,-1.0,-1.8369701987210297e-16,0.0870259481037925,1
NY,2025,10,26.95,2025-10-01,27.23,26.67,26.22,25.05,26.706666666666667,25.855,0.5059973649470195,0.8758009321348365,-0.8660254037844386,0.5000000000000001,0.07584830339321358,1
NY,2025,11,26.42,2025-11-01,26.95,27.23,26.67,24.74,26.950000000000003,26.013333333333335,0.2799999999999864,0.8886898767121696,-0.5000000000000004,0.8660254037844384,0.0679062247372677,1
NY,2025,12,27.39,2025-12-01,26.42,26.95,27.23,24.41,26.86666666666667,26.153333333333332,0.41137979208187464,0.7975112804376207,-2.4492935982947064e-16,1.0,0.12208111429741919,1
NY,2026,1,28.37,2026-01-01,27.39,26.42,26.95,25.34,26.92,26.40166666666667,0.4856953777832276,0.6568773696733047,0.49999999999999994,0.8660254037844387,0.1195737963693766,1
NY,2026,2,29.99,2026-02-01,28.37,27.39,26.42,26.22,27.393333333333334,26.65416666666667,0.9750042734949009,0.7821004159359162,0.8660254037844386,0.5000000000000001,0.14378337147215858,1
NY,2026,3,28.55,2026-03-01,29.99,28.37,27.39,25.45,28.583333333333332,26.968333333333334,1.3130625778436098,1.2241273948364153,1.0,6.123233995736766e-17,0.12180746561886058,1
TX,2002,1,8.11,2002-01-01,8.23,8.4,9.11,7.68,8.58,8.77,0.4667976006793551,0.6534384578380875,0.49999999999999994,0.8660254037844387,0.05598958333333326,0
TX,2002,2,7.98,2002-02-01,8.11,8.23,8.4,8.02,8.246666666666668,8.805833333333334,0.1457166199626421,0.5976386614811409,0.8660254037844386,0.5000000000000001,-0.004987531172069737,0
TX,2002,3,7.79,2002-03-01,7.98,8.11,8.23,8.39,8.106666666666667,8.8025,0.12503332889008986,0.6025117878892118,1.0,6.123233995736766e-17,-0.0715137067938022,0
TX,2002,4,7.98,2002-04-01,7.79,7.98,8.11,8.52,7.96,8.7525,0.16093476939432447,0.6618311374855786,0.8660254037844387,-0.49999999999999983,-0.06338028169014076,0
TX,2002,5,8.15,2002-05-01,7.98,7.79,7.98,8.91,7.916666666666667,8.7075,0.10969655114605004,0.6965254677847235,0.49999999999999994,-0.8660254037844387,-0.08529741863075191,0
TX,2002,6,8.5,2002-06-01,8.15,7.98,7.79,9.63,7.973333333333334,8.644166666666667,0.18009256878988048,0.7108440352315292,1.2246467991473532e-16,-1.0,-0.11734164070612674,0
TX,2002,7,8.49,2002-07-01,8.5,8.15,7.98,9.55,8.21,8.549999999999999,0.26514147167126434,0.6396590000645954,-0.4999999999999998,-0.8660254037844388,-0.11099476439790579,0
TX,2002,8,8.07,2002-08-01,8.49,8.5,8.15,9.53,8.38,8.461666666666666,0.19924858845172183,0.5568390224918683,-0.8660254037844384,-0.5000000000000004,-0.15320041972717724,0
TX,2002,9,8.04,2002-09-01,8.07,8.49,8.5,9.27,8.353333333333333,8.34,0.24542480178934012,0.4517843411508358,-1.0,-1.8369701987210297e-16,-0.1326860841423949,0
TX,2002,10,7.51,2002-10-01,8.04,8.07,8.49,9.11,8.200000000000001,8.237499999999999,0.25159491250819055,0.3495744165800436,-0.8660254037844386,0.5000000000000001,-0.17563117453347965,0
TX,2002,11,7.44,2002-11-01,7.51,8.04,8.07,8.4,7.873333333333332,8.104166666666666,0.3150132272355215,0.28586259678809134,-0.5000000000000004,0.8660254037844384,-0.11428571428571432,0
TX,2002,12,8.07,2002-12-01,7.44,7.51,8.04,8.23,7.663333333333333,8.024166666666666,0.3280751946327829,0.32692668995673624,-2.4492935982947064e-16,1.0,-0.019441069258809285,0
TX,2003,1,7.71,2003-01-01,8.07,7.44,7.51,8.11,7.673333333333333,8.010833333333334,0.3453018003621451,0.3209774371377568,0.49999999999999994,0.8660254037844387,-0.04932182490752146,0
TX,2003,2,8.11,2003-02-01,7.71,8.07,7.44,7.98,7.739999999999999,7.9775,0.31606961258559013,0.33037513113540357,0.8660254037844386,0.5000000000000001,0.016290726817042467,0
TX,2003,3,9.02,2003-03-01,8.11,7.71,8.07,7.79,7.963333333333332,7.988333333333333,0.22030282189145306,0.332588561912702,1.0,6.123233995736766e-17,0.1578947368421053,0
TX,2003,4,9.03,2003-04-01,9.02,8.11,7.71,7.98,8.28,8.090833333333334,0.6713419396998838,0.4385608350737816,0.8660254037844387,-0.49999999999999983,0.13157894736842102,0
TX,2003,5,9.35,2003-05-01,9.03,9.02,8.11,8.15,8.719999999999999,8.178333333333333,0.5282991576748924,0.512885479567828,0.49999999999999994,-0.8660254037844387,0.1472392638036808,0
TX,2003,6,10.07,2003-06-01,9.35,9.03,9.02,8.5,9.133333333333331,8.278333333333334,0.1877054430040118,0.6138971387534741,1.2246467991473532e-16,-1.0,0.18470588235294128,0
TX,2003,7,9.97,2003-07-01,10.07,9.35,9.03,8.49,9.483333333333333,8.409166666666666,0.5326662494783497,0.8034636195116692,-0.4999999999999998,-0.8660254037844388,0.17432273262661968,0
TX,2003,8,9.89,2003-08-01,9.97,10.07,9.35,8.07,9.796666666666665,8.5325,0.39004273270159856,0.9218669298568206,-0.8660254037844384,-0.5000000000000004,0.22552664188351934,0
TX,2003,9,9.52,2003-09-01,9.89,9.97,10.07,8.04,9.976666666666667,8.684166666666666,0.09018499505644176,0.9863196820258218,-1.0,-1.8369701987210297e-16,0.1840796019900499,0
TX,2003,10,8.93,2003-10-01,9.52,9.89,9.97,7.51,9.793333333333331,8.807500000000001,0.24006943440040512,0.9909694518729913,-0.8660254037844386,0.5000000000000001,0.18908122503328895,0
TX,2003,11,8.59,2003-11-01,8.93,9.52,9.89,7.44,9.446666666666665,8.925833333333333,0.4841831609353317,0.9028083289313852,-0.5000000000000004,0.8660254037844384,0.15456989247311825,0
TX,2003,12,8.38,2003-12-01,8.59,8.93,9.52,8.07,9.013333333333334,9.021666666666667,0.47056703383612336,0.7839623522191423,-2.4492935982947064e-16,1.0,0.03841387856257761,0
TX,2004,1,8.61,2004-01-01,8.38,8.59,8.93,7.71,8.633333333333331,9.0475,0.27754879450886816,0.754298289200572,0.49999999999999994,0.8660254037844387,0.11673151750972766,0
TX,2004,2,8.55,2004-02-01,8.61,8.38,8.59,8.11,8.526666666666666,9.1225,0.12741009902408,0.6462215353323294,0.8660254037844386,0.5000000000000001,0.054254007398273796,0
TX,2004,3,8.93,2004-03-01,8.55,8.61,8.38,9.02,8.513333333333332,9.159166666666666,0.11930353445445724,0.5939154873048909,1.0,6.123233995736766e-17,-0.009977827050997812,0
TX,2004,4,9.39,2004-04-01,8.93,8.55,8.61,9.03,8.696666666666665,9.151666666666666,0.20428737928057764,0.5963957400819349,0.8660254037844387,-0.49999999999999983,0.039867109634551534,0
TX,2004,5,9.76,2004-05-01,9.39,8.93,8.55,9.35,8.956666666666665,9.181666666666667,0.42063444144925627,0.5987689390944074,0.49999999999999994,-0.8660254037844387,0.04385026737967923,0
TX,2004,6,10.44,2004-06-01,9.76,9.39,8.93,10.07,9.36,9.215833333333334,0.4158124577258325,0.6205489993594865,1.2246467991473532e-16,-1.0,0.036742800397219444,0
TX,2004,7,10.48,2004-07-01,10.44,9.76,9.39,9.97,9.863333333333332,9.246666666666668,0.5325723737984674,0.6737592412364481,-0.4999999999999998,-0.8660254037844388,0.051153460381143434,0
TX,2004,8,10.71,2004-08-01,10.48,10.44,9.76,9.89,10.226666666666665,9.289166666666667,0.4046397574798342,0.7366812352871773,-0.8660254037844384,-0.5000000000000004,0.08291203235591516,0
TX,2004,9,10.32,2004-09-01,10.71,10.48,10.44,9.52,10.543333333333331,9.3575,0.14571661996266186,0.8296453240007821,-1.0,-1.8369701987210297e-16,0.0840336134453783,0
TX,2004,10,9.57,2004-10-01,10.32,10.71,10.48,8.93,10.503333333333332,9.424166666666666,0.19604421270045794,0.8748034411260961,-0.8660254037844386,0.5000000000000001,0.07166853303471443,0
TX,2004,11,9.37,2004-11-01,9.57,10.32,10.71,8.59,10.2,9.477500000000001,0.5793962374748444,0.861342767797096,-0.5000000000000004,0.8660254037844384,0.09080325960419078,0
TX,2004,12,9.24,2004-12-01,9.37,9.57,10.32,8.38,9.753333333333332,9.5425,0.5008326400438934,0.8165462186996675,-2.4492935982947064e-16,1.0,0.10262529832935563,0
TX,2005,1,9.15,2005-01-01,9.24,9.37,9.57,8.61,9.393333333333333,9.614166666666668,0.16623276853055363,0.7393296513283714,0.49999999999999994,0.8660254037844387,0.06271777003484336,0
TX,2005,2,9.5,2005-02-01,9.15,9.24,9.37,8.55,9.253333333333332,9.659166666666668,0.11060440015357173,0.6872535370897859,0.8660254037844386,0.5000000000000001,0.11111111111111094,0
TX,2005,3,10.05,2005-03-01,9.5,9.15,9.24,8.93,9.296666666666667,9.738333333333335,0.1817507450695365,0.5966091050616151,1.0,6.123233995736766e-17,0.12541993281075037,0
TX,2005,4,10.15,2005-04-01,10.05,9.5,9.15,9.39,9.566666666666665,9.831666666666667,0.45368858629387354,0.5439390563010651,0.8660254037844387,-0.49999999999999983,0.0809371671991479,0
TX,2005,5,10.72,2005-05-01,10.15,10.05,9.5,9.76,9.9,9.895000000000001,0.35000000000000353,0.5319518091638782,0.49999999999999994,-0.8660254037844387,0.09836065573770503,0
TX,2005,6,11.21,2005-06-01,10.72,10.15,10.05,10.44,10.306666666666665,9.975,0.36143233576056527,0.5798353998412703,1.2246467991473532e-16,-1.0,0.07375478927203072,0
TX,2005,7,11.29,2005-07-01,11.21,10.72,10.15,10.48,10.693333333333333,10.039166666666667,0.5305029060555098,0.6713549167485248,-0.4999999999999998,-0.8660254037844388,0.0772900763358777,0
TX,2005,8,11.47,2005-08-01,11.29,11.21,10.72,10.71,11.073333333333332,10.106666666666667,0.30859898466026026,0.7551921288752583,-0.8660254037844384,-0.5000000000000004,0.07096171802054152,0
TX,2005,9,11.66,2005-09-01,11.47,11.29,11.21,10.32,11.323333333333332,10.17,0.13316656236963492,0.8377458933460519,-1.0,-1.8369701987210297e-16,0.1298449612403101,0
TX,2005,10,11.6,2005-10-01,11.66,11.47,11.29,9.57,11.473333333333334,10.281666666666666,0.18502252115174322,0.9423359112848037,-0.8660254037844386,0.5000000000000001,0.21212121212121215,0
TX,2005,11,11.5,2005-11-01,11.6,11.66,11.47,9.37,11.576666666666666,10.450833333333334,0.0971253485622969,0.9842436720957854,-0.5000000000000004,0.8660254037844384,0.22732123799359671,0
TX,2005,12,11.42,2005-12-01,11.5,11.6,11.66,9.24,11.586666666666666,10.628333333333332,0.08082903768663721,0.9634486666830369,-2.4492935982947064e-16,1.0,0.23593073593073588,0
TX,2006,1,11.91,2006-01-01,11.42,11.5,11.6,9.15,11.506666666666666,10.81,0.09018499505653527,0.8797623646086508,0.49999999999999994,0.8660254037844387,0.3016393442622951,0
TX,2006,2,12.12,2006-02-01,11.91,11.42,11.5,9.5,11.61,11.04,0.26286878856192625,0.7587909042441279,0.8660254037844386,0.5000000000000001,0.27578947368421036,0
TX,2006,3,12.42,2006-03-01,12.12,11.91,11.42,10.05,11.816666666666665,11.258333333333333,0.35921210076130466,0.6435813621423114,1.0,6.123233995736766e-17,0.23582089552238794,0
TX,2006,4,12.72,2006-04-01,12.42,12.12,11.91,10.15,12.149999999999999,11.455833333333333,0.25632011235956614,0.601323666185802,0.8660254037844387,-0.49999999999999983,0.2532019704433497,0
TX,2006,5,12.98,2006-05-01,12.72,12.42,12.12,10.72,12.42,11.67,0.30000000000004173,0.5493798156268238,0.49999999999999994,-0.8660254037844387,0.21082089552238803,0
TX,2006,6,13.41,2006-06-01,12.98,12.72,12.42,11.21,12.706666666666665,11.858333333333333,0.2802379940931679,0.5805926961199727,1.2246467991473532e-16,-1.0,0.19625334522747528,1
TX,2006,7,13.31,2006-07-01,13.41,12.98,12.72,11.29,13.036666666666667,12.041666666666666,0.3484728588188288,0.6936049875742374,-0.4999999999999998,-0.8660254037844388,0.1789193976970771,1
TX,2006,8,13.35,2006-08-01,13.31,13.41,12.98,11.47,13.233333333333334,12.209999999999999,0.22501851775658474,0.7382780949307135,-0.8660254037844384,-0.5000000000000004,0.16390584132519614,1
TX,2006,9,13.25,2006-09-01,13.35,13.31,13.41,11.66,13.356666666666664,12.366666666666667,0.050332229568859146,0.7659258608001177,-1.0,-1.8369701987210297e-16,0.13636363636363624,1
TX,2006,10,13.18,2006-10-01,13.25,13.35,13.31,11.6,13.303333333333333,12.499166666666667,0.050332229568851854,0.7700821483137309,-0.8660254037844386,0.5000000000000001,0.13620689655172424,1
TX,2006,11,12.52,2006-11-01,13.18,13.25,13.35,11.5,13.259999999999998,12.630833333333333,0.08544003745339636,0.7367182554265658,-0.5000000000000004,0.8660254037844384,0.08869565217391306,0
TX,2006,12,11.91,2006-12-01,12.52,13.18,13.25,11.42,12.983333333333333,12.715833333333334,0.4027819923151581,0.647870053375351,-2.4492935982947064e-16,1.0,0.04290718038528896,0
TX,2007,1,12.08,2007-01-01,11.91,12.52,13.18,11.91,12.536666666666664,12.756666666666666,0.6351640208114461,0.5694707803715159,0.49999999999999994,0.8660254037844387,0.014273719563392184,0
TX,2007,2,11.97,2007-02-01,12.08,11.91,12.52,12.12,12.169999999999996,12.770833333333334,0.3148015247739867,0.5482112786696198,0.8660254037844386,0.5000000000000001,-0.012376237623762276,0
TX,2007,3,12.46,2007-03-01,11.97,12.08,11.91,12.42,11.986666666666666,12.758333333333333,0.08621678104266875,0.5658273641850309,1.0,6.123233995736766e-17,0.0032206119162641045,0
TX,2007,4,12.56,2007-04-01,12.46,11.97,12.08,12.72,12.17,12.761666666666668,0.25709920264370245,0.5637670913890831,0.8660254037844387,-0.49999999999999983,-0.012578616352201255,0
TX,2007,5,12.62,2007-05-01,12.56,12.46,11.97,12.98,12.329999999999998,12.748333333333335,0.3157530680769844,0.5667263783156397,0.49999999999999994,-0.8660254037844387,-0.027734976887519358,0
TX,2007,6,12.73,2007-06-01,12.62,12.56,12.46,13.41,12.546666666666667,12.718333333333334,0.08082903768673277,0.5628633506590438,1.2246467991473532e-16,-1.0,-0.05070842654735275,0
TX,2007,7,12.51,2007-07-01,12.73,12.62,12.56,13.31,12.636666666666665,12.661666666666667,0.08621678104269473,0.5194548424389828,-0.4999999999999998,-0.8660254037844388,-0.06010518407212628,0
TX,2007,8,12.4,2007-08-01,12.51,12.73,12.62,13.35,12.62,12.594999999999999,0.11000000000013886,0.47839694435020425,-0.8660254037844384,-0.5000000000000004,-0.07116104868913853,0
TX,2007,9,12.44,2007-09-01,12.4,12.51,12.73,13.25,12.546666666666667,12.515833333333333,0.16802777548180375,0.4167287832485971,-1.0,-1.8369701987210297e-16,-0.06113207547169819,0
TX,2007,10,12.42,2007-10-01,12.44,12.4,12.51,13.18,12.449999999999998,12.448333333333332,0.0556776436285664,0.3467205669052962,-0.8660254037844386,0.5000000000000001,-0.05766312594840661,0
TX,2007,11,12.03,2007-11-01,12.42,12.44,12.4,12.52,12.42,12.385,0.020000000000739232,0.2593172854736719,-0.5000000000000004,0.8660254037844384,-0.03913738019169333,0
TX,2007,12,11.75,2007-12-01,12.03,12.42,12.44,11.91,12.296666666666667,12.344166666666666,0.23115651263453946,0.2742745251595469,-2.4492935982947064e-16,1.0,-0.013434089000839644,0
TX,2008,1,11.65,2008-01-01,11.75,12.03,12.42,12.08,12.066666666666665,12.330833333333333,0.3365016097039649,0.2999835854094878,0.49999999999999994,0.8660254037844387,-0.03559602649006621,0
TX,2008,2,11.35,2008-02-01,11.65,11.75,12.03,11.97,11.809999999999997,12.295,0.1969771560359802,0.35356624684643073,0.8660254037844386,0.5000000000000001,-0.05179615705931506,0
TX,2008,3,11.97,2008-03-01,11.35,11.65,11.75,12.46,11.583333333333334,12.243333333333332,0.20816659994666079,0.44008952257327,1.0,6.123233995736766e-17,-0.0393258426966292,0
TX,2008,4,12.53,2008-04-01,11.97,11.35,11.65,12.56,11.656666666666666,12.202499999999999,0.31005375877959324,0.44089011205636275,0.8660254037844387,-0.49999999999999983,-0.0023885350318472165,0
TX,2008,5,12.94,2008-05-01,12.53,11.97,11.35,12.62,11.949999999999998,12.200000000000001,0.5902541825349689,0.4387585792996782,0.49999999999999994,-0.8660254037844387,0.02535657686212356,0
TX,2008,6,13.43,2008-06-01,12.94,12.53,11.97,12.73,12.479999999999999,12.226666666666667,0.48692915295762595,0.47484606756165587,1.2246467991473532e-16,-1.0,0.054988216810683443,1
TX,2008,7,14.06,2008-07-01,13.43,12.94,12.53,12.51,12.966666666666667,12.284999999999998,0.4505922029211914,0.5747805905497394,-0.4999999999999998,-0.8660254037844388,0.1239008792965628,1
TX,2008,8,13.84,2008-08-01,14.06,13.43,12.94,12.4,13.476666666666665,12.414166666666667,0.561456439390787,0.7707075654975304,-0.8660254037844384,-0.5000000000000004,0.11612903225806437,1
TX,2008,9,13.51,2008-09-01,13.84,14.06,13.43,12.44,13.776666666666666,12.534166666666666,0.31973947728327967,0.8735451108019767,-1.0,-1.8369701987210297e-16,0.08601286173633449,1
TX,2008,10,13.53,2008-10-01,13.51,13.84,14.06,12.42,13.803333333333333,12.623333333333333,0.2768272626266875,0.9166077116027735,-0.8660254037844386,0.5000000000000001,0.08937198067632846,1
TX,2008,11,13.28,2008-11-01,13.53,13.51,13.84,12.03,13.626666666666665,12.715833333333334,0.1850225211518359,0.949635895137346,-0.5000000000000004,0.8660254037844384,0.10390689941812137,1
TX,2008,12,13.08,2008-12-01,13.28,13.53,13.51,11.75,13.439999999999998,12.82,0.13892443989465755,0.9360264176535982,-2.4492935982947064e-16,1.0,0.11319148936170209,1
TX,2009,1,12.6,2009-01-01,13.08,13.28,13.53,11.65,13.296666666666667,12.930833333333334,0.22546248764123603,0.8745332088224583,0.49999999999999994,0.8660254037844387,0.08154506437768227,0
TX,2009,2,12.84,2009-02-01,12.6,13.08,13.28,11.35,12.986666666666665,13.01,0.34947579792221395,0.7866268608316077,0.8660254037844386,0.5000000000000001,0.13127753303964762,0
TX,2009,3,12.93,2009-03-01,12.84,12.6,13.08,11.97,12.839999999999998,13.134166666666667,0.24000000000006627,0.5950471078881316,1.0,6.123233995736766e-17,0.08020050125313283,0
TX,2009,4,12.88,2009-04-01,12.93,12.84,12.6,12.53,12.79,13.214166666666666,0.17058722109240973,0.4771593660466371,0.8660254037844387,-0.49999999999999983,0.027932960893854775,0
TX,2009,5,12.84,2009-05-01,12.88,12.93,12.84,12.94,12.883333333333331,13.243333333333334,0.04509249752859359,0.44085316733747365,0.49999999999999994,-0.8660254037844387,-0.007727975270479082,0
TX,2009,6,12.66,2009-06-01,12.84,12.88,12.93,13.43,12.883333333333333,13.235,0.04509249752859359,0.4479955356920061,1.2246467991473532e-16,-1.0,-0.05733432613551748,0
TX,2009,7,12.38,2009-07-01,12.66,12.84,12.88,14.06,12.793333333333331,13.170833333333334,0.11718930554177796,0.4720257761323019,-0.4999999999999998,-0.8660254037844388,-0.11948790896159311,0
TX,2009,8,12.15,2009-08-01,12.38,12.66,12.84,13.84,12.626666666666665,13.030833333333334,0.23180451534290772,0.43175031364586663,-0.8660254037844384,-0.5000000000000004,-0.12210982658959535,0
TX,2009,9,12.05,2009-09-01,12.15,12.38,12.66,13.51,12.396666666666667,12.89,0.2554081700599166,0.4192634233769879,-1.0,-1.8369701987210297e-16,-0.10806809770540338,0
TX,2009,10,11.97,2009-10-01,12.05,12.15,12.38,13.53,12.193333333333333,12.768333333333333,0.1692138686200125,0.434549575230846,-0.8660254037844386,0.5000000000000001,-0.11529933481152987,0
TX,2009,11,12.08,2009-11-01,11.97,12.05,12.15,13.28,12.056666666666665,12.638333333333334,0.09018499505653722,0.41904292106769614,-0.5000000000000004,0.8660254037844384,-0.09036144578313243,0
TX,2009,12,11.52,2009-12-01,12.08,11.97,12.05,13.08,12.033333333333331,12.538333333333334,0.05686240703089437,0.3944578173860287,-2.4492935982947064e-16,1.0,-0.11926605504587162,0
TX,2010,1,11.21,2010-01-01,11.52,12.08,11.97,12.6,11.856666666666664,12.408333333333331,0.2967041174863318,0.4525048133010174,0.49999999999999994,0.8660254037844387,-0.11031746031746026,0
TX,2010,2,11.34,2010-02-01,11.21,11.52,12.08,12.84,11.603333333333333,12.292499999999999,0.44094595284834603,0.5633201092225718,0.8660254037844386,0.5000000000000001,-0.11682242990654201,0
TX,2010,3,11.51,2010-03-01,11.34,11.21,11.52,12.93,11.356666666666664,12.167499999999999,0.15567059238446265,0.5962477367976762,1.0,6.123233995736766e-17,-0.10982211910286155,0
TX,2010,4,12.12,2010-04-01,11.51,11.34,11.21,12.88,11.353333333333332,12.049166666666666,0.15044378795194419,0.5715601985845852,0.8660254037844387,-0.49999999999999983,-0.05900621118012439,0
TX,2010,5,11.94,2010-05-01,12.12,11.51,11.34,12.84,11.656666666666666,11.985833333333332,0.4101625693957671,0.5099101227994245,0.49999999999999994,-0.8660254037844387,-0.0700934579439253,0
TX,2010,6,11.85,2010-06-01,11.94,12.12,11.51,12.66,11.856666666666664,11.910833333333334,0.3134219732777883,0.4332846709273229,1.2246467991473532e-16,-1.0,-0.06398104265402849,0
TX,2010,7,11.71,2010-07-01,11.85,11.94,12.12,12.38,11.969999999999999,11.843333333333334,0.13747727084871944,0.36342645456650763,-0.4999999999999998,-0.8660254037844388,-0.054119547657512146,0
TX,2010,8,11.7,2010-08-01,11.71,11.85,11.94,12.15,11.833333333333334,11.7875,0.11590225767146413,0.3226629257233605,-0.8660254037844384,-0.5000000000000004,-0.03703703703703709,0
TX,2010,9,11.58,2010-09-01,11.7,11.71,11.85,12.05,11.753333333333332,11.75,0.08386497083610674,0.3022040250017676,-1.0,-1.8369701987210297e-16,-0.039004149377593444,0
TX,2010,10,11.62,2010-10-01,11.58,11.7,11.71,11.97,11.663333333333332,11.710833333333333,0.07234178138074426,0.28999869383195453,-0.8660254037844386,0.5000000000000001,-0.02923976608187151,0
TX,2010,11,11.32,2010-11-01,11.62,11.58,11.7,12.08,11.633333333333331,11.681666666666667,0.06110100926612225,0.27895367270417787,-0.5000000000000004,0.8660254037844384,-0.0629139072847682,0
TX,2010,12,11.25,2010-12-01,11.32,11.62,11.58,11.52,11.506666666666666,11.618333333333332,0.16289055630494936,0.26628191941260376,-2.4492935982947064e-16,1.0,-0.0234375,0
TX,2011,1,10.7,2011-01-01,11.25,11.32,11.62,11.21,11.396666666666667,11.595833333333333,0.19655363983740762,0.286021560958844,0.49999999999999994,0.8660254037844387,-0.0454950936663695,0
TX,2011,2,10.65,2011-02-01,10.7,11.25,11.32,11.34,11.089999999999998,11.553333333333333,0.33955853692698407,0.3731763739314266,0.8660254037844386,0.5000000000000001,-0.060846560846560815,0
TX,2011,3,11.13,2011-03-01,10.65,10.7,11.25,11.51,10.866666666666665,11.495833333333332,0.3329164059239532,0.45354078363940553,1.0,6.123233995736766e-17,-0.03301476976542128,0
TX,2011,4,11.16,2011-04-01,11.13,10.65,10.7,12.12,10.826666666666666,11.464166666666666,0.263881286440175,0.46556824191389223,0.8660254037844387,-0.49999999999999983,-0.07920792079207917,0
TX,2011,5,11.27,2011-05-01,11.16,11.13,10.65,11.94,10.979999999999999,11.384166666666665,0.2861817604250676,0.4231797024977306,0.49999999999999994,-0.8660254037844387,-0.05611390284757123,0
TX,2011,6,11.25,2011-06-01,11.27,11.16,11.13,11.85,11.186666666666667,11.328333333333333,0.07371114795827875,0.3857185345284784,1.2246467991473532e-16,-1.0,-0.050632911392405,0
TX,2011,7,11.16,2011-07-01,11.25,11.27,11.16,11.71,11.226666666666665,11.278333333333334,0.058594652770776766,0.34909840585386176,-0.4999999999999998,-0.8660254037844388,-0.046968403074295506,0
TX,2011,8,11.15,2011-08-01,11.16,11.25,11.27,11.7,11.226666666666665,11.2325,0.058594652770776766,0.3223528557906313,-0.8660254037844384,-0.5000000000000004,-0.04700854700854695,0
TX,2011,9,11.16,2011-09-01,11.15,11.16,11.25,11.58,11.186666666666666,11.186666666666667,0.05507570547280535,0.2870012142303763,-1.0,-1.8369701987210297e-16,-0.03626943005181349,0
TX,2011,10,11.23,2011-10-01,11.16,11.15,11.16,11.62,11.156666666666666,11.151666666666666,0.005773502691315654,0.2589079630551131,-0.8660254037844386,0.5000000000000001,-0.033562822719449104,0
TX,2011,11,11.19,2011-11-01,11.23,11.16,11.15,11.32,11.18,11.119166666666667,0.04358898943533493,0.21563682993463346,-0.5000000000000004,0.8660254037844384,-0.01148409893992941,0
TX,2011,12,10.89,2011-12-01,11.19,11.23,11.16,11.25,11.193333333333333,11.108333333333334,0.035118845842756805,0.2077513082043576,-2.4492935982947064e-16,1.0,-0.03199999999999992,0
TX,2012,1,10.77,2012-01-01,10.89,11.19,11.23,10.7,11.103333333333332,11.078333333333333,0.185831464863531,0.2113950774921109,0.49999999999999994,0.8660254037844387,0.006542056074766434,0
TX,2012,2,11.05,2012-02-01,10.77,10.89,11.19,10.65,10.949999999999998,11.084166666666667,0.21633307652781608,0.2007014215347694,0.8660254037844386,0.5000000000000001,0.03755868544600949,0
TX,2012,3,11.01,2012-03-01,11.05,10.77,10.89,11.13,10.90333333333333,11.1175,0.14047538337133209,0.1484541557641683,1.0,6.123233995736766e-17,-0.010781671159029727,0
TX,2012,4,11.02,2012-04-01,11.01,11.05,10.77,11.16,10.943333333333333,11.1075,0.15143755588797503,0.15154507280319268,0.8660254037844387,-0.49999999999999983,-0.012544802867383575,0
TX,2012,5,10.84,2012-05-01,11.02,11.01,11.05,11.27,11.026666666666666,11.095833333333333,0.02081665999446475,0.15252173218231893,0.49999999999999994,-0.8660254037844387,-0.03815439219165928,0
TX,2012,6,10.97,2012-06-01,10.84,11.02,11.01,11.25,10.956666666666665,11.06,0.10115993936990936,0.1582862768990504,1.2246467991473532e-16,-1.0,-0.02488888888888885,0
TX,2012,7,10.87,2012-07-01,10.97,10.84,11.02,11.16,10.943333333333333,11.036666666666667,0.09291573243172277,0.1480376692439112,-0.4999999999999998,-0.8660254037844388,-0.025985663082437327,0
TX,2012,8,10.96,2012-08-01,10.87,10.97,10.84,11.15,10.89333333333333,11.012500000000001,0.06806859285546141,0.14973461371865052,-0.8660254037844384,-0.5000000000000004,-0.01704035874439458,0
TX,2012,9,11.11,2012-09-01,10.96,10.87,10.97,11.16,10.933333333333332,10.996666666666668,0.05507570547276986,0.14380120958742773,-1.0,-1.8369701987210297e-16,-0.0044802867383513245,0
TX,2012,10,11.16,2012-10-01,11.11,10.96,10.87,11.23,10.979999999999999,10.9925,0.12124355652978243,0.13929204114841698,-0.8660254037844386,0.5000000000000001,-0.006233303650934996,0
TX,2012,11,11.11,2012-11-01,11.16,11.11,10.96,11.19,11.076666666666666,10.986666666666666,0.10408329997326717,0.12956804694020257,-0.5000000000000004,0.8660254037844384,-0.007149240393208189,0
TX,2012,12,10.99,2012-12-01,11.11,11.16,11.11,10.89,11.126666666666665,10.979999999999999,0.028867513459351474,0.11984838907409794,-2.4492935982947064e-16,1.0,0.009182736455463747,0
TX,2013,1,10.84,2013-01-01,10.99,11.11,11.16,10.77,11.086666666666666,10.988333333333332,0.08736894948049516,0.11645001528821623,0.49999999999999994,0.8660254037844387,0.006499535747446661,0
TX,2013,2,11.05,2013-02-01,10.84,10.99,11.11,11.05,10.979999999999999,10.994166666666667,0.13527749258465194,0.10578351249212259,0.8660254037844386,0.5000000000000001,0.0,0
TX,2013,3,11.03,2013-03-01,11.05,10.84,10.99,11.01,10.959999999999999,10.994166666666667,0.1081665382638753,0.10578351249212259,1.0,6.123233995736766e-17,0.0018165304268846771,0
TX,2013,4,11.43,2013-04-01,11.03,11.05,10.84,11.02,10.973333333333331,10.995833333333332,0.1159022576713838,0.10621233735343596,0.8660254037844387,-0.49999999999999983,0.03720508166969139,0
TX,2013,5,11.57,2013-05-01,11.43,11.03,11.05,10.84,11.17,11.030000000000001,0.22538855339167677,0.16459316234560722,0.49999999999999994,-0.8660254037844387,0.06734317343173446,0
TX,2013,6,11.44,2013-06-01,11.57,11.43,11.03,10.97,11.343333333333332,11.090833333333334,0.28023799409310757,0.2151303339979669,1.2246467991473532e-16,-1.0,0.042844120328167534,0
TX,2013,7,11.41,2013-07-01,11.44,11.57,11.43,10.87,11.479999999999999,11.13,0.07810249675904742,0.23316010886009453,-0.4999999999999998,-0.8660254037844388,0.04967801287948492,0
TX,2013,8,11.45,2013-08-01,11.41,11.44,11.57,10.96,11.473333333333331,11.174999999999999,0.0850490054811352,0.23051326130263466,-0.8660254037844384,-0.5000000000000004,0.04470802919708006,0
TX,2013,9,11.36,2013-09-01,11.45,11.41,11.44,11.11,11.433333333333332,11.215833333333334,0.020816659994566188,0.23235780924075505,-1.0,-1.8369701987210297e-16,0.022502250225022502,0
TX,2013,10,11.68,2013-10-01,11.36,11.45,11.41,11.16,11.406666666666666,11.236666666666666,0.04509249752817891,0.23321208971211072,-0.8660254037844386,0.5000000000000001,0.04659498207885293,0
TX,2013,11,11.67,2013-11-01,11.68,11.36,11.45,11.11,11.496666666666664,11.280000000000001,0.16502525059314652,0.2639559191848829,-0.5000000000000004,0.8660254037844384,0.05040504050405037,0
TX,2013,12,11.27,2013-12-01,11.67,11.68,11.36,10.99,11.569999999999999,11.326666666666668,0.18193405398659981,0.2801731066626079,-2.4492935982947064e-16,1.0,0.02547770700636942,0
TX,2014,1,11.22,2014-01-01,11.27,11.67,11.68,10.84,11.54,11.35,0.23388031127052686,0.26055883997845014,0.49999999999999994,0.8660254037844387,0.035055350553505615,0
TX,2014,2,11.25,2014-02-01,11.22,11.27,11.67,11.05,11.386666666666665,11.381666666666666,0.246644143115804,0.21139507749208364,0.8660254037844386,0.5000000000000001,0.018099547511312153,0
TX,2014,3,11.75,2014-03-01,11.25,11.22,11.27,11.03,11.246666666666664,11.398333333333333,0.025166114784110283,0.18963281904936888,1.0,6.123233995736766e-17,0.0652765185856754,0
TX,2014,4,12.06,2014-04-01,11.75,11.25,11.22,11.43,11.406666666666666,11.458333333333334,0.2977135088190148,0.1759045884632532,0.8660254037844387,-0.49999999999999983,0.0551181102362206,0
TX,2014,5,11.93,2014-05-01,12.06,11.75,11.25,11.57,11.686666666666666,11.510833333333332,0.4086971168644759,0.24651971462130548,0.49999999999999994,-0.8660254037844387,0.03111495246326701,0
TX,2014,6,12.17,2014-06-01,11.93,12.06,11.75,11.44,11.913333333333332,11.540833333333332,0.1556705923844943,0.27467198067821913,1.2246467991473532e-16,-1.0,0.06381118881118875,0
TX,2014,7,12.05,2014-07-01,12.17,11.93,12.06,11.41,12.053333333333333,11.601666666666667,0.12013880860630348,0.3262969460011747,-0.4999999999999998,-0.8660254037844388,0.05609114811568805,0
TX,2014,8,12.05,2014-08-01,12.05,12.17,11.93,11.45,12.049999999999997,11.655000000000001,0.12000000000003591,0.3439476704383888,-0.8660254037844384,-0.5000000000000004,0.05240174672489095,0
TX,2014,9,12.03,2014-09-01,12.05,12.05,12.17,11.36,12.089999999999998,11.705,0.06928203230282241,0.3548751380927608,-1.0,-1.8369701987210297e-16,0.05897887323943651,0
TX,2014,10,12.07,2014-10-01,12.03,12.05,12.05,11.68,12.043333333333331,11.760833333333332,0.01154700538416406,0.3483065090439945,-0.8660254037844386,0.5000000000000001,0.03339041095890405,0
TX,2014,11,11.98,2014-11-01,12.07,12.03,12.05,11.67,12.049999999999999,11.793333333333331,0.020000000000216893,0.3581348992497027,-0.5000000000000004,0.8660254037844384,0.0265638389031706,0
TX,2014,12,11.81,2014-12-01,11.98,12.07,12.03,11.27,12.026666666666666,11.819166666666668,0.04509249752832138,0.35960731950616887,-2.4492935982947064e-16,1.0,0.0479148181011535,0
TX,2015,1,11.49,2015-01-01,11.81,11.98,12.07,11.22,11.953333333333333,11.864166666666668,0.13203534880228351,0.31575186844138875,0.49999999999999994,0.8660254037844387,0.024064171122994527,0
TX,2015,2,11.62,2015-02-01,11.49,11.81,11.98,11.25,11.759999999999998,11.886666666666665,0.24879710609250466,0.27230775815517977,0.8660254037844386,0.5000000000000001,0.032888888888888745,0
TX,2015,3,11.56,2015-03-01,11.62,11.49,11.81,11.75,11.64,11.917499999999999,0.1609347693943222,0.2067112610733358,1.0,6.123233995736766e-17,-0.016170212765957426,0
TX,2015,4,12.1,2015-04-01,11.56,11.62,11.49,12.06,11.556666666666665,11.901666666666666,0.06506407098649909,0.2269895205163148,0.8660254037844387,-0.49999999999999983,0.0033167495854062867,0
TX,2015,5,12.04,2015-05-01,12.1,11.56,11.62,11.93,11.759999999999998,11.905,0.29597297173898174,0.22980228656189386,0.49999999999999994,-0.8660254037844387,0.009220452640402277,0
TX,2015,6,11.78,2015-06-01,12.04,12.1,11.56,12.17,11.899999999999999,11.914166666666668,0.29597297173898224,0.23306098824644084,1.2246467991473532e-16,-1.0,-0.032046014790468424,0
TX,2015,7,11.5,2015-07-01,11.78,12.04,12.1,12.05,11.973333333333331,11.881666666666666,0.17009801096232235,0.22102378865520375,-0.4999999999999998,-0.8660254037844388,-0.045643153526971014,0
TX,2015,8,11.43,2015-08-01,11.5,11.78,12.04,12.05,11.773333333333332,11.835833333333332,0.27006172134039497,0.23922064114850608,-0.8660254037844384,-0.5000000000000004,-0.05145228215767639,0
TX,2015,9,11.51,2015-09-01,11.43,11.5,11.78,12.03,11.569999999999999,11.784166666666666,0.18520259177452955,0.2551811596541049,-1.0,-1.8369701987210297e-16,-0.04322527015793842,0
TX,2015,10,11.35,2015-10-01,11.51,11.43,11.5,12.07,11.479999999999999,11.740833333333333,0.04358898943543907,0.25378796924465286,-0.8660254037844386,0.5000000000000001,-0.05965202982601492,0
TX,2015,11,11.38,2015-11-01,11.35,11.51,11.43,11.98,11.429999999999998,11.680833333333334,0.08000000000001725,0.2540028036113352,-0.5000000000000004,0.8660254037844384,-0.05008347245409017,0
TX,2015,12,11.19,2015-12-01,11.38,11.35,11.51,11.81,11.413333333333332,11.630833333333333,0.08504900548116993,0.24875904125489992,-2.4492935982947064e-16,1.0,-0.052497883149873026,0
TX,2016,1,10.88,2016-01-01,11.19,11.38,11.35,11.49,11.306666666666665,11.579166666666666,0.102143689640313,0.27150952882435436,0.49999999999999994,0.8660254037844387,-0.053089643167972045,0
TX,2016,2,10.99,2016-02-01,10.88,11.19,11.38,11.62,11.149999999999999,11.528333333333334,0.2523885892824873,0.3385485955001916,0.8660254037844386,0.5000000000000001,-0.054216867469879415,0
TX,2016,3,11.19,2016-03-01,10.99,10.88,11.19,11.56,11.019999999999998,11.475833333333334,0.15716233645503225,0.3703918891055185,1.0,6.123233995736766e-17,-0.032006920415225015,0
TX,2016,4,11.26,2016-04-01,11.19,10.99,10.88,12.1,11.020000000000001,11.445,0.15716233645503225,0.3780692577245182,0.8660254037844387,-0.49999999999999983,-0.0694214876033058,0
TX,2016,5,11.1,2016-05-01,11.26,11.19,10.99,12.04,11.146666666666667,11.375,0.14011899704657216,0.31890437438205155,0.49999999999999994,-0.8660254037844387,-0.07807308970099669,0
TX,2016,6,10.95,2016-06-01,11.1,11.26,11.19,11.78,11.183333333333332,11.296666666666667,0.08020806277013023,0.2483521449047689,1.2246467991473532e-16,-1.0,-0.07045840407470294,0
TX,2016,7,10.83,2016-07-01,10.95,11.1,11.26,11.5,11.103333333333332,11.2275,0.15502687938979257,0.21482022081904237,-0.4999999999999998,-0.8660254037844388,-0.058260869565217366,0
TX,2016,8,10.91,2016-08-01,10.83,10.95,11.1,11.43,10.959999999999999,11.171666666666667,0.13527749258470212,0.22441168877895723,-0.8660254037844384,-0.5000000000000004,-0.045494313210848625,0
TX,2016,9,11.11,2016-09-01,10.91,10.83,10.95,11.51,10.896666666666667,11.128333333333332,0.0611010092661133,0.22015834521933642,-1.0,-1.8369701987210297e-16,-0.034752389226759384,0
TX,2016,10,11.02,2016-10-01,11.11,10.91,10.83,11.35,10.949999999999998,11.094999999999999,0.1442220510185737,0.18451410392020354,-0.8660254037844386,0.5000000000000001,-0.029074889867841458,0
TX,2016,11,11.1,2016-11-01,11.02,11.11,10.91,11.38,11.013333333333334,11.0675,0.10016652800879752,0.1667946478322281,-0.5000000000000004,0.8660254037844384,-0.024604569420035194,0
TX,2016,12,10.85,2016-12-01,11.1,11.02,11.11,11.19,11.076666666666663,11.044166666666667,0.04932882862320064,0.13581125494494375,-2.4492935982947064e-16,1.0,-0.030384271671134888,0
TX,2017,1,10.74,2017-01-01,10.85,11.1,11.02,10.88,10.989999999999997,11.015833333333333,0.12767145334805385,0.13806838446184444,0.49999999999999994,0.8660254037844387,-0.012867647058823595,0
TX,2017,2,11.16,2017-02-01,10.74,10.85,11.1,10.99,10.896666666666667,11.004166666666668,0.18448125469363583,0.1554148895016604,0.8660254037844386,0.5000000000000001,0.015468607825295688,0
TX,2017,3,11.12,2017-03-01,11.16,10.74,10.85,11.19,10.916666666666666,11.018333333333333,0.2177919496522731,0.16162995521952972,1.0,6.123233995736766e-17,-0.006255585344057235,0
TX,2017,4,11.09,2017-04-01,11.12,11.16,10.74,11.26,11.006666666666666,11.012500000000001,0.23180451534285892,0.15603758288550973,0.8660254037844387,-0.49999999999999983,-0.015097690941385467,0
TX,2017,5,11.05,2017-05-01,11.09,11.12,11.16,11.1,11.123333333333333,10.998333333333333,0.03511884584290201,0.13822467437504188,0.49999999999999994,-0.8660254037844387,-0.0045045045045044585,0
TX,2017,6,11.03,2017-06-01,11.05,11.09,11.12,10.95,11.086666666666666,10.994166666666667,0.03511884584290201,0.13561029280691594,1.2246467991473532e-16,-1.0,0.007305936073059405,0
TX,2017,7,10.87,2017-07-01,11.03,11.05,11.09,10.83,11.056666666666667,11.000833333333333,0.030550504633110303,0.13520747244914474,-0.4999999999999998,-0.8660254037844388,0.003693444136657398,0
TX,2017,8,10.95,2017-08-01,10.87,11.03,11.05,10.91,10.983333333333333,11.004166666666665,0.09865765724634927,0.13104186238372525,-0.8660254037844384,-0.5000000000000004,0.0036663611365719273,0
TX,2017,9,11.12,2017-09-01,10.95,10.87,11.03,11.11,10.949999999999998,11.0075,0.08000000000003014,0.12892034186070048,-1.0,-1.8369701987210297e-16,0.0009000900090008201,0
TX,2017,10,11.09,2017-10-01,11.12,10.95,10.87,11.02,10.979999999999999,11.008333333333333,0.12767145334805552,0.12967324903455152,-0.8660254037844386,0.5000000000000001,0.006352087114337657,0
TX,2017,11,11.23,2017-11-01,11.09,11.12,10.95,11.1,11.053333333333333,11.014166666666666,0.09073771725879984,0.13180276816893757,-0.5000000000000004,0.8660254037844384,0.011711711711711814,0
TX,2017,12,10.89,2017-12-01,11.23,11.09,11.12,10.85,11.146666666666667,11.025,0.0737111479583507,0.14425356463226627,-2.4492935982947064e-16,1.0,0.0036866359447005337,0
TX,2018,1,10.63,2018-01-01,10.89,11.23,11.09,10.74,11.069999999999999,11.028333333333334,0.1708800749063636,0.14024869685569732,0.49999999999999994,0.8660254037844387,-0.01024208566107998,0
TX,2018,2,10.87,2018-02-01,10.63,10.89,11.23,11.16,10.916666666666666,11.019166666666665,0.300887575903921,0.16261825533968077,0.8660254037844386,0.5000000000000001,-0.025985663082437327,0
TX,2018,3,11.35,2018-03-01,10.87,10.63,10.89,11.12,10.796666666666667,10.995,0.14468356276142097,0.161329701937673,1.0,6.123233995736766e-17,0.020683453237410054,0
TX,2018,4,11.39,2018-04-01,11.35,10.87,10.63,11.09,10.949999999999998,11.014166666666666,0.3666060555964736,0.18884617758351285,0.8660254037844387,-0.49999999999999983,0.02705139765554554,0
TX,2018,5,11.36,2018-05-01,11.39,11.35,10.87,11.05,11.203333333333331,11.039166666666667,0.28936712552281885,0.21748389003387442,0.49999999999999994,-0.8660254037844387,0.028054298642533837,0
TX,2018,6,11.2,2018-06-01,11.36,11.39,11.35,11.03,11.366666666666665,11.065,0.02081665999478241,0.23647025567331884,1.2246467991473532e-16,-1.0,0.015412511332728807,0
TX,2018,7,11.09,2018-07-01,11.2,11.36,11.39,10.87,11.316666666666665,11.079166666666666,0.1021436896403221,0.239258640324063,-0.4999999999999998,-0.8660254037844388,0.02023919043238287,0
TX,2018,8,11.27,2018-08-01,11.09,11.2,11.36,10.95,11.216666666666663,11.097499999999998,0.1357694123627938,0.23002470223083699,-0.8660254037844384,-0.5000000000000004,0.029223744292237397,0
TX,2018,9,11.39,2018-09-01,11.27,11.09,11.2,11.12,11.186666666666666,11.124166666666667,0.09073771725880297,0.229919287550869,-1.0,-1.8369701987210297e-16,0.024280575539568527,0
TX,2018,10,11.5,2018-10-01,11.39,11.27,11.09,11.09,11.25,11.146666666666667,0.1509966887054324,0.24234960972395392,-0.8660254037844386,0.5000000000000001,0.03697024346257893,0
TX,2018,11,11.6,2018-11-01,11.5,11.39,11.27,11.23,11.386666666666665,11.180833333333332,0.11503622617827199,0.26175833175362767,-0.5000000000000004,0.8660254037844384,0.03294746215494215,0
TX,2018,12,11.0,2018-12-01,11.6,11.5,11.39,10.89,11.496666666666664,11.211666666666668,0.1050396750439492,0.2885018775213601,-2.4492935982947064e-16,1.0,0.010101010101009944,0
TX,2019,1,11.44,2019-01-01,11.0,11.6,11.5,10.63,11.366666666666665,11.220833333333331,0.3214550253664392,0.27894145144339794,0.49999999999999994,0.8660254037844387,0.0761994355597364,0
TX,2019,2,11.6,2019-02-01,11.44,11.0,11.6,10.87,11.346666666666666,11.288333333333334,0.3106981386061687,0.21323624684773937,0.8660254037844386,0.5000000000000001,0.0671573137074517,0
TX,2019,3,11.6,2019-03-01,11.6,11.44,11.0,11.35,11.346666666666664,11.349166666666667,0.3106981386061687,0.18534774851289096,1.0,6.123233995736766e-17,0.022026431718061623,0
TX,2019,4,12.0,2019-04-01,11.6,11.6,11.44,11.39,11.546666666666665,11.37,0.09237604307037407,0.1989974874213465,0.8660254037844387,-0.49999999999999983,0.05355575065847229,0
TX,2019,5,12.01,2019-05-01,12.0,11.6,11.6,11.36,11.733333333333333,11.420833333333333,0.23094010767586853,0.26986388263626837,0.49999999999999994,-0.8660254037844387,0.05721830985915499,0
TX,2019,6,11.8,2019-06-01,12.01,12.0,11.6,11.2,11.87,11.475,0.23388031127055153,0.3175617334400641,1.2246467991473532e-16,-1.0,0.0535714285714286,0
TX,2019,7,11.71,2019-07-01,11.8,12.01,12.0,11.09,11.936666666666666,11.524999999999999,0.11846237095949078,0.31756173344006017,-0.4999999999999998,-0.8660254037844388,0.055906221821460766,0
TX,2019,8,11.76,2019-08-01,11.71,11.8,12.01,11.27,11.839999999999998,11.576666666666668,0.15394804318343697,0.2895555633076715,-0.8660254037844384,-0.5000000000000004,0.04347826086956519,0
TX,2019,9,11.81,2019-09-01,11.76,11.71,11.8,11.39,11.756666666666666,11.6175,0.045092497528324046,0.2766397394709266,-1.0,-1.8369701987210297e-16,0.03687445127304656,0
TX,2019,10,11.81,2019-10-01,11.81,11.76,11.71,11.5,11.76,11.652500000000002,0.05000000000008577,0.27176610933266365,-0.8660254037844386,0.5000000000000001,0.026956521739130546,0
TX,2019,11,11.99,2019-11-01,11.81,11.81,11.76,11.6,11.793333333333331,11.678333333333335,0.028867513459634658,0.2706837582303211,-0.5000000000000004,0.8660254037844384,0.03362068965517251,0
TX,2019,12,11.71,2019-12-01,11.99,11.81,11.81,11.0,11.87,11.710833333333335,0.10392304845417784,0.28353157057926365,-2.4492935982947064e-16,1.0,0.06454545454545468,0
TX,2020,1,11.46,2020-01-01,11.71,11.99,11.81,11.44,11.836666666666666,11.770000000000001,0.1418919776919835,0.1750324645211663,0.49999999999999994,0.8660254037844387,0.0017482517482518833,0
TX,2020,2,11.72,2020-02-01,11.46,11.71,11.99,11.6,11.719999999999999,11.771666666666667,0.2651414716712717,0.1716674021755047,0.8660254037844386,0.5000000000000001,0.010344827586207028,0
TX,2020,3,11.81,2020-03-01,11.72,11.46,11.71,11.6,11.63,11.781666666666666,0.147309198626586,0.16408608235993533,1.0,6.123233995736766e-17,0.01810344827586219,0
TX,2020,4,12.04,2020-04-01,11.81,11.72,11.46,12.0,11.663333333333332,11.799166666666666,0.18175074506956107,0.15382743184447667,0.8660254037844387,-0.49999999999999983,0.0033333333333331883,0
TX,2020,5,11.79,2020-05-01,12.04,11.81,11.72,12.01,11.856666666666664,11.8025,0.16502525059318152,0.15892393835356056,0.49999999999999994,-0.8660254037844387,-0.01831806827643634,0
TX,2020,6,11.76,2020-06-01,11.79,12.04,11.81,11.8,11.88,11.78416666666667,0.13892443989453204,0.1448797829758881,1.2246467991473532e-16,-1.0,-0.003389830508474634,0
TX,2020,7,11.59,2020-07-01,11.76,11.79,12.04,11.71,11.863333333333332,11.780833333333334,0.15373136743469967,0.14494251734160818,-0.4999999999999998,-0.8660254037844388,-0.010247651579846417,0
TX,2020,8,11.5,2020-08-01,11.59,11.76,11.79,11.76,11.713333333333331,11.770833333333334,0.10785793124912633,0.1541226390858181,-0.8660254037844384,-0.5000000000000004,-0.022108843537414935,0
TX,2020,9,11.77,2020-09-01,11.5,11.59,11.76,11.81,11.616666666666665,11.749166666666667,0.13203534880228124,0.17291397405713846,-1.0,-1.8369701987210297e-16,-0.003386960203217715,0
TX,2020,10,11.85,2020-10-01,11.77,11.5,11.59,11.81,11.62,11.745833333333332,0.13747727084869954,0.17201788138197133,-0.8660254037844386,0.5000000000000001,0.003386960203217493,0
TX,2020,11,11.93,2020-11-01,11.85,11.77,11.5,11.99,11.706666666666663,11.749166666666667,0.1833939293797395,0.17375313382826169,-0.5000000000000004,0.8660254037844384,-0.005004170141784892,0
TX,2020,12,11.59,2020-12-01,11.93,11.85,11.77,11.71,11.85,11.744166666666665,0.08000000000005589,0.16692177445698703,-2.4492935982947064e-16,1.0,-0.010247651579846417,0
TX,2021,1,11.35,2021-01-01,11.59,11.93,11.85,11.46,11.79,11.734166666666667,0.1777638883463346,0.17265090018104234,0.49999999999999994,0.8660254037844387,-0.009598603839441666,0
TX,2021,2,12.69,2021-02-01,11.35,11.59,11.93,11.72,11.623333333333333,11.725,0.2914332399252695,0.19052558883255383,0.8660254037844386,0.5000000000000001,0.08276450511945388,0
TX,2021,3,11.7,2021-03-01,12.69,11.35,11.59,11.81,11.876666666666665,11.805833333333332,0.7145161533046972,0.3373818536191642,1.0,6.123233995736766e-17,-0.009314140558848494,0
TX,2021,4,12.08,2021-04-01,11.7,12.69,11.35,12.04,11.913333333333332,11.796666666666667,0.6950059951779856,0.3387499301129131,0.8660254037844387,-0.49999999999999983,0.0033222591362127574,0
TX,2021,5,12.09,2021-05-01,12.08,11.7,12.69,11.79,12.156666666666665,11.799999999999999,0.4994330118577904,0.3415472814333818,0.49999999999999994,-0.8660254037844387,0.025445292620865256,0
TX,2021,6,12.04,2021-06-01,12.09,12.08,11.7,11.76,11.956666666666665,11.825000000000001,0.2223360819420518,0.35158084548091956,1.2246467991473532e-16,-1.0,0.023809523809523725,0
TX,2021,7,11.73,2021-07-01,12.04,12.09,12.08,11.59,12.069999999999999,11.848333333333331,0.026457513110831,0.35613667788269115,-0.4999999999999998,-0.8660254037844388,0.012079378774805916,0
TX,2021,8,11.94,2021-08-01,11.73,12.04,12.09,11.5,11.953333333333333,11.86,0.19502136635082426,0.349128785823935,-0.8660254037844384,-0.5000000000000004,0.03826086956521735,0
TX,2021,9,12.26,2021-09-01,11.94,11.73,12.04,11.77,11.90333333333333,11.896666666666667,0.15821925715077204,0.33049091125812674,-1.0,-1.8369701987210297e-16,0.041631265930331285,0
TX,2021,10,12.54,2021-10-01,12.26,11.94,11.73,11.85,11.976666666666665,11.9375,0.26689573494782975,0.34343518642199466,-0.8660254037844386,0.5000000000000001,0.05822784810126569,0
TX,2021,11,12.78,2021-11-01,12.54,12.26,11.94,11.93,12.246666666666664,11.994999999999997,0.30022213997862024,0.38294314792856027,-0.5000000000000004,0.8660254037844384,0.0712489522212909,0
TX,2021,12,12.56,2021-12-01,12.78,12.54,12.26,11.59,12.526666666666666,12.065833333333332,0.26025628394592626,0.44363085254895346,-2.4492935982947064e-16,1.0,0.08369283865401211,0
TX,2022,1,12.45,2022-01-01,12.56,12.78,12.54,11.35,12.626666666666665,12.146666666666667,0.13316656236962335,0.43737509039375433,0.49999999999999994,0.8660254037844387,0.09691629955947123,0
TX,2022,2,12.48,2022-02-01,12.45,12.56,12.78,12.69,12.596666666666666,12.238333333333335,0.16802777548174222,0.3644131854048938,0.8660254037844386,0.5000000000000001,-0.016548463356973908,0
TX,2022,3,13.01,2022-03-01,12.48,12.45,12.56,11.7,12.496666666666664,12.220833333333333,0.05686240703085549,0.3452919274345806,1.0,6.123233995736766e-17,0.11196581196581201,1
TX,2022,4,13.29,2022-04-01,13.01,12.48,12.45,12.08,12.646666666666667,12.329999999999998,0.31501322723552827,0.37172815091379185,0.8660254037844387,-0.49999999999999983,0.1001655629139071,1
TX,2022,5,13.34,2022-05-01,13.29,13.01,12.48,12.09,12.926666666666668,12.430833333333334,0.411379792081893,0.4529791954550635,0.49999999999999994,-0.8660254037844387,0.10339123242349046,1
TX,2022,6,13.49,2022-06-01,13.34,13.29,13.01,12.04,13.213333333333331,12.535000000000002,0.17785762095940857,0.5078743581205151,1.2246467991473532e-16,-1.0,0.12043189368770779,1
TX,2022,7,13.71,2022-07-01,13.49,13.34,13.29,11.73,13.373333333333333,12.655833333333334,0.10408329997333907,0.5501315269730086,-0.4999999999999998,-0.8660254037844388,0.1687979539641944,1
TX,2022,8,14.12,2022-08-01,13.71,13.49,13.34,11.94,13.513333333333334,12.820833333333333,0.1861003313627878,0.5440998961308928,-0.8660254037844384,-0.5000000000000004,0.18257956448911217,1
TX,2022,9,14.75,2022-09-01,14.12,13.71,13.49,12.26,13.773333333333332,13.0025,0.31973947728320545,0.5856173898311692,-1.0,-1.8369701987210297e-16,0.20309951060358888,1
TX,2022,10,14.94,2022-10-01,14.75,14.12,13.71,12.54,14.193333333333333,13.21,0.5238638499966716,0.7235141513976516,-0.8660254037844386,0.5000000000000001,0.19138755980861255,1
TX,2022,11,15.01,2022-11-01,14.94,14.75,14.12,12.78,14.603333333333332,13.410000000000002,0.4292241061885195,0.8432728448782281,-0.5000000000000004,0.8660254037844384,0.17449139280125192,1
TX,2022,12,14.49,2022-12-01,15.01,14.94,14.75,12.56,14.899999999999999,13.595833333333333,0.13453624047072982,0.9327813573426429,-2.4492935982947064e-16,1.0,0.1536624203821655,1
TX,2023,1,14.36,2023-01-01,14.49,15.01,14.94,12.45,14.813333333333333,13.756666666666668,0.28219378684395585,0.903883875620081,0.49999999999999994,0.8660254037844387,0.1534136546184739,1
TX,2023,2,14.72,2023-02-01,14.36,14.49,15.01,12.48,14.62,13.915833333333332,0.3439476704383974,0.8168504740585076,0.8660254037844386,0.5000000000000001,0.17948717948717952,1
TX,2023,3,14.61,2023-03-01,14.72,14.36,14.49,13.01,14.523333333333332,14.1025,0.18230011885167466,0.707532524147956,1.0,6.123233995736766e-17,0.12298232129131437,1
TX,2023,4,14.36,2023-04-01,14.61,14.72,14.36,13.29,14.563333333333333,14.235833333333334,0.18448125469362514,0.6293786016717794,0.8660254037844387,-0.49999999999999983,0.08051166290443956,1
TX,2023,5,14.65,2023-05-01,14.36,14.61,14.72,13.34,14.563333333333333,14.324999999999998,0.18448125469362514,0.554543219071407,0.49999999999999994,-0.8660254037844387,0.09820089955022482,1
TX,2023,6,14.35,2023-06-01,14.65,14.36,14.61,13.49,14.54,14.434166666666668,0.1571623364550206,0.46466915568210126,1.2246467991473532e-16,-1.0,0.0637509266123053,1
TX,2023,7,13.95,2023-07-01,14.35,14.65,14.36,13.71,14.453333333333333,14.505833333333333,0.17039170558843394,0.36044059738369405,-0.4999999999999998,-0.8660254037844388,0.017505470459518557,1
TX,2023,8,14.17,2023-08-01,13.95,14.35,14.65,14.12,14.316666666666665,14.525833333333333,0.35118845842843016,0.31621219381143556,-0.8660254037844384,-0.5000000000000004,0.003541076487252104,1
TX,2023,9,14.68,2023-09-01,14.17,13.95,14.35,14.75,14.156666666666666,14.53,0.20033305601756984,0.3106591233313132,-1.0,-1.8369701987210297e-16,-0.004745762711864443,1
TX,2023,10,14.89,2023-10-01,14.68,14.17,13.95,14.94,14.266666666666666,14.524166666666666,0.37447741364912407,0.3067856323922514,-0.8660254037844386,0.5000000000000001,-0.0033467202141900243,1
TX,2023,11,14.79,2023-11-01,14.89,14.68,14.17,15.01,14.579999999999998,14.519999999999998,0.3702701716314711,0.30090771765666646,-0.5000000000000004,0.8660254037844384,-0.014656895403064696,1
TX,2023,12,14.64,2023-12-01,14.79,14.89,14.68,14.49,14.786666666666664,14.501666666666667,0.1050396750439051,0.27382254815606066,-2.4492935982947064e-16,1.0,0.010351966873705987,1
TX,2024,1,14.35,2024-01-01,14.64,14.79,14.89,14.36,14.773333333333332,14.514166666666666,0.1258305739211634,0.276650693222511,0.49999999999999994,0.8660254037844387,-0.0006963788300835549,1
TX,2024,2,14.48,2024-02-01,14.35,14.64,14.79,14.72,14.593333333333332,14.513333333333334,0.2236813209307649,0.27717186441652464,0.8660254037844386,0.5000000000000001,-0.016304347826086918,1
TX,2024,3,15.02,2024-03-01,14.48,14.35,14.64,14.61,14.49,14.493333333333334,0.1452583904633394,0.26945511798062244,1.0,6.123233995736766e-17,0.02806297056810414,1
TX,2024,4,15.13,2024-04-01,15.02,14.48,14.35,14.36,14.616666666666665,14.527499999999998,0.35529330606321785,0.30872538547429657,0.8660254037844387,-0.49999999999999983,0.05362116991643462,1
TX,2024,5,14.83,2024-05-01,15.13,15.02,14.48,14.65,14.876666666666665,14.591666666666669,0.34789845261703567,0.34823798898107616,0.49999999999999994,-0.8660254037844387,0.012286689419795271,1
TX,2024,6,14.55,2024-06-01,14.83,15.13,15.02,14.35,14.993333333333332,14.606666666666667,0.15176736583773906,0.3547940076701895,1.2246467991473532e-16,-1.0,0.013937282229965264,1
TX,2024,7,14.7,2024-07-01,14.55,14.83,15.13,13.95,14.836666666666666,14.623333333333335,0.2900574655707535,0.34623516268379484,-0.4999999999999998,-0.8660254037844388,0.053763440860215006,1
TX,2024,8,14.88,2024-08-01,14.7,14.55,14.83,14.17,14.693333333333333,14.685833333333333,0.14011899704655026,0.2737436867956768,-0.8660254037844384,-0.5000000000000004,0.050105857445307045,1
TX,2024,9,15.06,2024-09-01,14.88,14.7,14.55,14.68,14.709999999999999,14.745,0.16522711641857654,0.22439818505154346,-1.0,-1.8369701987210297e-16,0.02588555858310637,1
TX,2024,10,15.67,2024-10-01,15.06,14.88,14.7,14.89,14.88,14.776666666666666,0.17999999999998867,0.24061789147287,-0.8660254037844386,0.5000000000000001,0.05238415043653455,1
TX,2024,11,15.68,2024-11-01,15.67,15.06,14.88,14.79,15.203333333333333,14.841666666666669,0.41404508611179697,0.3530859625779175,-0.5000000000000004,0.8660254037844384,0.060175794455713305,1
TX,2024,12,15.36,2024-12-01,15.68,15.67,15.06,14.64,15.469999999999999,14.915833333333332,0.355105618091279,0.42698644503344474,-2.4492935982947064e-16,1.0,0.04918032786885229,1
TX,2025,1,14.67,2025-01-01,15.36,15.68,15.67,14.35,15.569999999999999,14.975833333333334,0.1819340539865707,0.43521067695221544,0.49999999999999994,0.8660254037844387,0.022299651567944334,1
TX,2025,2,14.88,2025-02-01,14.67,15.36,15.68,14.48,15.236666666666665,15.0025,0.5161718060232722,0.40190738417503186,0.8660254037844386,0.5000000000000001,0.027624309392265234,1
TX,2025,3,15.28,2025-03-01,14.88,14.67,15.36,15.02,14.969999999999999,15.035833333333334,0.3536947836765441,0.3699498327986494,1.0,6.123233995736766e-17,0.017310252996005415,1
TX,2025,4,15.52,2025-04-01,15.28,14.88,14.67,15.13,14.943333333333333,15.0575,0.3098924544633691,0.3764939936739977,0.8660254037844387,-0.49999999999999983,0.025776602775941848,1
TX,2025,5,15.53,2025-05-01,15.52,15.28,14.88,14.83,15.226666666666665,15.089999999999998,0.32331615074617964,0.39945417304554964,0.49999999999999994,-0.8660254037844387,0.04720161834120029,1
TX,2025,6,15.26,2025-06-01,15.53,15.52,15.28,14.55,15.44333333333333,15.148333333333333,0.14153915830371216,0.4090306352902257,1.2246467991473532e-16,-1.0,0.048797250859106356,1
TX,2025,7,15.36,2025-07-01,15.26,15.53,15.52,14.7,15.436666666666666,15.207499999999998,0.1530795000427014,0.3634212431873824,-0.4999999999999998,-0.8660254037844388,0.044897959183673564,1
TX,2025,8,15.46,2025-08-01,15.36,15.26,15.53,14.88,15.383333333333331,15.262500000000001,0.13650396819625618,0.32783379935549684,-0.8660254037844384,-0.5000000000000004,0.03897849462365599,1
TX,2025,9,15.83,2025-09-01,15.46,15.36,15.26,15.06,15.36,15.310833333333335,0.09999999999995936,0.30849954569954835,-1.0,-1.8369701987210297e-16,0.05112881806108893,1
TX,2025,10,16.1,2025-10-01,15.83,15.46,15.36,15.67,15.549999999999999,15.375,0.24758836806277407,0.3308528923305514,-0.8660254037844386,0.5000000000000001,0.027440970006381793,1
TX,2025,11,16.04,2025-11-01,16.1,15.83,15.46,15.68,15.796666666666667,15.410833333333334,0.32129944496266294,0.3846239800902431,-0.5000000000000004,0.8660254037844384,0.022959183673469274,1
TX,2025,12,15.87,2025-12-01,16.04,16.1,15.83,15.36,15.99,15.440833333333336,0.1417744687874968,0.4199449819662571,-2.4492935982947064e-16,1.0,0.033203125,1
TX,2026,1,15.69,2026-01-01,15.87,16.04,16.1,14.67,16.003333333333334,15.483333333333334,0.11930353445439167,0.43650124092971754,0.49999999999999994,0.8660254037844387,0.06952965235173814,1
TX,2026,2,15.41,2026-02-01,15.69,15.87,16.04,14.88,15.866666666666665,15.568333333333335,0.17502380790428093,0.3555235149702696,0.8660254037844386,0.5000000000000001,0.0356182795698925,1
TX,2026,3,16.39,2026-03-01,15.41,15.69,15.87,15.28,15.656666666666666,15.612499999999999,0.23180451534282512,0.2889204042636029,1.0,6.123233995736766e-17,0.07264397905759168,1
