stateid,statedescription,sectorid,sectorname,price,sales,price-units,sales-units,year,month
CA,California,COM,commercial,28.18,7809.0944,cents per kilowatt-hour,million kilowatt hours,2026,3
CA,California,IND,industrial,20.06,3299.71962,cents per kilowatt-hour,million kilowatt hours,2026,3
CA,California,RES,residential,33.35,6728.31442,cents per kilowatt-hour,million kilowatt hours,2026,3
CO,Colorado,COM,commercial,13.01,1804.37089,cents per kilowatt-hour,million kilowatt hours,2026,3
CO,Colorado,IND,industrial,9.77,1255.39261,cents per kilowatt-hour,million kilowatt hours,2026,3
CO,Colorado,RES,residential,16.74,1496.30553,cents per kilowatt-hour,million kilowatt hours,2026,3
IL,Illinois,COM,commercial,13.07,3703.63947,cents per kilowatt-hour,million kilowatt hours,2026,3
IL,Illinois,IND,industrial,9.19,3496.47502,cents per kilowatt-hour,million kilowatt hours,2026,3
IL,Illinois,RES,residential,18.86,3312.20618,cents per kilowatt-hour,million kilowatt hours,2026,3
NY,New York,COM,commercial,22.21,5643.92704,cents per kilowatt-hour,million kilowatt hours,2026,3
NY,New York,IND,industrial,8.73,1233.44274,cents per kilowatt-hour,million kilowatt hours,2026,3
NY,New York,RES,residential,28.55,4078.54872,cents per kilowatt-hour,million kilowatt hours,2026,3
TX,Texas,COM,commercial,8.69,14400.24913,cents per kilowatt-hour,million kilowatt hours,2026,3
TX,Texas,IND,industrial,6.26,12895.46317,cents per kilowatt-hour,million kilowatt hours,2026,3
TX,Texas,RES,residential,16.39,10547.48492,cents per kilowatt-hour,million kilowatt hours,2026,3
CA,California,COM,commercial,24.73,8582.83455,cents per kilowatt-hour,million kilowatt hours,2026,2
CA,California,IND,industrial,18.91,2953.66285,cents per kilowatt-hour,million kilowatt hours,2026,2
CA,California,RES,residential,33.22,5814.8205,cents per kilowatt-hour,million kilowatt hours,2026,2
CO,Colorado,COM,commercial,13.27,1523.98233,cents per kilowatt-hour,million kilowatt hours,2026,2
CO,Colorado,IND,industrial,9.38,1131.16194,cents per kilowatt-hour,million kilowatt hours,2026,2
CO,Colorado,RES,residential,16.79,1452.86461,cents per kilowatt-hour,million kilowatt hours,2026,2
IL,Illinois,COM,commercial,13.33,3648.82592,cents per kilowatt-hour,million kilowatt hours,2026,2
IL,Illinois,IND,industrial,9.62,3075.99572,cents per kilowatt-hour,million kilowatt hours,2026,2
IL,Illinois,RES,residential,17.83,3896.01094,cents per kilowatt-hour,million kilowatt hours,2026,2
NY,New York,COM,commercial,23.49,6218.01231,cents per kilowatt-hour,million kilowatt hours,2026,2
NY,New York,IND,industrial,10.92,1115.01217,cents per kilowatt-hour,million kilowatt hours,2026,2
NY,New York,RES,residential,29.99,4931.62918,cents per kilowatt-hour,million kilowatt hours,2026,2
TX,Texas,COM,commercial,8.9,13057.04658,cents per kilowatt-hour,million kilowatt hours,2026,2
TX,Texas,IND,industrial,7.2,12533.68782,cents per kilowatt-hour,million kilowatt hours,2026,2
TX,Texas,RES,residential,15.41,11805.44363,cents per kilowatt-hour,million kilowatt hours,2026,2
CA,California,COM,commercial,23.13,8485.6024,cents per kilowatt-hour,million kilowatt hours,2026,1
CA,California,IND,industrial,19.11,2969.04184,cents per kilowatt-hour,million kilowatt hours,2026,1
CA,California,RES,residential,30.29,8500.72726,cents per kilowatt-hour,million kilowatt hours,2026,1
CO,Colorado,COM,commercial,12.5,1790.10544,cents per kilowatt-hour,million kilowatt hours,2026,1
CO,Colorado,IND,industrial,9.36,1271.0917,cents per kilowatt-hour,million kilowatt hours,2026,1
CO,Colorado,RES,residential,16.44,1734.50104,cents per kilowatt-hour,million kilowatt hours,2026,1
IL,Illinois,COM,commercial,12.28,4069.73278,cents per kilowatt-hour,million kilowatt hours,2026,1
IL,Illinois,IND,industrial,10.27,3547.22722,cents per kilowatt-hour,million kilowatt hours,2026,1
IL,Illinois,RES,residential,16.36,4398.18752,cents per kilowatt-hour,million kilowatt hours,2026,1
NY,New York,COM,commercial,22.28,6322.31339,cents per kilowatt-hour,million kilowatt hours,2026,1
NY,New York,IND,industrial,12.81,1293.18686,cents per kilowatt-hour,million kilowatt hours,2026,1
NY,New York,RES,residential,28.37,5033.90447,cents per kilowatt-hour,million kilowatt hours,2026,1
TX,Texas,COM,commercial,8.64,14272.48726,cents per kilowatt-hour,million kilowatt hours,2026,1
TX,Texas,IND,industrial,7.25,13308.22651,cents per kilowatt-hour,million kilowatt hours,2026,1
TX,Texas,RES,residential,15.69,13949.8656,cents per kilowatt-hour,million kilowatt hours,2026,1
CA,California,COM,commercial,26.92,9582.47466,cents per kilowatt-hour,million kilowatt hours,2025,12
CA,California,IND,industrial,19.86,3127.3613,cents per kilowatt-hour,million kilowatt hours,2025,12
CA,California,RES,residential,34.71,5911.17633,cents per kilowatt-hour,million kilowatt hours,2025,12
CO,Colorado,COM,commercial,12.21,1680.89593,cents per kilowatt-hour,million kilowatt hours,2025,12
CO,Colorado,IND,industrial,8.83,1261.59295,cents per kilowatt-hour,million kilowatt hours,2025,12
CO,Colorado,RES,residential,16.12,1667.64135,cents per kilowatt-hour,million kilowatt hours,2025,12
IL,Illinois,COM,commercial,12.42,4064.8563,cents per kilowatt-hour,million kilowatt hours,2025,12
IL,Illinois,IND,industrial,10.1,3513.87602,cents per kilowatt-hour,million kilowatt hours,2025,12
IL,Illinois,RES,residential,17.07,4165.17427,cents per kilowatt-hour,million kilowatt hours,2025,12
NY,New York,COM,commercial,20.61,6047.14693,cents per kilowatt-hour,million kilowatt hours,2025,12
NY,New York,IND,industrial,10.44,1367.7693,cents per kilowatt-hour,million kilowatt hours,2025,12
NY,New York,RES,residential,27.39,4580.67379,cents per kilowatt-hour,million kilowatt hours,2025,12
TX,Texas,COM,commercial,9.03,12629.84417,cents per kilowatt-hour,million kilowatt hours,2025,12
TX,Texas,IND,industrial,6.67,14115.39251,cents per kilowatt-hour,million kilowatt hours,2025,12
TX,Texas,RES,residential,15.87,12163.29326,cents per kilowatt-hour,million kilowatt hours,2025,12
CA,California,COM,commercial,24.39,8947.44316,cents per kilowatt-hour,million kilowatt hours,2025,11
CA,California,IND,industrial,19.29,3193.78878,cents per kilowatt-hour,million kilowatt hours,2025,11
CA,California,RES,residential,31.89,5693.06,cents per kilowatt-hour,million kilowatt hours,2025,11
CO,Colorado,COM,commercial,12.62,1657.56234,cents per kilowatt-hour,million kilowatt hours,2025,11
CO,Colorado,IND,industrial,9.12,1209.44486,cents per kilowatt-hour,million kilowatt hours,2025,11
CO,Colorado,RES,residential,16.35,1425.95342,cents per kilowatt-hour,million kilowatt hours,2025,11
IL,Illinois,COM,commercial,13.22,3560.80615,cents per kilowatt-hour,million kilowatt hours,2025,11
IL,Illinois,IND,industrial,9.96,3270.32648,cents per kilowatt-hour,million kilowatt hours,2025,11
IL,Illinois,RES,residential,18.31,3120.2831,cents per kilowatt-hour,million kilowatt hours,2025,11
NY,New York,COM,commercial,19.81,5340.36962,cents per kilowatt-hour,million kilowatt hours,2025,11
NY,New York,IND,industrial,8.95,1236.62326,cents per kilowatt-hour,million kilowatt hours,2025,11
NY,New York,RES,residential,26.42,3554.34041,cents per kilowatt-hour,million kilowatt hours,2025,11
TX,Texas,COM,commercial,8.21,14290.64097,cents per kilowatt-hour,million kilowatt hours,2025,11
TX,Texas,IND,industrial,6.63,13398.81352,cents per kilowatt-hour,million kilowatt hours,2025,11
TX,Texas,RES,residential,16.04,10403.34158,cents per kilowatt-hour,million kilowatt hours,2025,11
CA,California,COM,commercial,26.94,10271.50484,cents per kilowatt-hour,million kilowatt hours,2025,10
CA,California,IND,industrial,23.05,3822.66672,cents per kilowatt-hour,million kilowatt hours,2025,10
CA,California,RES,residential,33.6,6558.57408,cents per kilowatt-hour,million kilowatt hours,2025,10
CO,Colorado,COM,commercial,12.59,1728.45565,cents per kilowatt-hour,million kilowatt hours,2025,10
CO,Colorado,IND,industrial,9.14,1292.64876,cents per kilowatt-hour,million kilowatt hours,2025,10
CO,Colorado,RES,residential,16.26,1483.68176,cents per kilowatt-hour,million kilowatt hours,2025,10
IL,Illinois,COM,commercial,13.66,3685.56782,cents per kilowatt-hour,million kilowatt hours,2025,10
IL,Illinois,IND,industrial,10.31,3432.11929,cents per kilowatt-hour,million kilowatt hours,2025,10
IL,Illinois,RES,residential,18.74,3108.45021,cents per kilowatt-hour,million kilowatt hours,2025,10
NY,New York,COM,commercial,20.82,5777.0513,cents per kilowatt-hour,million kilowatt hours,2025,10
NY,New York,IND,industrial,9.23,1315.04176,cents per kilowatt-hour,million kilowatt hours,2025,10
NY,New York,RES,residential,26.95,3615.11377,cents per kilowatt-hour,million kilowatt hours,2025,10
TX,Texas,COM,commercial,8.71,15396.03457,cents per kilowatt-hour,million kilowatt hours,2025,10
TX,Texas,IND,industrial,6.65,15001.07421,cents per kilowatt-hour,million kilowatt hours,2025,10
TX,Texas,RES,residential,16.1,14076.9494,cents per kilowatt-hour,million kilowatt hours,2025,10
CA,California,COM,commercial,30.36,10006.9868,cents per kilowatt-hour,million kilowatt hours,2025,9
CA,California,IND,industrial,25.47,3850.3945,cents per kilowatt-hour,million kilowatt hours,2025,9
CA,California,RES,residential,32.04,9010.75244,cents per kilowatt-hour,million kilowatt hours,2025,9
CO,Colorado,COM,commercial,13.58,1724.68088,cents per kilowatt-hour,million kilowatt hours,2025,9
CO,Colorado,IND,industrial,9.26,1327.18199,cents per kilowatt-hour,million kilowatt hours,2025,9
CO,Colorado,RES,residential,16.7,1692.24079,cents per kilowatt-hour,million kilowatt hours,2025,9
IL,Illinois,COM,commercial,14.04,3785.33994,cents per kilowatt-hour,million kilowatt hours,2025,9
IL,Illinois,IND,industrial,10.75,3553.7847,cents per kilowatt-hour,million kilowatt hours,2025,9
IL,Illinois,RES,residential,19.05,3560.5002,cents per kilowatt-hour,million kilowatt hours,2025,9
NY,New York,COM,commercial,22.73,5995.71756,cents per kilowatt-hour,million kilowatt hours,2025,9
NY,New York,IND,industrial,8.91,1380.16155,cents per kilowatt-hour,million kilowatt hours,2025,9
NY,New York,RES,residential,27.23,4177.88286,cents per kilowatt-hour,million kilowatt hours,2025,9
TX,Texas,COM,commercial,8.78,16068.41086,cents per kilowatt-hour,million kilowatt hours,2025,9
TX,Texas,IND,industrial,6.75,15068.3068,cents per kilowatt-hour,million kilowatt hours,2025,9
TX,Texas,RES,residential,15.83,16829.26855,cents per kilowatt-hour,million kilowatt hours,2025,9
CA,California,COM,commercial,29.46,10910.67823,cents per kilowatt-hour,million kilowatt hours,2025,8
CA,California,IND,industrial,24.65,4187.36795,cents per kilowatt-hour,million kilowatt hours,2025,8
CA,California,RES,residential,31.65,8766.13158,cents per kilowatt-hour,million kilowatt hours,2025,8
CO,Colorado,COM,commercial,13.24,2010.4114,cents per kilowatt-hour,million kilowatt hours,2025,8
CO,Colorado,IND,industrial,9.66,1384.12693,cents per kilowatt-hour,million kilowatt hours,2025,8
CO,Colorado,RES,residential,16.37,2214.09585,cents per kilowatt-hour,million kilowatt hours,2025,8
IL,Illinois,COM,commercial,13.94,4347.54089,cents per kilowatt-hour,million kilowatt hours,2025,8
IL,Illinois,IND,industrial,10.8,3777.6423,cents per kilowatt-hour,million kilowatt hours,2025,8
IL,Illinois,RES,residential,18.06,4864.08518,cents per kilowatt-hour,million kilowatt hours,2025,8
NY,New York,COM,commercial,22.43,6836.56764,cents per kilowatt-hour,million kilowatt hours,2025,8
NY,New York,IND,industrial,9.93,1420.0017,cents per kilowatt-hour,million kilowatt hours,2025,8
NY,New York,RES,residential,26.67,5612.87364,cents per kilowatt-hour,million kilowatt hours,2025,8
TX,Texas,COM,commercial,8.85,16880.80492,cents per kilowatt-hour,million kilowatt hours,2025,8
TX,Texas,IND,industrial,6.58,16008.92246,cents per kilowatt-hour,million kilowatt hours,2025,8
TX,Texas,RES,residential,15.46,19413.07682,cents per kilowatt-hour,million kilowatt hours,2025,8
CA,California,COM,commercial,30.08,10186.88106,cents per kilowatt-hour,million kilowatt hours,2025,7
CA,California,IND,industrial,25.27,4059.09253,cents per kilowatt-hour,million kilowatt hours,2025,7
CA,California,RES,residential,32.66,8253.34007,cents per kilowatt-hour,million kilowatt hours,2025,7
CO,Colorado,COM,commercial,13.25,1930.89655,cents per kilowatt-hour,million kilowatt hours,2025,7
CO,Colorado,IND,industrial,9.53,1386.13814,cents per kilowatt-hour,million kilowatt hours,2025,7
CO,Colorado,RES,residential,15.99,2295.44098,cents per kilowatt-hour,million kilowatt hours,2025,7
IL,Illinois,COM,commercial,13.66,4553.43104,cents per kilowatt-hour,million kilowatt hours,2025,7
IL,Illinois,IND,industrial,10.64,3772.39512,cents per kilowatt-hour,million kilowatt hours,2025,7
IL,Illinois,RES,residential,17.22,5770.14621,cents per kilowatt-hour,million kilowatt hours,2025,7
NY,New York,COM,commercial,23.05,7043.56159,cents per kilowatt-hour,million kilowatt hours,2025,7
NY,New York,IND,industrial,10.06,1478.64226,cents per kilowatt-hour,million kilowatt hours,2025,7
NY,New York,RES,residential,26.22,6223.61214,cents per kilowatt-hour,million kilowatt hours,2025,7
TX,Texas,COM,commercial,8.85,16531.08905,cents per kilowatt-hour,million kilowatt hours,2025,7
TX,Texas,IND,industrial,6.61,15999.08602,cents per kilowatt-hour,million kilowatt hours,2025,7
TX,Texas,RES,residential,15.36,18974.9977,cents per kilowatt-hour,million kilowatt hours,2025,7
CA,California,COM,commercial,26.83,9481.36853,cents per kilowatt-hour,million kilowatt hours,2025,6
CA,California,IND,industrial,22.14,3930.37622,cents per kilowatt-hour,million kilowatt hours,2025,6
CA,California,RES,residential,33.59,6733.71565,cents per kilowatt-hour,million kilowatt hours,2025,6
CO,Colorado,COM,commercial,13.49,1767.65849,cents per kilowatt-hour,million kilowatt hours,2025,6
CO,Colorado,IND,industrial,9.64,1272.9328,cents per kilowatt-hour,million kilowatt hours,2025,6
CO,Colorado,RES,residential,16.04,1784.99959,cents per kilowatt-hour,million kilowatt hours,2025,6
IL,Illinois,COM,commercial,12.85,3928.07151,cents per kilowatt-hour,million kilowatt hours,2025,6
IL,Illinois,IND,industrial,9.65,3531.50896,cents per kilowatt-hour,million kilowatt hours,2025,6
IL,Illinois,RES,residential,18.29,4772.03564,cents per kilowatt-hour,million kilowatt hours,2025,6
NY,New York,COM,commercial,22.0,5959.52622,cents per kilowatt-hour,million kilowatt hours,2025,6
NY,New York,IND,industrial,9.21,1515.75405,cents per kilowatt-hour,million kilowatt hours,2025,6
NY,New York,RES,residential,26.55,4139.22657,cents per kilowatt-hour,million kilowatt hours,2025,6
TX,Texas,COM,commercial,8.42,15191.46164,cents per kilowatt-hour,million kilowatt hours,2025,6
TX,Texas,IND,industrial,6.36,15011.56297,cents per kilowatt-hour,million kilowatt hours,2025,6
TX,Texas,RES,residential,15.26,16429.44686,cents per kilowatt-hour,million kilowatt hours,2025,6
CA,California,COM,commercial,23.98,9441.87934,cents per kilowatt-hour,million kilowatt hours,2025,5
CA,California,IND,industrial,20.4,3359.93053,cents per kilowatt-hour,million kilowatt hours,2025,5
CA,California,RES,residential,33.29,5548.46281,cents per kilowatt-hour,million kilowatt hours,2025,5
CO,Colorado,COM,commercial,12.3,1672.81383,cents per kilowatt-hour,million kilowatt hours,2025,5
CO,Colorado,IND,industrial,9.04,1279.90865,cents per kilowatt-hour,million kilowatt hours,2025,5
CO,Colorado,RES,residential,15.58,1463.40247,cents per kilowatt-hour,million kilowatt hours,2025,5
IL,Illinois,COM,commercial,12.39,3569.40223,cents per kilowatt-hour,million kilowatt hours,2025,5
IL,Illinois,IND,industrial,8.92,3294.70064,cents per kilowatt-hour,million kilowatt hours,2025,5
IL,Illinois,RES,residential,18.58,2894.91238,cents per kilowatt-hour,million kilowatt hours,2025,5
NY,New York,COM,commercial,19.47,5491.59257,cents per kilowatt-hour,million kilowatt hours,2025,5
NY,New York,IND,industrial,8.47,1334.30111,cents per kilowatt-hour,million kilowatt hours,2025,5
NY,New York,RES,residential,26.69,3359.88299,cents per kilowatt-hour,million kilowatt hours,2025,5
TX,Texas,COM,commercial,8.62,14012.90179,cents per kilowatt-hour,million kilowatt hours,2025,5
TX,Texas,IND,industrial,6.59,14542.84806,cents per kilowatt-hour,million kilowatt hours,2025,5
TX,Texas,RES,residential,15.53,12973.86281,cents per kilowatt-hour,million kilowatt hours,2025,5
CA,California,COM,commercial,23.41,8419.58581,cents per kilowatt-hour,million kilowatt hours,2025,4
CA,California,IND,industrial,17.7,3234.8476,cents per kilowatt-hour,million kilowatt hours,2025,4
CA,California,RES,residential,33.82,5490.3308,cents per kilowatt-hour,million kilowatt hours,2025,4
CO,Colorado,COM,commercial,12.31,1568.75787,cents per kilowatt-hour,million kilowatt hours,2025,4
CO,Colorado,IND,industrial,9.07,1238.31764,cents per kilowatt-hour,million kilowatt hours,2025,4
CO,Colorado,RES,residential,15.5,1395.74863,cents per kilowatt-hour,million kilowatt hours,2025,4
IL,Illinois,COM,commercial,12.77,3425.43315,cents per kilowatt-hour,million kilowatt hours,2025,4
IL,Illinois,IND,industrial,9.78,3340.74108,cents per kilowatt-hour,million kilowatt hours,2025,4
IL,Illinois,RES,residential,18.28,2820.99819,cents per kilowatt-hour,million kilowatt hours,2025,4
NY,New York,COM,commercial,19.35,5302.75347,cents per kilowatt-hour,million kilowatt hours,2025,4
NY,New York,IND,industrial,8.15,1325.74545,cents per kilowatt-hour,million kilowatt hours,2025,4
NY,New York,RES,residential,25.69,3475.5178,cents per kilowatt-hour,million kilowatt hours,2025,4
TX,Texas,COM,commercial,8.66,13179.44992,cents per kilowatt-hour,million kilowatt hours,2025,4
TX,Texas,IND,industrial,6.5,14303.14353,cents per kilowatt-hour,million kilowatt hours,2025,4
TX,Texas,RES,residential,15.52,10523.12001,cents per kilowatt-hour,million kilowatt hours,2025,4
CA,California,COM,commercial,23.84,8989.73539,cents per kilowatt-hour,million kilowatt hours,2025,3
CA,California,IND,industrial,19.79,3064.27558,cents per kilowatt-hour,million kilowatt hours,2025,3
CA,California,RES,residential,32.48,5811.5591,cents per kilowatt-hour,million kilowatt hours,2025,3
CO,Colorado,COM,commercial,11.33,1738.50145,cents per kilowatt-hour,million kilowatt hours,2025,3
CO,Colorado,IND,industrial,8.49,1232.50245,cents per kilowatt-hour,million kilowatt hours,2025,3
CO,Colorado,RES,residential,15.04,1544.96648,cents per kilowatt-hour,million kilowatt hours,2025,3
IL,Illinois,COM,commercial,13.1,3731.55972,cents per kilowatt-hour,million kilowatt hours,2025,3
IL,Illinois,IND,industrial,10.64,3367.67213,cents per kilowatt-hour,million kilowatt hours,2025,3
IL,Illinois,RES,residential,17.55,3333.75321,cents per kilowatt-hour,million kilowatt hours,2025,3
NY,New York,COM,commercial,20.32,5760.12863,cents per kilowatt-hour,million kilowatt hours,2025,3
NY,New York,IND,industrial,8.55,1202.31821,cents per kilowatt-hour,million kilowatt hours,2025,3
NY,New York,RES,residential,25.45,4041.99873,cents per kilowatt-hour,million kilowatt hours,2025,3
TX,Texas,COM,commercial,8.72,12989.33558,cents per kilowatt-hour,million kilowatt hours,2025,3
TX,Texas,IND,industrial,6.5,13810.92618,cents per kilowatt-hour,million kilowatt hours,2025,3
TX,Texas,RES,residential,15.28,10896.87109,cents per kilowatt-hour,million kilowatt hours,2025,3
CA,California,COM,commercial,24.2,7926.23525,cents per kilowatt-hour,million kilowatt hours,2025,2
CA,California,IND,industrial,19.0,2906.56854,cents per kilowatt-hour,million kilowatt hours,2025,2
CA,California,RES,residential,31.72,6253.62368,cents per kilowatt-hour,million kilowatt hours,2025,2
CO,Colorado,COM,commercial,11.37,1588.3952,cents per kilowatt-hour,million kilowatt hours,2025,2
CO,Colorado,IND,industrial,8.19,1129.47384,cents per kilowatt-hour,million kilowatt hours,2025,2
CO,Colorado,RES,residential,15.08,1591.1971,cents per kilowatt-hour,million kilowatt hours,2025,2
IL,Illinois,COM,commercial,12.79,3592.1017,cents per kilowatt-hour,million kilowatt hours,2025,2
IL,Illinois,IND,industrial,9.89,3421.51952,cents per kilowatt-hour,million kilowatt hours,2025,2
IL,Illinois,RES,residential,16.47,3753.09596,cents per kilowatt-hour,million kilowatt hours,2025,2
NY,New York,COM,commercial,20.88,6058.51289,cents per kilowatt-hour,million kilowatt hours,2025,2
NY,New York,IND,industrial,11.56,1308.20853,cents per kilowatt-hour,million kilowatt hours,2025,2
NY,New York,RES,residential,26.22,4570.11533,cents per kilowatt-hour,million kilowatt hours,2025,2
TX,Texas,COM,commercial,8.36,13212.96334,cents per kilowatt-hour,million kilowatt hours,2025,2
TX,Texas,IND,industrial,6.09,13452.91209,cents per kilowatt-hour,million kilowatt hours,2025,2
TX,Texas,RES,residential,14.88,13166.46056,cents per kilowatt-hour,million kilowatt hours,2025,2
CA,California,COM,commercial,23.9,9352.45113,cents per kilowatt-hour,million kilowatt hours,2025,1
CA,California,IND,industrial,19.31,3050.40664,cents per kilowatt-hour,million kilowatt hours,2025,1
CA,California,RES,residential,30.28,7917.37927,cents per kilowatt-hour,million kilowatt hours,2025,1
CO,Colorado,COM,commercial,10.99,1767.28252,cents per kilowatt-hour,million kilowatt hours,2025,1
CO,Colorado,IND,industrial,8.62,1267.19704,cents per kilowatt-hour,million kilowatt hours,2025,1
CO,Colorado,RES,residential,14.93,1887.3316,cents per kilowatt-hour,million kilowatt hours,2025,1
IL,Illinois,COM,commercial,11.86,4105.09387,cents per kilowatt-hour,million kilowatt hours,2025,1
IL,Illinois,IND,industrial,10.11,3608.51568,cents per kilowatt-hour,million kilowatt hours,2025,1
IL,Illinois,RES,residential,15.78,4454.67763,cents per kilowatt-hour,million kilowatt hours,2025,1
NY,New York,COM,commercial,20.37,6271.84439,cents per kilowatt-hour,million kilowatt hours,2025,1
NY,New York,IND,industrial,10.9,1385.13384,cents per kilowatt-hour,million kilowatt hours,2025,1
NY,New York,RES,residential,25.34,5054.94858,cents per kilowatt-hour,million kilowatt hours,2025,1
TX,Texas,COM,commercial,8.46,13423.90748,cents per kilowatt-hour,million kilowatt hours,2025,1
TX,Texas,IND,industrial,6.63,14306.14508,cents per kilowatt-hour,million kilowatt hours,2025,1
TX,Texas,RES,residential,14.67,15011.41404,cents per kilowatt-hour,million kilowatt hours,2025,1
CA,California,COM,commercial,23.19,9539.86424,cents per kilowatt-hour,million kilowatt hours,2024,12
CA,California,IND,industrial,19.41,3508.07767,cents per kilowatt-hour,million kilowatt hours,2024,12
CA,California,RES,residential,30.62,7063.33774,cents per kilowatt-hour,million kilowatt hours,2024,12
CO,Colorado,COM,commercial,11.04,1745.28895,cents per kilowatt-hour,million kilowatt hours,2024,12
CO,Colorado,IND,industrial,8.46,1227.5584,cents per kilowatt-hour,million kilowatt hours,2024,12
CO,Colorado,RES,residential,15.1,1692.22442,cents per kilowatt-hour,million kilowatt hours,2024,12
IL,Illinois,COM,commercial,11.77,3787.06451,cents per kilowatt-hour,million kilowatt hours,2024,12
IL,Illinois,IND,industrial,9.05,3795.22054,cents per kilowatt-hour,million kilowatt hours,2024,12
IL,Illinois,RES,residential,15.96,3840.10654,cents per kilowatt-hour,million kilowatt hours,2024,12
NY,New York,COM,commercial,18.72,6059.89117,cents per kilowatt-hour,million kilowatt hours,2024,12
NY,New York,IND,industrial,9.81,1285.6792,cents per kilowatt-hour,million kilowatt hours,2024,12
NY,New York,RES,residential,24.41,4421.23906,cents per kilowatt-hour,million kilowatt hours,2024,12
TX,Texas,COM,commercial,8.52,12360.32275,cents per kilowatt-hour,million kilowatt hours,2024,12
TX,Texas,IND,industrial,6.23,14694.20426,cents per kilowatt-hour,million kilowatt hours,2024,12
TX,Texas,RES,residential,15.36,11067.5171,cents per kilowatt-hour,million kilowatt hours,2024,12
CA,California,COM,commercial,22.48,8805.51124,cents per kilowatt-hour,million kilowatt hours,2024,11
CA,California,IND,industrial,20.02,3478.85385,cents per kilowatt-hour,million kilowatt hours,2024,11
CA,California,RES,residential,30.18,5801.57882,cents per kilowatt-hour,million kilowatt hours,2024,11
CO,Colorado,COM,commercial,11.67,1628.10803,cents per kilowatt-hour,million kilowatt hours,2024,11
CO,Colorado,IND,industrial,8.07,1195.87787,cents per kilowatt-hour,million kilowatt hours,2024,11
CO,Colorado,RES,residential,14.9,1546.58356,cents per kilowatt-hour,million kilowatt hours,2024,11
IL,Illinois,COM,commercial,11.54,3414.63317,cents per kilowatt-hour,million kilowatt hours,2024,11
IL,Illinois,IND,industrial,8.83,3677.9708,cents per kilowatt-hour,million kilowatt hours,2024,11
IL,Illinois,RES,residential,17.06,2828.20263,cents per kilowatt-hour,million kilowatt hours,2024,11
NY,New York,COM,commercial,17.67,5448.42413,cents per kilowatt-hour,million kilowatt hours,2024,11
NY,New York,IND,industrial,9.0,1245.66048,cents per kilowatt-hour,million kilowatt hours,2024,11
NY,New York,RES,residential,24.74,3407.58488,cents per kilowatt-hour,million kilowatt hours,2024,11
TX,Texas,COM,commercial,8.4,13179.35918,cents per kilowatt-hour,million kilowatt hours,2024,11
TX,Texas,IND,industrial,6.08,14620.68252,cents per kilowatt-hour,million kilowatt hours,2024,11
TX,Texas,RES,residential,15.68,10425.46816,cents per kilowatt-hour,million kilowatt hours,2024,11
CA,California,COM,commercial,26.46,10608.9643,cents per kilowatt-hour,million kilowatt hours,2024,10
CA,California,IND,industrial,23.1,3915.38931,cents per kilowatt-hour,million kilowatt hours,2024,10
CA,California,RES,residential,32.45,7388.2996,cents per kilowatt-hour,million kilowatt hours,2024,10
CO,Colorado,COM,commercial,11.51,1731.18691,cents per kilowatt-hour,million kilowatt hours,2024,10
CO,Colorado,IND,industrial,8.39,1244.30949,cents per kilowatt-hour,million kilowatt hours,2024,10
CO,Colorado,RES,residential,15.26,1486.44823,cents per kilowatt-hour,million kilowatt hours,2024,10
IL,Illinois,COM,commercial,12.29,3692.37154,cents per kilowatt-hour,million kilowatt hours,2024,10
IL,Illinois,IND,industrial,9.09,3464.43348,cents per kilowatt-hour,million kilowatt hours,2024,10
IL,Illinois,RES,residential,16.48,2863.71569,cents per kilowatt-hour,million kilowatt hours,2024,10
NY,New York,COM,commercial,19.05,5583.60597,cents per kilowatt-hour,million kilowatt hours,2024,10
NY,New York,IND,industrial,9.47,1288.10225,cents per kilowatt-hour,million kilowatt hours,2024,10
NY,New York,RES,residential,25.05,3435.33581,cents per kilowatt-hour,million kilowatt hours,2024,10
TX,Texas,COM,commercial,8.48,14580.68761,cents per kilowatt-hour,million kilowatt hours,2024,10
TX,Texas,IND,industrial,5.86,16207.44331,cents per kilowatt-hour,million kilowatt hours,2024,10
TX,Texas,RES,residential,15.67,13543.09978,cents per kilowatt-hour,million kilowatt hours,2024,10
CA,California,COM,commercial,29.14,10173.01021,cents per kilowatt-hour,million kilowatt hours,2024,9
CA,California,IND,industrial,24.04,4171.47218,cents per kilowatt-hour,million kilowatt hours,2024,9
CA,California,RES,residential,31.83,8605.66295,cents per kilowatt-hour,million kilowatt hours,2024,9
CO,Colorado,COM,commercial,12.49,1864.68658,cents per kilowatt-hour,million kilowatt hours,2024,9
CO,Colorado,IND,industrial,9.07,1273.88668,cents per kilowatt-hour,million kilowatt hours,2024,9
CO,Colorado,RES,residential,15.57,1760.75761,cents per kilowatt-hour,million kilowatt hours,2024,9
IL,Illinois,COM,commercial,12.27,3882.36773,cents per kilowatt-hour,million kilowatt hours,2024,9
IL,Illinois,IND,industrial,9.36,3615.6586,cents per kilowatt-hour,million kilowatt hours,2024,9
IL,Illinois,RES,residential,15.8,3666.69613,cents per kilowatt-hour,million kilowatt hours,2024,9
NY,New York,COM,commercial,20.46,6228.34242,cents per kilowatt-hour,million kilowatt hours,2024,9
NY,New York,IND,industrial,9.36,1366.24001,cents per kilowatt-hour,million kilowatt hours,2024,9
NY,New York,RES,residential,25.05,4341.08998,cents per kilowatt-hour,million kilowatt hours,2024,9
TX,Texas,COM,commercial,8.65,15037.47571,cents per kilowatt-hour,million kilowatt hours,2024,9
TX,Texas,IND,industrial,6.1,14875.75981,cents per kilowatt-hour,million kilowatt hours,2024,9
TX,Texas,RES,residential,15.06,16336.6695,cents per kilowatt-hour,million kilowatt hours,2024,9
CA,California,COM,commercial,29.0,11045.62667,cents per kilowatt-hour,million kilowatt hours,2024,8
CA,California,IND,industrial,24.55,4423.66898,cents per kilowatt-hour,million kilowatt hours,2024,8
CA,California,RES,residential,31.22,10015.96814,cents per kilowatt-hour,million kilowatt hours,2024,8
CO,Colorado,COM,commercial,12.47,2094.42995,cents per kilowatt-hour,million kilowatt hours,2024,8
CO,Colorado,IND,industrial,9.02,1380.56378,cents per kilowatt-hour,million kilowatt hours,2024,8
CO,Colorado,RES,residential,15.43,2268.49223,cents per kilowatt-hour,million kilowatt hours,2024,8
IL,Illinois,COM,commercial,12.05,4351.29405,cents per kilowatt-hour,million kilowatt hours,2024,8
IL,Illinois,IND,industrial,9.01,3564.32447,cents per kilowatt-hour,million kilowatt hours,2024,8
IL,Illinois,RES,residential,15.62,4898.14314,cents per kilowatt-hour,million kilowatt hours,2024,8
NY,New York,COM,commercial,20.01,6852.86555,cents per kilowatt-hour,million kilowatt hours,2024,8
NY,New York,IND,industrial,9.9,1386.31519,cents per kilowatt-hour,million kilowatt hours,2024,8
NY,New York,RES,residential,25.2,5656.93149,cents per kilowatt-hour,million kilowatt hours,2024,8
TX,Texas,COM,commercial,8.87,15880.23775,cents per kilowatt-hour,million kilowatt hours,2024,8
TX,Texas,IND,industrial,6.43,16136.37825,cents per kilowatt-hour,million kilowatt hours,2024,8
TX,Texas,RES,residential,14.88,19878.28376,cents per kilowatt-hour,million kilowatt hours,2024,8
CA,California,COM,commercial,30.26,10996.98098,cents per kilowatt-hour,million kilowatt hours,2024,7
CA,California,IND,industrial,25.53,4522.82326,cents per kilowatt-hour,million kilowatt hours,2024,7
CA,California,RES,residential,32.73,9978.61091,cents per kilowatt-hour,million kilowatt hours,2024,7
CO,Colorado,COM,commercial,12.69,1940.1284,cents per kilowatt-hour,million kilowatt hours,2024,7
CO,Colorado,IND,industrial,9.0,1364.2482,cents per kilowatt-hour,million kilowatt hours,2024,7
CO,Colorado,RES,residential,15.22,2260.91591,cents per kilowatt-hour,million kilowatt hours,2024,7
IL,Illinois,COM,commercial,11.95,4340.90854,cents per kilowatt-hour,million kilowatt hours,2024,7
IL,Illinois,IND,industrial,9.24,3595.80973,cents per kilowatt-hour,million kilowatt hours,2024,7
IL,Illinois,RES,residential,15.19,5034.26569,cents per kilowatt-hour,million kilowatt hours,2024,7
NY,New York,COM,commercial,20.42,7017.94979,cents per kilowatt-hour,million kilowatt hours,2024,7
NY,New York,IND,industrial,10.04,1393.072,cents per kilowatt-hour,million kilowatt hours,2024,7
NY,New York,RES,residential,25.09,6010.18265,cents per kilowatt-hour,million kilowatt hours,2024,7
TX,Texas,COM,commercial,8.87,15344.11272,cents per kilowatt-hour,million kilowatt hours,2024,7
TX,Texas,IND,industrial,6.27,15956.80345,cents per kilowatt-hour,million kilowatt hours,2024,7
TX,Texas,RES,residential,14.7,18865.604,cents per kilowatt-hour,million kilowatt hours,2024,7
CA,California,COM,commercial,26.08,9650.7463,cents per kilowatt-hour,million kilowatt hours,2024,6
CA,California,IND,industrial,22.25,3970.74943,cents per kilowatt-hour,million kilowatt hours,2024,6
CA,California,RES,residential,33.24,6665.15448,cents per kilowatt-hour,million kilowatt hours,2024,6
CO,Colorado,COM,commercial,12.87,1772.13344,cents per kilowatt-hour,million kilowatt hours,2024,6
CO,Colorado,IND,industrial,9.31,1247.01649,cents per kilowatt-hour,million kilowatt hours,2024,6
CO,Colorado,RES,residential,14.96,1977.58314,cents per kilowatt-hour,million kilowatt hours,2024,6
IL,Illinois,COM,commercial,12.27,3970.44247,cents per kilowatt-hour,million kilowatt hours,2024,6
IL,Illinois,IND,industrial,9.29,3616.49251,cents per kilowatt-hour,million kilowatt hours,2024,6
IL,Illinois,RES,residential,16.01,4725.3731,cents per kilowatt-hour,million kilowatt hours,2024,6
NY,New York,COM,commercial,19.42,6134.87936,cents per kilowatt-hour,million kilowatt hours,2024,6
NY,New York,IND,industrial,9.59,1315.968,cents per kilowatt-hour,million kilowatt hours,2024,6
NY,New York,RES,residential,24.6,4388.93585,cents per kilowatt-hour,million kilowatt hours,2024,6
TX,Texas,COM,commercial,8.79,14278.92156,cents per kilowatt-hour,million kilowatt hours,2024,6
TX,Texas,IND,industrial,6.34,15220.99708,cents per kilowatt-hour,million kilowatt hours,2024,6
TX,Texas,RES,residential,14.55,17114.45145,cents per kilowatt-hour,million kilowatt hours,2024,6
CA,California,COM,commercial,23.8,9027.87148,cents per kilowatt-hour,million kilowatt hours,2024,5
CA,California,IND,industrial,21.08,3541.14943,cents per kilowatt-hour,million kilowatt hours,2024,5
CA,California,RES,residential,34.55,5235.22476,cents per kilowatt-hour,million kilowatt hours,2024,5
CO,Colorado,COM,commercial,11.38,1632.7202,cents per kilowatt-hour,million kilowatt hours,2024,5
CO,Colorado,IND,industrial,8.52,1258.02709,cents per kilowatt-hour,million kilowatt hours,2024,5
CO,Colorado,RES,residential,14.52,1444.80779,cents per kilowatt-hour,million kilowatt hours,2024,5
IL,Illinois,COM,commercial,12.65,3281.75558,cents per kilowatt-hour,million kilowatt hours,2024,5
IL,Illinois,IND,industrial,8.26,3413.28002,cents per kilowatt-hour,million kilowatt hours,2024,5
IL,Illinois,RES,residential,16.52,3568.89992,cents per kilowatt-hour,million kilowatt hours,2024,5
NY,New York,COM,commercial,17.73,5220.46939,cents per kilowatt-hour,million kilowatt hours,2024,5
NY,New York,IND,industrial,8.86,1298.61759,cents per kilowatt-hour,million kilowatt hours,2024,5
NY,New York,RES,residential,23.68,3351.29737,cents per kilowatt-hour,million kilowatt hours,2024,5
TX,Texas,COM,commercial,8.41,13744.04441,cents per kilowatt-hour,million kilowatt hours,2024,5
TX,Texas,IND,industrial,6.29,14792.48915,cents per kilowatt-hour,million kilowatt hours,2024,5
TX,Texas,RES,residential,14.83,12784.10366,cents per kilowatt-hour,million kilowatt hours,2024,5
CA,California,COM,commercial,22.87,8759.4484,cents per kilowatt-hour,million kilowatt hours,2024,4
CA,California,IND,industrial,18.96,3355.70007,cents per kilowatt-hour,million kilowatt hours,2024,4
CA,California,RES,residential,34.49,5379.80097,cents per kilowatt-hour,million kilowatt hours,2024,4
CO,Colorado,COM,commercial,11.43,1602.41941,cents per kilowatt-hour,million kilowatt hours,2024,4
CO,Colorado,IND,industrial,8.67,1144.45777,cents per kilowatt-hour,million kilowatt hours,2024,4
CO,Colorado,RES,residential,14.49,1352.9445,cents per kilowatt-hour,million kilowatt hours,2024,4
IL,Illinois,COM,commercial,11.6,3275.50059,cents per kilowatt-hour,million kilowatt hours,2024,4
IL,Illinois,IND,industrial,8.52,3396.10271,cents per kilowatt-hour,million kilowatt hours,2024,4
IL,Illinois,RES,residential,16.51,2776.8129,cents per kilowatt-hour,million kilowatt hours,2024,4
NY,New York,COM,commercial,17.38,5327.74707,cents per kilowatt-hour,million kilowatt hours,2024,4
NY,New York,IND,industrial,7.39,1290.13196,cents per kilowatt-hour,million kilowatt hours,2024,4
NY,New York,RES,residential,23.03,3494.45159,cents per kilowatt-hour,million kilowatt hours,2024,4
TX,Texas,COM,commercial,8.32,12161.09289,cents per kilowatt-hour,million kilowatt hours,2024,4
TX,Texas,IND,industrial,5.98,13753.11785,cents per kilowatt-hour,million kilowatt hours,2024,4
TX,Texas,RES,residential,15.13,9754.68291,cents per kilowatt-hour,million kilowatt hours,2024,4
CA,California,COM,commercial,23.77,8741.59624,cents per kilowatt-hour,million kilowatt hours,2024,3
CA,California,IND,industrial,19.14,2999.7684,cents per kilowatt-hour,million kilowatt hours,2024,3
CA,California,RES,residential,32.46,5923.29164,cents per kilowatt-hour,million kilowatt hours,2024,3
CO,Colorado,COM,commercial,10.77,1723.01696,cents per kilowatt-hour,million kilowatt hours,2024,3
CO,Colorado,IND,industrial,8.1,1241.36898,cents per kilowatt-hour,million kilowatt hours,2024,3
CO,Colorado,RES,residential,14.41,1522.75028,cents per kilowatt-hour,million kilowatt hours,2024,3
IL,Illinois,COM,commercial,10.85,3702.589,cents per kilowatt-hour,million kilowatt hours,2024,3
IL,Illinois,IND,industrial,8.01,3661.80454,cents per kilowatt-hour,million kilowatt hours,2024,3
IL,Illinois,RES,residential,15.95,3038.78986,cents per kilowatt-hour,million kilowatt hours,2024,3
NY,New York,COM,commercial,17.29,5686.36715,cents per kilowatt-hour,million kilowatt hours,2024,3
NY,New York,IND,industrial,8.38,1287.4848,cents per kilowatt-hour,million kilowatt hours,2024,3
NY,New York,RES,residential,23.69,3757.87376,cents per kilowatt-hour,million kilowatt hours,2024,3
TX,Texas,COM,commercial,8.32,12414.29946,cents per kilowatt-hour,million kilowatt hours,2024,3
TX,Texas,IND,industrial,5.7,13335.9523,cents per kilowatt-hour,million kilowatt hours,2024,3
TX,Texas,RES,residential,15.02,9450.32398,cents per kilowatt-hour,million kilowatt hours,2024,3
CA,California,COM,commercial,23.72,8423.12252,cents per kilowatt-hour,million kilowatt hours,2024,2
CA,California,IND,industrial,18.28,2990.32903,cents per kilowatt-hour,million kilowatt hours,2024,2
CA,California,RES,residential,31.41,6270.74531,cents per kilowatt-hour,million kilowatt hours,2024,2
CO,Colorado,COM,commercial,10.96,1641.00456,cents per kilowatt-hour,million kilowatt hours,2024,2
CO,Colorado,IND,industrial,8.54,1117.83804,cents per kilowatt-hour,million kilowatt hours,2024,2
CO,Colorado,RES,residential,14.48,1543.66022,cents per kilowatt-hour,million kilowatt hours,2024,2
IL,Illinois,COM,commercial,11.37,3463.70013,cents per kilowatt-hour,million kilowatt hours,2024,2
IL,Illinois,IND,industrial,8.56,3291.89884,cents per kilowatt-hour,million kilowatt hours,2024,2
IL,Illinois,RES,residential,15.6,3299.24996,cents per kilowatt-hour,million kilowatt hours,2024,2
NY,New York,COM,commercial,18.21,5659.62484,cents per kilowatt-hour,million kilowatt hours,2024,2
NY,New York,IND,industrial,9.13,1308.59825,cents per kilowatt-hour,million kilowatt hours,2024,2
NY,New York,RES,residential,24.3,4175.36211,cents per kilowatt-hour,million kilowatt hours,2024,2
TX,Texas,COM,commercial,8.24,12252.92491,cents per kilowatt-hour,million kilowatt hours,2024,2
TX,Texas,IND,industrial,5.86,13063.65832,cents per kilowatt-hour,million kilowatt hours,2024,2
TX,Texas,RES,residential,14.48,11404.45996,cents per kilowatt-hour,million kilowatt hours,2024,2
CA,California,COM,commercial,23.1,9352.85241,cents per kilowatt-hour,million kilowatt hours,2024,1
CA,California,IND,industrial,17.95,3147.93038,cents per kilowatt-hour,million kilowatt hours,2024,1
CA,California,RES,residential,29.62,7522.8627,cents per kilowatt-hour,million kilowatt hours,2024,1
CO,Colorado,COM,commercial,10.85,1796.51562,cents per kilowatt-hour,million kilowatt hours,2024,1
CO,Colorado,IND,industrial,8.17,1196.73422,cents per kilowatt-hour,million kilowatt hours,2024,1
CO,Colorado,RES,residential,14.22,1836.52212,cents per kilowatt-hour,million kilowatt hours,2024,1
IL,Illinois,COM,commercial,11.15,4077.58669,cents per kilowatt-hour,million kilowatt hours,2024,1
IL,Illinois,IND,industrial,8.63,3600.93544,cents per kilowatt-hour,million kilowatt hours,2024,1
IL,Illinois,RES,residential,14.77,4310.46343,cents per kilowatt-hour,million kilowatt hours,2024,1
NY,New York,COM,commercial,17.84,5833.01116,cents per kilowatt-hour,million kilowatt hours,2024,1
NY,New York,IND,industrial,9.02,1338.86829,cents per kilowatt-hour,million kilowatt hours,2024,1
NY,New York,RES,residential,23.49,4417.08846,cents per kilowatt-hour,million kilowatt hours,2024,1
TX,Texas,COM,commercial,8.57,12999.50807,cents per kilowatt-hour,million kilowatt hours,2024,1
TX,Texas,IND,industrial,6.23,13477.56972,cents per kilowatt-hour,million kilowatt hours,2024,1
TX,Texas,RES,residential,14.35,14427.07875,cents per kilowatt-hour,million kilowatt hours,2024,1
CA,California,COM,commercial,22.66,8823.95653,cents per kilowatt-hour,million kilowatt hours,2023,12
CA,California,IND,industrial,17.99,3238.52613,cents per kilowatt-hour,million kilowatt hours,2023,12
CA,California,RES,residential,29.12,6546.37466,cents per kilowatt-hour,million kilowatt hours,2023,12
CO,Colorado,COM,commercial,10.95,1745.29404,cents per kilowatt-hour,million kilowatt hours,2023,12
CO,Colorado,IND,industrial,8.17,1230.28108,cents per kilowatt-hour,million kilowatt hours,2023,12
CO,Colorado,RES,residential,14.18,1726.25364,cents per kilowatt-hour,million kilowatt hours,2023,12
IL,Illinois,COM,commercial,10.72,3710.77295,cents per kilowatt-hour,million kilowatt hours,2023,12
IL,Illinois,IND,industrial,8.1,3428.78068,cents per kilowatt-hour,million kilowatt hours,2023,12
IL,Illinois,RES,residential,14.84,3604.64755,cents per kilowatt-hour,million kilowatt hours,2023,12
NY,New York,COM,commercial,16.67,5868.06085,cents per kilowatt-hour,million kilowatt hours,2023,12
NY,New York,IND,industrial,6.34,1157.99046,cents per kilowatt-hour,million kilowatt hours,2023,12
NY,New York,RES,residential,22.42,4294.03398,cents per kilowatt-hour,million kilowatt hours,2023,12
TX,Texas,COM,commercial,8.51,12204.79525,cents per kilowatt-hour,million kilowatt hours,2023,12
TX,Texas,IND,industrial,5.72,13128.09439,cents per kilowatt-hour,million kilowatt hours,2023,12
TX,Texas,RES,residential,14.64,11071.62283,cents per kilowatt-hour,million kilowatt hours,2023,12
CA,California,COM,commercial,23.12,8736.54537,cents per kilowatt-hour,million kilowatt hours,2023,11
CA,California,IND,industrial,18.33,3466.8148,cents per kilowatt-hour,million kilowatt hours,2023,11
CA,California,RES,residential,29.54,6216.8523,cents per kilowatt-hour,million kilowatt hours,2023,11
CO,Colorado,COM,commercial,11.51,1540.89889,cents per kilowatt-hour,million kilowatt hours,2023,11
CO,Colorado,IND,industrial,8.44,1145.59487,cents per kilowatt-hour,million kilowatt hours,2023,11
CO,Colorado,RES,residential,14.58,1402.89981,cents per kilowatt-hour,million kilowatt hours,2023,11
IL,Illinois,COM,commercial,11.01,3553.40249,cents per kilowatt-hour,million kilowatt hours,2023,11
IL,Illinois,IND,industrial,8.19,3296.16754,cents per kilowatt-hour,million kilowatt hours,2023,11
IL,Illinois,RES,residential,15.65,3121.91948,cents per kilowatt-hour,million kilowatt hours,2023,11
NY,New York,COM,commercial,18.34,5876.93653,cents per kilowatt-hour,million kilowatt hours,2023,11
NY,New York,IND,industrial,6.66,1317.12071,cents per kilowatt-hour,million kilowatt hours,2023,11
NY,New York,RES,residential,22.85,3608.97419,cents per kilowatt-hour,million kilowatt hours,2023,11
TX,Texas,COM,commercial,8.49,12781.96434,cents per kilowatt-hour,million kilowatt hours,2023,11
TX,Texas,IND,industrial,6.07,13177.79051,cents per kilowatt-hour,million kilowatt hours,2023,11
TX,Texas,RES,residential,14.79,10148.35704,cents per kilowatt-hour,million kilowatt hours,2023,11
CA,California,COM,commercial,24.75,10407.52147,cents per kilowatt-hour,million kilowatt hours,2023,10
CA,California,IND,industrial,20.15,3894.51471,cents per kilowatt-hour,million kilowatt hours,2023,10
CA,California,RES,residential,31.78,6026.42583,cents per kilowatt-hour,million kilowatt hours,2023,10
CO,Colorado,COM,commercial,11.48,1689.66754,cents per kilowatt-hour,million kilowatt hours,2023,10
CO,Colorado,IND,industrial,8.35,1262.6371,cents per kilowatt-hour,million kilowatt hours,2023,10
CO,Colorado,RES,residential,14.5,1425.37745,cents per kilowatt-hour,million kilowatt hours,2023,10
IL,Illinois,COM,commercial,11.12,3633.47184,cents per kilowatt-hour,million kilowatt hours,2023,10
IL,Illinois,IND,industrial,8.25,3446.58008,cents per kilowatt-hour,million kilowatt hours,2023,10
IL,Illinois,RES,residential,15.75,2969.82627,cents per kilowatt-hour,million kilowatt hours,2023,10
NY,New York,COM,commercial,18.84,5689.89462,cents per kilowatt-hour,million kilowatt hours,2023,10
NY,New York,IND,industrial,6.54,1185.72334,cents per kilowatt-hour,million kilowatt hours,2023,10
NY,New York,RES,residential,21.99,3651.02116,cents per kilowatt-hour,million kilowatt hours,2023,10
TX,Texas,COM,commercial,8.82,14664.08436,cents per kilowatt-hour,million kilowatt hours,2023,10
TX,Texas,IND,industrial,6.5,14172.48579,cents per kilowatt-hour,million kilowatt hours,2023,10
TX,Texas,RES,residential,14.89,13099.63473,cents per kilowatt-hour,million kilowatt hours,2023,10
CA,California,COM,commercial,27.27,10285.3966,cents per kilowatt-hour,million kilowatt hours,2023,9
CA,California,IND,industrial,20.41,4208.72107,cents per kilowatt-hour,million kilowatt hours,2023,9
CA,California,RES,residential,30.01,7910.99094,cents per kilowatt-hour,million kilowatt hours,2023,9
CO,Colorado,COM,commercial,12.57,1785.88378,cents per kilowatt-hour,million kilowatt hours,2023,9
CO,Colorado,IND,industrial,8.95,1286.23107,cents per kilowatt-hour,million kilowatt hours,2023,9
CO,Colorado,RES,residential,15.03,1693.95402,cents per kilowatt-hour,million kilowatt hours,2023,9
IL,Illinois,COM,commercial,11.3,3904.64059,cents per kilowatt-hour,million kilowatt hours,2023,9
IL,Illinois,IND,industrial,8.03,3416.30626,cents per kilowatt-hour,million kilowatt hours,2023,9
IL,Illinois,RES,residential,14.7,3631.63097,cents per kilowatt-hour,million kilowatt hours,2023,9
NY,New York,COM,commercial,20.17,6464.23331,cents per kilowatt-hour,million kilowatt hours,2023,9
NY,New York,IND,industrial,6.98,1316.23883,cents per kilowatt-hour,million kilowatt hours,2023,9
NY,New York,RES,residential,23.24,4622.04973,cents per kilowatt-hour,million kilowatt hours,2023,9
TX,Texas,COM,commercial,9.23,15799.91256,cents per kilowatt-hour,million kilowatt hours,2023,9
TX,Texas,IND,industrial,7.69,13966.79654,cents per kilowatt-hour,million kilowatt hours,2023,9
TX,Texas,RES,residential,14.68,18996.59289,cents per kilowatt-hour,million kilowatt hours,2023,9
CA,California,COM,commercial,28.02,10940.53632,cents per kilowatt-hour,million kilowatt hours,2023,8
CA,California,IND,industrial,21.8,4285.96145,cents per kilowatt-hour,million kilowatt hours,2023,8
CA,California,RES,residential,29.97,9806.88104,cents per kilowatt-hour,million kilowatt hours,2023,8
CO,Colorado,COM,commercial,12.43,2021.3116,cents per kilowatt-hour,million kilowatt hours,2023,8
CO,Colorado,IND,industrial,8.75,1380.56112,cents per kilowatt-hour,million kilowatt hours,2023,8
CO,Colorado,RES,residential,14.45,2246.38538,cents per kilowatt-hour,million kilowatt hours,2023,8
IL,Illinois,COM,commercial,11.02,4378.88039,cents per kilowatt-hour,million kilowatt hours,2023,8
IL,Illinois,IND,industrial,8.38,3736.84994,cents per kilowatt-hour,million kilowatt hours,2023,8
IL,Illinois,RES,residential,13.74,4809.25612,cents per kilowatt-hour,million kilowatt hours,2023,8
NY,New York,COM,commercial,19.43,6700.57211,cents per kilowatt-hour,million kilowatt hours,2023,8
NY,New York,IND,industrial,7.13,1319.64444,cents per kilowatt-hour,million kilowatt hours,2023,8
NY,New York,RES,residential,22.26,5343.09351,cents per kilowatt-hour,million kilowatt hours,2023,8
TX,Texas,COM,commercial,9.74,16965.02326,cents per kilowatt-hour,million kilowatt hours,2023,8
TX,Texas,IND,industrial,9.19,14935.09723,cents per kilowatt-hour,million kilowatt hours,2023,8
TX,Texas,RES,residential,14.17,22481.4212,cents per kilowatt-hour,million kilowatt hours,2023,8
CA,California,COM,commercial,26.54,10697.34361,cents per kilowatt-hour,million kilowatt hours,2023,7
CA,California,IND,industrial,20.66,4001.8242,cents per kilowatt-hour,million kilowatt hours,2023,7
CA,California,RES,residential,29.46,8286.97501,cents per kilowatt-hour,million kilowatt hours,2023,7
CO,Colorado,COM,commercial,12.24,1931.92132,cents per kilowatt-hour,million kilowatt hours,2023,7
CO,Colorado,IND,industrial,8.88,1323.87507,cents per kilowatt-hour,million kilowatt hours,2023,7
CO,Colorado,RES,residential,14.14,2117.97954,cents per kilowatt-hour,million kilowatt hours,2023,7
IL,Illinois,COM,commercial,11.25,4290.67872,cents per kilowatt-hour,million kilowatt hours,2023,7
IL,Illinois,IND,industrial,8.07,3708.04341,cents per kilowatt-hour,million kilowatt hours,2023,7
IL,Illinois,RES,residential,14.81,4991.2585,cents per kilowatt-hour,million kilowatt hours,2023,7
NY,New York,COM,commercial,19.69,6820.40054,cents per kilowatt-hour,million kilowatt hours,2023,7
NY,New York,IND,industrial,7.02,1366.49673,cents per kilowatt-hour,million kilowatt hours,2023,7
NY,New York,RES,residential,22.29,5560.01128,cents per kilowatt-hour,million kilowatt hours,2023,7
TX,Texas,COM,commercial,8.85,16253.17078,cents per kilowatt-hour,million kilowatt hours,2023,7
TX,Texas,IND,industrial,6.53,14293.42081,cents per kilowatt-hour,million kilowatt hours,2023,7
TX,Texas,RES,residential,13.95,20557.60515,cents per kilowatt-hour,million kilowatt hours,2023,7
CA,California,COM,commercial,24.13,9544.08938,cents per kilowatt-hour,million kilowatt hours,2023,6
CA,California,IND,industrial,19.08,3766.67976,cents per kilowatt-hour,million kilowatt hours,2023,6
CA,California,RES,residential,31.24,5960.41984,cents per kilowatt-hour,million kilowatt hours,2023,6
CO,Colorado,COM,commercial,12.6,1651.65476,cents per kilowatt-hour,million kilowatt hours,2023,6
CO,Colorado,IND,industrial,8.96,1220.1217,cents per kilowatt-hour,million kilowatt hours,2023,6
CO,Colorado,RES,residential,14.63,1537.27202,cents per kilowatt-hour,million kilowatt hours,2023,6
IL,Illinois,COM,commercial,11.15,3843.33739,cents per kilowatt-hour,million kilowatt hours,2023,6
IL,Illinois,IND,industrial,8.23,3424.23543,cents per kilowatt-hour,million kilowatt hours,2023,6
IL,Illinois,RES,residential,15.08,3934.88796,cents per kilowatt-hour,million kilowatt hours,2023,6
NY,New York,COM,commercial,18.4,5770.23991,cents per kilowatt-hour,million kilowatt hours,2023,6
NY,New York,IND,industrial,6.62,1237.44311,cents per kilowatt-hour,million kilowatt hours,2023,6
NY,New York,RES,residential,21.63,3849.08287,cents per kilowatt-hour,million kilowatt hours,2023,6
TX,Texas,COM,commercial,8.68,14665.52014,cents per kilowatt-hour,million kilowatt hours,2023,6
TX,Texas,IND,industrial,6.54,13325.13499,cents per kilowatt-hour,million kilowatt hours,2023,6
TX,Texas,RES,residential,14.35,15989.2207,cents per kilowatt-hour,million kilowatt hours,2023,6
CA,California,COM,commercial,21.77,9130.68304,cents per kilowatt-hour,million kilowatt hours,2023,5
CA,California,IND,industrial,17.7,3500.77218,cents per kilowatt-hour,million kilowatt hours,2023,5
CA,California,RES,residential,29.82,5585.46257,cents per kilowatt-hour,million kilowatt hours,2023,5
CO,Colorado,COM,commercial,11.23,1666.66867,cents per kilowatt-hour,million kilowatt hours,2023,5
CO,Colorado,IND,industrial,8.46,1203.8977,cents per kilowatt-hour,million kilowatt hours,2023,5
CO,Colorado,RES,residential,14.34,1444.22667,cents per kilowatt-hour,million kilowatt hours,2023,5
IL,Illinois,COM,commercial,11.59,3591.33456,cents per kilowatt-hour,million kilowatt hours,2023,5
IL,Illinois,IND,industrial,8.1,3421.75667,cents per kilowatt-hour,million kilowatt hours,2023,5
IL,Illinois,RES,residential,17.86,2916.73814,cents per kilowatt-hour,million kilowatt hours,2023,5
NY,New York,COM,commercial,16.36,5313.69486,cents per kilowatt-hour,million kilowatt hours,2023,5
NY,New York,IND,industrial,6.87,1299.83949,cents per kilowatt-hour,million kilowatt hours,2023,5
NY,New York,RES,residential,20.47,3380.73189,cents per kilowatt-hour,million kilowatt hours,2023,5
TX,Texas,COM,commercial,8.45,13289.1886,cents per kilowatt-hour,million kilowatt hours,2023,5
TX,Texas,IND,industrial,5.81,13020.68975,cents per kilowatt-hour,million kilowatt hours,2023,5
TX,Texas,RES,residential,14.65,11490.17164,cents per kilowatt-hour,million kilowatt hours,2023,5
CA,California,COM,commercial,21.37,7351.00112,cents per kilowatt-hour,million kilowatt hours,2023,4
CA,California,IND,industrial,15.81,3094.00849,cents per kilowatt-hour,million kilowatt hours,2023,4
CA,California,RES,residential,29.7,5759.78539,cents per kilowatt-hour,million kilowatt hours,2023,4
CO,Colorado,COM,commercial,11.18,1587.66242,cents per kilowatt-hour,million kilowatt hours,2023,4
CO,Colorado,IND,industrial,8.17,1237.73532,cents per kilowatt-hour,million kilowatt hours,2023,4
CO,Colorado,RES,residential,13.53,1393.28645,cents per kilowatt-hour,million kilowatt hours,2023,4
IL,Illinois,COM,commercial,11.6,3387.82017,cents per kilowatt-hour,million kilowatt hours,2023,4
IL,Illinois,IND,industrial,8.11,3267.36819,cents per kilowatt-hour,million kilowatt hours,2023,4
IL,Illinois,RES,residential,17.82,2757.1224,cents per kilowatt-hour,million kilowatt hours,2023,4
NY,New York,COM,commercial,16.12,5406.48007,cents per kilowatt-hour,million kilowatt hours,2023,4
NY,New York,IND,industrial,6.78,1320.81529,cents per kilowatt-hour,million kilowatt hours,2023,4
NY,New York,RES,residential,19.81,3396.08267,cents per kilowatt-hour,million kilowatt hours,2023,4
TX,Texas,COM,commercial,8.09,12138.22624,cents per kilowatt-hour,million kilowatt hours,2023,4
TX,Texas,IND,industrial,5.6,12419.10142,cents per kilowatt-hour,million kilowatt hours,2023,4
TX,Texas,RES,residential,14.36,9579.8956,cents per kilowatt-hour,million kilowatt hours,2023,4
CA,California,COM,commercial,21.6,9598.61542,cents per kilowatt-hour,million kilowatt hours,2023,3
CA,California,IND,industrial,16.94,3297.88452,cents per kilowatt-hour,million kilowatt hours,2023,3
CA,California,RES,residential,30.39,6548.70086,cents per kilowatt-hour,million kilowatt hours,2023,3
CO,Colorado,COM,commercial,11.04,1744.44271,cents per kilowatt-hour,million kilowatt hours,2023,3
CO,Colorado,IND,industrial,8.45,1189.33551,cents per kilowatt-hour,million kilowatt hours,2023,3
CO,Colorado,RES,residential,13.8,1638.21063,cents per kilowatt-hour,million kilowatt hours,2023,3
IL,Illinois,COM,commercial,11.48,3770.93477,cents per kilowatt-hour,million kilowatt hours,2023,3
IL,Illinois,IND,industrial,8.36,3460.26699,cents per kilowatt-hour,million kilowatt hours,2023,3
IL,Illinois,RES,residential,17.38,3316.40716,cents per kilowatt-hour,million kilowatt hours,2023,3
NY,New York,COM,commercial,16.92,5722.55412,cents per kilowatt-hour,million kilowatt hours,2023,3
NY,New York,IND,industrial,6.89,1294.85236,cents per kilowatt-hour,million kilowatt hours,2023,3
NY,New York,RES,residential,21.21,3977.9378,cents per kilowatt-hour,million kilowatt hours,2023,3
TX,Texas,COM,commercial,8.71,12578.17902,cents per kilowatt-hour,million kilowatt hours,2023,3
TX,Texas,IND,industrial,6.18,12690.80206,cents per kilowatt-hour,million kilowatt hours,2023,3
TX,Texas,RES,residential,14.61,10512.63757,cents per kilowatt-hour,million kilowatt hours,2023,3
CA,California,COM,commercial,21.29,8232.64667,cents per kilowatt-hour,million kilowatt hours,2023,2
CA,California,IND,industrial,15.69,3033.6725,cents per kilowatt-hour,million kilowatt hours,2023,2
CA,California,RES,residential,27.25,6117.56877,cents per kilowatt-hour,million kilowatt hours,2023,2
CO,Colorado,COM,commercial,11.25,1577.76884,cents per kilowatt-hour,million kilowatt hours,2023,2
CO,Colorado,IND,industrial,7.74,1110.54675,cents per kilowatt-hour,million kilowatt hours,2023,2
CO,Colorado,RES,residential,14.23,1557.44754,cents per kilowatt-hour,million kilowatt hours,2023,2
IL,Illinois,COM,commercial,11.05,3537.2552,cents per kilowatt-hour,million kilowatt hours,2023,2
IL,Illinois,IND,industrial,8.08,3146.1133,cents per kilowatt-hour,million kilowatt hours,2023,2
IL,Illinois,RES,residential,17.03,3381.83406,cents per kilowatt-hour,million kilowatt hours,2023,2
NY,New York,COM,commercial,16.24,5783.00313,cents per kilowatt-hour,million kilowatt hours,2023,2
NY,New York,IND,industrial,7.06,1156.0037,cents per kilowatt-hour,million kilowatt hours,2023,2
NY,New York,RES,residential,24.18,3953.48438,cents per kilowatt-hour,million kilowatt hours,2023,2
TX,Texas,COM,commercial,9.05,11589.1184,cents per kilowatt-hour,million kilowatt hours,2023,2
TX,Texas,IND,industrial,6.32,11495.59197,cents per kilowatt-hour,million kilowatt hours,2023,2
TX,Texas,RES,residential,14.72,11690.34918,cents per kilowatt-hour,million kilowatt hours,2023,2
CA,California,COM,commercial,21.92,9187.23047,cents per kilowatt-hour,million kilowatt hours,2023,1
CA,California,IND,industrial,16.52,3209.17717,cents per kilowatt-hour,million kilowatt hours,2023,1
CA,California,RES,residential,26.47,8054.46081,cents per kilowatt-hour,million kilowatt hours,2023,1
CO,Colorado,COM,commercial,10.91,1754.55344,cents per kilowatt-hour,million kilowatt hours,2023,1
CO,Colorado,IND,industrial,8.52,1188.03071,cents per kilowatt-hour,million kilowatt hours,2023,1
CO,Colorado,RES,residential,14.11,1816.03984,cents per kilowatt-hour,million kilowatt hours,2023,1
IL,Illinois,COM,commercial,11.68,3973.76095,cents per kilowatt-hour,million kilowatt hours,2023,1
IL,Illinois,IND,industrial,8.48,3514.95552,cents per kilowatt-hour,million kilowatt hours,2023,1
IL,Illinois,RES,residential,15.99,3884.21841,cents per kilowatt-hour,million kilowatt hours,2023,1
NY,New York,COM,commercial,17.97,6006.11394,cents per kilowatt-hour,million kilowatt hours,2023,1
NY,New York,IND,industrial,7.49,1201.36554,cents per kilowatt-hour,million kilowatt hours,2023,1
NY,New York,RES,residential,23.62,4476.75456,cents per kilowatt-hour,million kilowatt hours,2023,1
TX,Texas,COM,commercial,8.86,12862.65107,cents per kilowatt-hour,million kilowatt hours,2023,1
TX,Texas,IND,industrial,6.48,11623.97254,cents per kilowatt-hour,million kilowatt hours,2023,1
TX,Texas,RES,residential,14.36,12993.36646,cents per kilowatt-hour,million kilowatt hours,2023,1
CA,California,COM,commercial,21.02,8861.33076,cents per kilowatt-hour,million kilowatt hours,2022,12
CA,California,IND,industrial,17.03,3435.59244,cents per kilowatt-hour,million kilowatt hours,2022,12
CA,California,RES,residential,26.04,6817.67816,cents per kilowatt-hour,million kilowatt hours,2022,12
CO,Colorado,COM,commercial,11.38,1800.0752,cents per kilowatt-hour,million kilowatt hours,2022,12
CO,Colorado,IND,industrial,8.47,1243.95127,cents per kilowatt-hour,million kilowatt hours,2022,12
CO,Colorado,RES,residential,14.15,1809.86813,cents per kilowatt-hour,million kilowatt hours,2022,12
IL,Illinois,COM,commercial,11.23,4001.03336,cents per kilowatt-hour,million kilowatt hours,2022,12
IL,Illinois,IND,industrial,8.66,3422.75965,cents per kilowatt-hour,million kilowatt hours,2022,12
IL,Illinois,RES,residential,15.98,4134.21523,cents per kilowatt-hour,million kilowatt hours,2022,12
NY,New York,COM,commercial,17.54,6173.99254,cents per kilowatt-hour,million kilowatt hours,2022,12
NY,New York,IND,industrial,7.73,1352.53795,cents per kilowatt-hour,million kilowatt hours,2022,12
NY,New York,RES,residential,22.78,4234.46457,cents per kilowatt-hour,million kilowatt hours,2022,12
TX,Texas,COM,commercial,8.86,13566.9488,cents per kilowatt-hour,million kilowatt hours,2022,12
TX,Texas,IND,industrial,7.21,12005.66952,cents per kilowatt-hour,million kilowatt hours,2022,12
TX,Texas,RES,residential,14.49,12631.77294,cents per kilowatt-hour,million kilowatt hours,2022,12
CA,California,COM,commercial,22.09,8077.94636,cents per kilowatt-hour,million kilowatt hours,2022,11
CA,California,IND,industrial,16.64,3497.30962,cents per kilowatt-hour,million kilowatt hours,2022,11
CA,California,RES,residential,25.52,6370.38455,cents per kilowatt-hour,million kilowatt hours,2022,11
CO,Colorado,COM,commercial,12.0,1598.63665,cents per kilowatt-hour,million kilowatt hours,2022,11
CO,Colorado,IND,industrial,8.76,1227.50804,cents per kilowatt-hour,million kilowatt hours,2022,11
CO,Colorado,RES,residential,14.55,1524.80178,cents per kilowatt-hour,million kilowatt hours,2022,11
IL,Illinois,COM,commercial,10.86,3605.21233,cents per kilowatt-hour,million kilowatt hours,2022,11
IL,Illinois,IND,industrial,8.08,3304.21116,cents per kilowatt-hour,million kilowatt hours,2022,11
IL,Illinois,RES,residential,17.04,3128.53338,cents per kilowatt-hour,million kilowatt hours,2022,11
NY,New York,COM,commercial,17.78,5410.0385,cents per kilowatt-hour,million kilowatt hours,2022,11
NY,New York,IND,industrial,7.09,1400.91005,cents per kilowatt-hour,million kilowatt hours,2022,11
NY,New York,RES,residential,23.66,3448.43457,cents per kilowatt-hour,million kilowatt hours,2022,11
TX,Texas,COM,commercial,8.85,12419.96877,cents per kilowatt-hour,million kilowatt hours,2022,11
TX,Texas,IND,industrial,6.8,11747.20655,cents per kilowatt-hour,million kilowatt hours,2022,11
TX,Texas,RES,residential,15.01,10252.12475,cents per kilowatt-hour,million kilowatt hours,2022,11
CA,California,COM,commercial,22.79,10432.03221,cents per kilowatt-hour,million kilowatt hours,2022,10
CA,California,IND,industrial,18.41,4237.36053,cents per kilowatt-hour,million kilowatt hours,2022,10
CA,California,RES,residential,25.76,6840.73197,cents per kilowatt-hour,million kilowatt hours,2022,10
CO,Colorado,COM,commercial,12.1,1680.61195,cents per kilowatt-hour,million kilowatt hours,2022,10
CO,Colorado,IND,industrial,8.9,1260.22157,cents per kilowatt-hour,million kilowatt hours,2022,10
CO,Colorado,RES,residential,14.8,1403.88575,cents per kilowatt-hour,million kilowatt hours,2022,10
IL,Illinois,COM,commercial,11.52,3634.46286,cents per kilowatt-hour,million kilowatt hours,2022,10
IL,Illinois,IND,industrial,8.37,3411.77009,cents per kilowatt-hour,million kilowatt hours,2022,10
IL,Illinois,RES,residential,17.02,2775.22314,cents per kilowatt-hour,million kilowatt hours,2022,10
NY,New York,COM,commercial,18.92,5738.24945,cents per kilowatt-hour,million kilowatt hours,2022,10
NY,New York,IND,industrial,7.44,1309.49884,cents per kilowatt-hour,million kilowatt hours,2022,10
NY,New York,RES,residential,23.26,3550.87459,cents per kilowatt-hour,million kilowatt hours,2022,10
TX,Texas,COM,commercial,9.33,13024.34498,cents per kilowatt-hour,million kilowatt hours,2022,10
TX,Texas,IND,industrial,7.05,12136.99582,cents per kilowatt-hour,million kilowatt hours,2022,10
TX,Texas,RES,residential,14.94,12038.37318,cents per kilowatt-hour,million kilowatt hours,2022,10
CA,California,COM,commercial,24.2,11122.58876,cents per kilowatt-hour,million kilowatt hours,2022,9
CA,California,IND,industrial,19.3,4496.05601,cents per kilowatt-hour,million kilowatt hours,2022,9
CA,California,RES,residential,25.96,10324.49803,cents per kilowatt-hour,million kilowatt hours,2022,9
CO,Colorado,COM,commercial,12.68,1811.46253,cents per kilowatt-hour,million kilowatt hours,2022,9
CO,Colorado,IND,industrial,9.31,1249.51683,cents per kilowatt-hour,million kilowatt hours,2022,9
CO,Colorado,RES,residential,15.0,1748.78515,cents per kilowatt-hour,million kilowatt hours,2022,9
IL,Illinois,COM,commercial,12.35,3977.53122,cents per kilowatt-hour,million kilowatt hours,2022,9
IL,Illinois,IND,industrial,9.41,3418.87239,cents per kilowatt-hour,million kilowatt hours,2022,9
IL,Illinois,RES,residential,16.81,3714.87365,cents per kilowatt-hour,million kilowatt hours,2022,9
NY,New York,COM,commercial,20.39,6489.48534,cents per kilowatt-hour,million kilowatt hours,2022,9
NY,New York,IND,industrial,7.96,1410.00487,cents per kilowatt-hour,million kilowatt hours,2022,9
NY,New York,RES,residential,23.95,4871.89367,cents per kilowatt-hour,million kilowatt hours,2022,9
TX,Texas,COM,commercial,9.61,15228.32993,cents per kilowatt-hour,million kilowatt hours,2022,9
TX,Texas,IND,industrial,7.59,12503.63421,cents per kilowatt-hour,million kilowatt hours,2022,9
TX,Texas,RES,residential,14.75,15999.69242,cents per kilowatt-hour,million kilowatt hours,2022,9
CA,California,COM,commercial,24.71,11715.24765,cents per kilowatt-hour,million kilowatt hours,2022,8
CA,California,IND,industrial,19.58,4889.7684,cents per kilowatt-hour,million kilowatt hours,2022,8
CA,California,RES,residential,26.49,10768.46775,cents per kilowatt-hour,million kilowatt hours,2022,8
CO,Colorado,COM,commercial,12.53,1984.94791,cents per kilowatt-hour,million kilowatt hours,2022,8
CO,Colorado,IND,industrial,9.78,1351.79623,cents per kilowatt-hour,million kilowatt hours,2022,8
CO,Colorado,RES,residential,14.74,2253.91184,cents per kilowatt-hour,million kilowatt hours,2022,8
IL,Illinois,COM,commercial,12.18,4450.88353,cents per kilowatt-hour,million kilowatt hours,2022,8
IL,Illinois,IND,industrial,9.34,3703.20601,cents per kilowatt-hour,million kilowatt hours,2022,8
IL,Illinois,RES,residential,16.73,4908.90265,cents per kilowatt-hour,million kilowatt hours,2022,8
NY,New York,COM,commercial,19.96,7259.11497,cents per kilowatt-hour,million kilowatt hours,2022,8
NY,New York,IND,industrial,8.48,1433.56344,cents per kilowatt-hour,million kilowatt hours,2022,8
NY,New York,RES,residential,21.2,5944.88409,cents per kilowatt-hour,million kilowatt hours,2022,8
TX,Texas,COM,commercial,9.94,15847.25074,cents per kilowatt-hour,million kilowatt hours,2022,8
TX,Texas,IND,industrial,7.71,13531.05457,cents per kilowatt-hour,million kilowatt hours,2022,8
TX,Texas,RES,residential,14.12,19798.8313,cents per kilowatt-hour,million kilowatt hours,2022,8
CA,California,COM,commercial,23.83,10700.20274,cents per kilowatt-hour,million kilowatt hours,2022,7
CA,California,IND,industrial,19.79,4461.67555,cents per kilowatt-hour,million kilowatt hours,2022,7
CA,California,RES,residential,26.18,8972.98522,cents per kilowatt-hour,million kilowatt hours,2022,7
CO,Colorado,COM,commercial,12.47,2001.30122,cents per kilowatt-hour,million kilowatt hours,2022,7
CO,Colorado,IND,industrial,9.07,1400.24003,cents per kilowatt-hour,million kilowatt hours,2022,7
CO,Colorado,RES,residential,14.42,2278.177,cents per kilowatt-hour,million kilowatt hours,2022,7
IL,Illinois,COM,commercial,12.2,4401.32965,cents per kilowatt-hour,million kilowatt hours,2022,7
IL,Illinois,IND,industrial,9.1,3707.12998,cents per kilowatt-hour,million kilowatt hours,2022,7
IL,Illinois,RES,residential,16.36,5260.59156,cents per kilowatt-hour,million kilowatt hours,2022,7
NY,New York,COM,commercial,19.86,6565.05719,cents per kilowatt-hour,million kilowatt hours,2022,7
NY,New York,IND,industrial,8.3,1451.4685,cents per kilowatt-hour,million kilowatt hours,2022,7
NY,New York,RES,residential,21.88,5637.79053,cents per kilowatt-hour,million kilowatt hours,2022,7
TX,Texas,COM,commercial,9.77,15374.32895,cents per kilowatt-hour,million kilowatt hours,2022,7
TX,Texas,IND,industrial,8.64,11992.23728,cents per kilowatt-hour,million kilowatt hours,2022,7
TX,Texas,RES,residential,13.71,20742.40778,cents per kilowatt-hour,million kilowatt hours,2022,7
CA,California,COM,commercial,22.59,9441.96712,cents per kilowatt-hour,million kilowatt hours,2022,6
CA,California,IND,industrial,17.54,4463.98679,cents per kilowatt-hour,million kilowatt hours,2022,6
CA,California,RES,residential,28.16,7600.56372,cents per kilowatt-hour,million kilowatt hours,2022,6
CO,Colorado,COM,commercial,12.43,1798.59842,cents per kilowatt-hour,million kilowatt hours,2022,6
CO,Colorado,IND,industrial,8.65,1272.87418,cents per kilowatt-hour,million kilowatt hours,2022,6
CO,Colorado,RES,residential,14.29,1810.53292,cents per kilowatt-hour,million kilowatt hours,2022,6
IL,Illinois,COM,commercial,11.99,4132.54759,cents per kilowatt-hour,million kilowatt hours,2022,6
IL,Illinois,IND,industrial,9.0,3735.48107,cents per kilowatt-hour,million kilowatt hours,2022,6
IL,Illinois,RES,residential,16.58,4444.20179,cents per kilowatt-hour,million kilowatt hours,2022,6
NY,New York,COM,commercial,19.41,6005.19352,cents per kilowatt-hour,million kilowatt hours,2022,6
NY,New York,IND,industrial,7.54,1433.61303,cents per kilowatt-hour,million kilowatt hours,2022,6
NY,New York,RES,residential,22.36,4263.37621,cents per kilowatt-hour,million kilowatt hours,2022,6
TX,Texas,COM,commercial,9.58,14382.43235,cents per kilowatt-hour,million kilowatt hours,2022,6
TX,Texas,IND,industrial,7.42,12404.36681,cents per kilowatt-hour,million kilowatt hours,2022,6
TX,Texas,RES,residential,13.49,17653.23722,cents per kilowatt-hour,million kilowatt hours,2022,6
CA,California,COM,commercial,19.84,8741.9334,cents per kilowatt-hour,million kilowatt hours,2022,5
CA,California,IND,industrial,16.07,3962.19494,cents per kilowatt-hour,million kilowatt hours,2022,5
CA,California,RES,residential,27.21,6186.95556,cents per kilowatt-hour,million kilowatt hours,2022,5
CO,Colorado,COM,commercial,11.05,1670.48283,cents per kilowatt-hour,million kilowatt hours,2022,5
CO,Colorado,IND,industrial,8.26,1208.90773,cents per kilowatt-hour,million kilowatt hours,2022,5
CO,Colorado,RES,residential,13.67,1458.34031,cents per kilowatt-hour,million kilowatt hours,2022,5
IL,Illinois,COM,commercial,11.62,3763.1772,cents per kilowatt-hour,million kilowatt hours,2022,5
IL,Illinois,IND,industrial,8.96,3384.32083,cents per kilowatt-hour,million kilowatt hours,2022,5
IL,Illinois,RES,residential,15.02,3557.28214,cents per kilowatt-hour,million kilowatt hours,2022,5
NY,New York,COM,commercial,16.9,5417.88478,cents per kilowatt-hour,million kilowatt hours,2022,5
NY,New York,IND,industrial,7.0,1210.06777,cents per kilowatt-hour,million kilowatt hours,2022,5
NY,New York,RES,residential,21.86,3604.33317,cents per kilowatt-hour,million kilowatt hours,2022,5
TX,Texas,COM,commercial,9.18,13363.83712,cents per kilowatt-hour,million kilowatt hours,2022,5
TX,Texas,IND,industrial,7.95,12302.45033,cents per kilowatt-hour,million kilowatt hours,2022,5
TX,Texas,RES,residential,13.34,13439.90599,cents per kilowatt-hour,million kilowatt hours,2022,5
CA,California,COM,commercial,21.05,8871.19585,cents per kilowatt-hour,million kilowatt hours,2022,4
CA,California,IND,industrial,15.39,3712.28138,cents per kilowatt-hour,million kilowatt hours,2022,4
CA,California,RES,residential,23.28,5531.39779,cents per kilowatt-hour,million kilowatt hours,2022,4
CO,Colorado,COM,commercial,10.76,1644.7813,cents per kilowatt-hour,million kilowatt hours,2022,4
CO,Colorado,IND,industrial,8.07,1222.81174,cents per kilowatt-hour,million kilowatt hours,2022,4
CO,Colorado,RES,residential,13.71,1384.87975,cents per kilowatt-hour,million kilowatt hours,2022,4
IL,Illinois,COM,commercial,11.08,3460.97788,cents per kilowatt-hour,million kilowatt hours,2022,4
IL,Illinois,IND,industrial,8.43,3316.20223,cents per kilowatt-hour,million kilowatt hours,2022,4
IL,Illinois,RES,residential,14.98,2890.07871,cents per kilowatt-hour,million kilowatt hours,2022,4
NY,New York,COM,commercial,16.32,5510.56303,cents per kilowatt-hour,million kilowatt hours,2022,4
NY,New York,IND,industrial,6.98,1370.73764,cents per kilowatt-hour,million kilowatt hours,2022,4
NY,New York,RES,residential,21.06,3536.87642,cents per kilowatt-hour,million kilowatt hours,2022,4
TX,Texas,COM,commercial,8.31,12070.69824,cents per kilowatt-hour,million kilowatt hours,2022,4
TX,Texas,IND,industrial,6.75,11805.64005,cents per kilowatt-hour,million kilowatt hours,2022,4
TX,Texas,RES,residential,13.29,10133.09082,cents per kilowatt-hour,million kilowatt hours,2022,4
CA,California,COM,commercial,19.36,9580.61864,cents per kilowatt-hour,million kilowatt hours,2022,3
CA,California,IND,industrial,14.95,3854.6315,cents per kilowatt-hour,million kilowatt hours,2022,3
CA,California,RES,residential,26.37,6264.94106,cents per kilowatt-hour,million kilowatt hours,2022,3
CO,Colorado,COM,commercial,10.43,1745.52575,cents per kilowatt-hour,million kilowatt hours,2022,3
CO,Colorado,IND,industrial,8.13,1202.55896,cents per kilowatt-hour,million kilowatt hours,2022,3
CO,Colorado,RES,residential,13.53,1619.53792,cents per kilowatt-hour,million kilowatt hours,2022,3
IL,Illinois,COM,commercial,10.51,3788.08113,cents per kilowatt-hour,million kilowatt hours,2022,3
IL,Illinois,IND,industrial,8.02,3539.71766,cents per kilowatt-hour,million kilowatt hours,2022,3
IL,Illinois,RES,residential,14.57,3312.99855,cents per kilowatt-hour,million kilowatt hours,2022,3
NY,New York,COM,commercial,16.2,5811.19792,cents per kilowatt-hour,million kilowatt hours,2022,3
NY,New York,IND,industrial,6.95,1187.93,cents per kilowatt-hour,million kilowatt hours,2022,3
NY,New York,RES,residential,20.75,4116.51871,cents per kilowatt-hour,million kilowatt hours,2022,3
TX,Texas,COM,commercial,8.29,12053.22786,cents per kilowatt-hour,million kilowatt hours,2022,3
TX,Texas,IND,industrial,6.35,11831.46829,cents per kilowatt-hour,million kilowatt hours,2022,3
TX,Texas,RES,residential,13.01,11516.68818,cents per kilowatt-hour,million kilowatt hours,2022,3
CA,California,COM,commercial,19.46,7706.31665,cents per kilowatt-hour,million kilowatt hours,2022,2
CA,California,IND,industrial,13.98,3208.36254,cents per kilowatt-hour,million kilowatt hours,2022,2
CA,California,RES,residential,25.34,5666.62954,cents per kilowatt-hour,million kilowatt hours,2022,2
CO,Colorado,COM,commercial,10.36,1608.16028,cents per kilowatt-hour,million kilowatt hours,2022,2
CO,Colorado,IND,industrial,7.76,1133.09711,cents per kilowatt-hour,million kilowatt hours,2022,2
CO,Colorado,RES,residential,13.54,1554.78289,cents per kilowatt-hour,million kilowatt hours,2022,2
IL,Illinois,COM,commercial,10.42,3737.28392,cents per kilowatt-hour,million kilowatt hours,2022,2
IL,Illinois,IND,industrial,7.92,3248.84587,cents per kilowatt-hour,million kilowatt hours,2022,2
IL,Illinois,RES,residential,13.83,3851.25716,cents per kilowatt-hour,million kilowatt hours,2022,2
NY,New York,COM,commercial,17.33,5844.5309,cents per kilowatt-hour,million kilowatt hours,2022,2
NY,New York,IND,industrial,7.41,1169.18194,cents per kilowatt-hour,million kilowatt hours,2022,2
NY,New York,RES,residential,21.64,4343.20588,cents per kilowatt-hour,million kilowatt hours,2022,2
TX,Texas,COM,commercial,8.27,11330.76622,cents per kilowatt-hour,million kilowatt hours,2022,2
TX,Texas,IND,industrial,6.03,10212.60289,cents per kilowatt-hour,million kilowatt hours,2022,2
TX,Texas,RES,residential,12.48,13162.48579,cents per kilowatt-hour,million kilowatt hours,2022,2
CA,California,COM,commercial,18.54,8890.00387,cents per kilowatt-hour,million kilowatt hours,2022,1
CA,California,IND,industrial,13.58,3281.20332,cents per kilowatt-hour,million kilowatt hours,2022,1
CA,California,RES,residential,23.07,8196.97462,cents per kilowatt-hour,million kilowatt hours,2022,1
CO,Colorado,COM,commercial,10.37,1714.83493,cents per kilowatt-hour,million kilowatt hours,2022,1
CO,Colorado,IND,industrial,8.13,1244.83631,cents per kilowatt-hour,million kilowatt hours,2022,1
CO,Colorado,RES,residential,13.52,1746.43857,cents per kilowatt-hour,million kilowatt hours,2022,1
IL,Illinois,COM,commercial,9.55,4167.28532,cents per kilowatt-hour,million kilowatt hours,2022,1
IL,Illinois,IND,industrial,7.47,3625.33206,cents per kilowatt-hour,million kilowatt hours,2022,1
IL,Illinois,RES,residential,12.92,4501.03704,cents per kilowatt-hour,million kilowatt hours,2022,1
NY,New York,COM,commercial,16.57,5980.28086,cents per kilowatt-hour,million kilowatt hours,2022,1
NY,New York,IND,industrial,7.46,1448.25496,cents per kilowatt-hour,million kilowatt hours,2022,1
NY,New York,RES,residential,21.05,4674.76058,cents per kilowatt-hour,million kilowatt hours,2022,1
TX,Texas,COM,commercial,7.77,12057.06411,cents per kilowatt-hour,million kilowatt hours,2022,1
TX,Texas,IND,industrial,5.67,11432.5557,cents per kilowatt-hour,million kilowatt hours,2022,1
TX,Texas,RES,residential,12.45,13227.84966,cents per kilowatt-hour,million kilowatt hours,2022,1
CA,California,COM,commercial,18.37,9184.34678,cents per kilowatt-hour,million kilowatt hours,2021,12
CA,California,IND,industrial,13.79,3455.97844,cents per kilowatt-hour,million kilowatt hours,2021,12
CA,California,RES,residential,23.38,7382.76737,cents per kilowatt-hour,million kilowatt hours,2021,12
CO,Colorado,COM,commercial,10.51,1644.6391,cents per kilowatt-hour,million kilowatt hours,2021,12
CO,Colorado,IND,industrial,8.01,1206.41774,cents per kilowatt-hour,million kilowatt hours,2021,12
CO,Colorado,RES,residential,13.51,1662.51619,cents per kilowatt-hour,million kilowatt hours,2021,12
IL,Illinois,COM,commercial,9.76,3872.89833,cents per kilowatt-hour,million kilowatt hours,2021,12
IL,Illinois,IND,industrial,7.69,3398.16198,cents per kilowatt-hour,million kilowatt hours,2021,12
IL,Illinois,RES,residential,13.4,3735.33637,cents per kilowatt-hour,million kilowatt hours,2021,12
NY,New York,COM,commercial,15.34,5770.09756,cents per kilowatt-hour,million kilowatt hours,2021,12
NY,New York,IND,industrial,6.61,1405.69278,cents per kilowatt-hour,million kilowatt hours,2021,12
NY,New York,RES,residential,19.56,4223.90204,cents per kilowatt-hour,million kilowatt hours,2021,12
TX,Texas,COM,commercial,7.98,11699.20832,cents per kilowatt-hour,million kilowatt hours,2021,12
TX,Texas,IND,industrial,5.48,11533.4235,cents per kilowatt-hour,million kilowatt hours,2021,12
TX,Texas,RES,residential,12.56,10235.02762,cents per kilowatt-hour,million kilowatt hours,2021,12
CA,California,COM,commercial,17.6,8984.98536,cents per kilowatt-hour,million kilowatt hours,2021,11
CA,California,IND,industrial,14.51,3918.25371,cents per kilowatt-hour,million kilowatt hours,2021,11
CA,California,RES,residential,23.87,5795.61794,cents per kilowatt-hour,million kilowatt hours,2021,11
CO,Colorado,COM,commercial,10.86,1606.26305,cents per kilowatt-hour,million kilowatt hours,2021,11
CO,Colorado,IND,industrial,8.06,1230.77189,cents per kilowatt-hour,million kilowatt hours,2021,11
CO,Colorado,RES,residential,13.77,1386.60129,cents per kilowatt-hour,million kilowatt hours,2021,11
IL,Illinois,COM,commercial,10.36,3616.66329,cents per kilowatt-hour,million kilowatt hours,2021,11
IL,Illinois,IND,industrial,8.04,3440.161,cents per kilowatt-hour,million kilowatt hours,2021,11
IL,Illinois,RES,residential,14.33,3251.76273,cents per kilowatt-hour,million kilowatt hours,2021,11
NY,New York,COM,commercial,15.7,5503.13445,cents per kilowatt-hour,million kilowatt hours,2021,11
NY,New York,IND,industrial,6.65,1396.58585,cents per kilowatt-hour,million kilowatt hours,2021,11
NY,New York,RES,residential,20.09,3577.61279,cents per kilowatt-hour,million kilowatt hours,2021,11
TX,Texas,COM,commercial,8.37,11593.62319,cents per kilowatt-hour,million kilowatt hours,2021,11
TX,Texas,IND,industrial,6.06,11130.23875,cents per kilowatt-hour,million kilowatt hours,2021,11
TX,Texas,RES,residential,12.78,9391.56967,cents per kilowatt-hour,million kilowatt hours,2021,11
CA,California,COM,commercial,20.25,10165.57786,cents per kilowatt-hour,million kilowatt hours,2021,10
CA,California,IND,industrial,15.88,4221.4138,cents per kilowatt-hour,million kilowatt hours,2021,10
CA,California,RES,residential,22.02,6193.68161,cents per kilowatt-hour,million kilowatt hours,2021,10
CO,Colorado,COM,commercial,10.9,1705.67154,cents per kilowatt-hour,million kilowatt hours,2021,10
CO,Colorado,IND,industrial,8.15,1259.63121,cents per kilowatt-hour,million kilowatt hours,2021,10
CO,Colorado,RES,residential,13.73,1435.97372,cents per kilowatt-hour,million kilowatt hours,2021,10
IL,Illinois,COM,commercial,10.38,3779.85567,cents per kilowatt-hour,million kilowatt hours,2021,10
IL,Illinois,IND,industrial,7.84,3431.79467,cents per kilowatt-hour,million kilowatt hours,2021,10
IL,Illinois,RES,residential,13.98,3163.84329,cents per kilowatt-hour,million kilowatt hours,2021,10
NY,New York,COM,commercial,17.12,5722.21597,cents per kilowatt-hour,million kilowatt hours,2021,10
NY,New York,IND,industrial,6.76,1363.39352,cents per kilowatt-hour,million kilowatt hours,2021,10
NY,New York,RES,residential,20.66,3707.8363,cents per kilowatt-hour,million kilowatt hours,2021,10
TX,Texas,COM,commercial,8.08,13272.87318,cents per kilowatt-hour,million kilowatt hours,2021,10
TX,Texas,IND,industrial,6.1,12011.86243,cents per kilowatt-hour,million kilowatt hours,2021,10
TX,Texas,RES,residential,12.54,12235.32234,cents per kilowatt-hour,million kilowatt hours,2021,10
CA,California,COM,commercial,21.79,10005.47064,cents per kilowatt-hour,million kilowatt hours,2021,9
CA,California,IND,industrial,16.81,4503.47445,cents per kilowatt-hour,million kilowatt hours,2021,9
CA,California,RES,residential,23.49,9038.22576,cents per kilowatt-hour,million kilowatt hours,2021,9
CO,Colorado,COM,commercial,11.43,1820.45741,cents per kilowatt-hour,million kilowatt hours,2021,9
CO,Colorado,IND,industrial,8.31,1288.7996,cents per kilowatt-hour,million kilowatt hours,2021,9
CO,Colorado,RES,residential,13.82,1803.4111,cents per kilowatt-hour,million kilowatt hours,2021,9
IL,Illinois,COM,commercial,9.8,4099.63945,cents per kilowatt-hour,million kilowatt hours,2021,9
IL,Illinois,IND,industrial,7.4,3539.90321,cents per kilowatt-hour,million kilowatt hours,2021,9
IL,Illinois,RES,residential,13.02,3833.76,cents per kilowatt-hour,million kilowatt hours,2021,9
NY,New York,COM,commercial,17.77,6356.47915,cents per kilowatt-hour,million kilowatt hours,2021,9
NY,New York,IND,industrial,6.7,1495.01873,cents per kilowatt-hour,million kilowatt hours,2021,9
NY,New York,RES,residential,20.5,4932.4376,cents per kilowatt-hour,million kilowatt hours,2021,9
TX,Texas,COM,commercial,8.09,14163.87125,cents per kilowatt-hour,million kilowatt hours,2021,9
TX,Texas,IND,industrial,5.97,12107.85142,cents per kilowatt-hour,million kilowatt hours,2021,9
TX,Texas,RES,residential,12.26,16581.73689,cents per kilowatt-hour,million kilowatt hours,2021,9
CA,California,COM,commercial,21.31,10976.9092,cents per kilowatt-hour,million kilowatt hours,2021,8
CA,California,IND,industrial,16.7,4686.77639,cents per kilowatt-hour,million kilowatt hours,2021,8
CA,California,RES,residential,23.39,10279.14937,cents per kilowatt-hour,million kilowatt hours,2021,8
CO,Colorado,COM,commercial,11.59,1996.71772,cents per kilowatt-hour,million kilowatt hours,2021,8
CO,Colorado,IND,industrial,8.54,1355.41228,cents per kilowatt-hour,million kilowatt hours,2021,8
CO,Colorado,RES,residential,13.5,2250.16412,cents per kilowatt-hour,million kilowatt hours,2021,8
IL,Illinois,COM,commercial,9.53,4607.54006,cents per kilowatt-hour,million kilowatt hours,2021,8
IL,Illinois,IND,industrial,7.23,3713.09444,cents per kilowatt-hour,million kilowatt hours,2021,8
IL,Illinois,RES,residential,12.85,5600.97551,cents per kilowatt-hour,million kilowatt hours,2021,8
NY,New York,COM,commercial,17.54,6665.7127,cents per kilowatt-hour,million kilowatt hours,2021,8
NY,New York,IND,industrial,6.55,1463.93646,cents per kilowatt-hour,million kilowatt hours,2021,8
NY,New York,RES,residential,19.97,5659.41623,cents per kilowatt-hour,million kilowatt hours,2021,8
TX,Texas,COM,commercial,7.98,14450.62632,cents per kilowatt-hour,million kilowatt hours,2021,8
TX,Texas,IND,industrial,5.81,12121.41773,cents per kilowatt-hour,million kilowatt hours,2021,8
TX,Texas,RES,residential,11.94,18079.31742,cents per kilowatt-hour,million kilowatt hours,2021,8
CA,California,COM,commercial,20.93,10664.72455,cents per kilowatt-hour,million kilowatt hours,2021,7
CA,California,IND,industrial,17.01,4580.32128,cents per kilowatt-hour,million kilowatt hours,2021,7
CA,California,RES,residential,22.49,10773.1155,cents per kilowatt-hour,million kilowatt hours,2021,7
CO,Colorado,COM,commercial,11.72,1996.66307,cents per kilowatt-hour,million kilowatt hours,2021,7
CO,Colorado,IND,industrial,8.54,1388.45093,cents per kilowatt-hour,million kilowatt hours,2021,7
CO,Colorado,RES,residential,13.39,2232.66445,cents per kilowatt-hour,million kilowatt hours,2021,7
IL,Illinois,COM,commercial,9.4,4386.61912,cents per kilowatt-hour,million kilowatt hours,2021,7
IL,Illinois,IND,industrial,7.04,3764.63615,cents per kilowatt-hour,million kilowatt hours,2021,7
IL,Illinois,RES,residential,12.68,5064.65762,cents per kilowatt-hour,million kilowatt hours,2021,7
NY,New York,COM,commercial,17.34,6702.69798,cents per kilowatt-hour,million kilowatt hours,2021,7
NY,New York,IND,industrial,6.67,1501.71452,cents per kilowatt-hour,million kilowatt hours,2021,7
NY,New York,RES,residential,19.64,5512.32175,cents per kilowatt-hour,million kilowatt hours,2021,7
TX,Texas,COM,commercial,7.97,14321.93145,cents per kilowatt-hour,million kilowatt hours,2021,7
TX,Texas,IND,industrial,5.13,12744.76814,cents per kilowatt-hour,million kilowatt hours,2021,7
TX,Texas,RES,residential,11.73,17237.46788,cents per kilowatt-hour,million kilowatt hours,2021,7
CA,California,COM,commercial,20.28,10043.76221,cents per kilowatt-hour,million kilowatt hours,2021,6
CA,California,IND,industrial,15.37,4750.50039,cents per kilowatt-hour,million kilowatt hours,2021,6
CA,California,RES,residential,23.13,7549.11498,cents per kilowatt-hour,million kilowatt hours,2021,6
CO,Colorado,COM,commercial,11.63,1795.71629,cents per kilowatt-hour,million kilowatt hours,2021,6
CO,Colorado,IND,industrial,8.31,1238.94262,cents per kilowatt-hour,million kilowatt hours,2021,6
CO,Colorado,RES,residential,13.07,1934.62557,cents per kilowatt-hour,million kilowatt hours,2021,6
IL,Illinois,COM,commercial,9.4,4148.62376,cents per kilowatt-hour,million kilowatt hours,2021,6
IL,Illinois,IND,industrial,7.12,3568.53443,cents per kilowatt-hour,million kilowatt hours,2021,6
IL,Illinois,RES,residential,12.83,4693.57222,cents per kilowatt-hour,million kilowatt hours,2021,6
NY,New York,COM,commercial,17.1,5937.10066,cents per kilowatt-hour,million kilowatt hours,2021,6
NY,New York,IND,industrial,6.43,1440.24169,cents per kilowatt-hour,million kilowatt hours,2021,6
NY,New York,RES,residential,19.6,4502.46344,cents per kilowatt-hour,million kilowatt hours,2021,6
TX,Texas,COM,commercial,7.52,13560.30222,cents per kilowatt-hour,million kilowatt hours,2021,6
TX,Texas,IND,industrial,5.23,11152.34415,cents per kilowatt-hour,million kilowatt hours,2021,6
TX,Texas,RES,residential,12.04,14379.21688,cents per kilowatt-hour,million kilowatt hours,2021,6
CA,California,COM,commercial,17.76,7939.1792,cents per kilowatt-hour,million kilowatt hours,2021,5
CA,California,IND,industrial,13.69,4075.10023,cents per kilowatt-hour,million kilowatt hours,2021,5
CA,California,RES,residential,22.74,6543.27856,cents per kilowatt-hour,million kilowatt hours,2021,5
CO,Colorado,COM,commercial,10.45,1669.41931,cents per kilowatt-hour,million kilowatt hours,2021,5
CO,Colorado,IND,industrial,7.8,1260.47946,cents per kilowatt-hour,million kilowatt hours,2021,5
CO,Colorado,RES,residential,12.53,1489.61668,cents per kilowatt-hour,million kilowatt hours,2021,5
IL,Illinois,COM,commercial,9.67,3620.01949,cents per kilowatt-hour,million kilowatt hours,2021,5
IL,Illinois,IND,industrial,6.89,3377.4799,cents per kilowatt-hour,million kilowatt hours,2021,5
IL,Illinois,RES,residential,14.18,3093.18298,cents per kilowatt-hour,million kilowatt hours,2021,5
NY,New York,COM,commercial,15.6,5028.02455,cents per kilowatt-hour,million kilowatt hours,2021,5
NY,New York,IND,industrial,6.03,1401.19931,cents per kilowatt-hour,million kilowatt hours,2021,5
NY,New York,RES,residential,19.93,3391.47299,cents per kilowatt-hour,million kilowatt hours,2021,5
TX,Texas,COM,commercial,8.46,12183.52818,cents per kilowatt-hour,million kilowatt hours,2021,5
TX,Texas,IND,industrial,4.54,10604.14306,cents per kilowatt-hour,million kilowatt hours,2021,5
TX,Texas,RES,residential,12.09,10486.28058,cents per kilowatt-hour,million kilowatt hours,2021,5
CA,California,COM,commercial,18.75,6528.13153,cents per kilowatt-hour,million kilowatt hours,2021,4
CA,California,IND,industrial,12.99,3396.95361,cents per kilowatt-hour,million kilowatt hours,2021,4
CA,California,RES,residential,23.37,5324.16915,cents per kilowatt-hour,million kilowatt hours,2021,4
CO,Colorado,COM,commercial,10.33,1549.172,cents per kilowatt-hour,million kilowatt hours,2021,4
CO,Colorado,IND,industrial,7.62,1244.57851,cents per kilowatt-hour,million kilowatt hours,2021,4
CO,Colorado,RES,residential,12.46,1435.58059,cents per kilowatt-hour,million kilowatt hours,2021,4
IL,Illinois,COM,commercial,9.6,3364.05728,cents per kilowatt-hour,million kilowatt hours,2021,4
IL,Illinois,IND,industrial,6.87,3216.3402,cents per kilowatt-hour,million kilowatt hours,2021,4
IL,Illinois,RES,residential,13.98,2777.24876,cents per kilowatt-hour,million kilowatt hours,2021,4
NY,New York,COM,commercial,14.27,5137.31941,cents per kilowatt-hour,million kilowatt hours,2021,4
NY,New York,IND,industrial,5.87,1393.96518,cents per kilowatt-hour,million kilowatt hours,2021,4
NY,New York,RES,residential,18.55,3495.21726,cents per kilowatt-hour,million kilowatt hours,2021,4
TX,Texas,COM,commercial,10.4,11912.11666,cents per kilowatt-hour,million kilowatt hours,2021,4
TX,Texas,IND,industrial,6.2,10662.1976,cents per kilowatt-hour,million kilowatt hours,2021,4
TX,Texas,RES,residential,12.08,9225.57474,cents per kilowatt-hour,million kilowatt hours,2021,4
CA,California,COM,commercial,16.67,9935.32447,cents per kilowatt-hour,million kilowatt hours,2021,3
CA,California,IND,industrial,12.99,3630.59322,cents per kilowatt-hour,million kilowatt hours,2021,3
CA,California,RES,residential,22.04,7544.19993,cents per kilowatt-hour,million kilowatt hours,2021,3
CO,Colorado,COM,commercial,10.0,1625.91759,cents per kilowatt-hour,million kilowatt hours,2021,3
CO,Colorado,IND,industrial,7.64,1202.87335,cents per kilowatt-hour,million kilowatt hours,2021,3
CO,Colorado,RES,residential,12.26,1621.17994,cents per kilowatt-hour,million kilowatt hours,2021,3
IL,Illinois,COM,commercial,9.77,3743.89212,cents per kilowatt-hour,million kilowatt hours,2021,3
IL,Illinois,IND,industrial,7.02,3342.73325,cents per kilowatt-hour,million kilowatt hours,2021,3
IL,Illinois,RES,residential,13.82,3268.80284,cents per kilowatt-hour,million kilowatt hours,2021,3
NY,New York,COM,commercial,14.95,5509.93498,cents per kilowatt-hour,million kilowatt hours,2021,3
NY,New York,IND,industrial,6.03,1267.53804,cents per kilowatt-hour,million kilowatt hours,2021,3
NY,New York,RES,residential,18.04,4114.99515,cents per kilowatt-hour,million kilowatt hours,2021,3
TX,Texas,COM,commercial,10.58,10272.99688,cents per kilowatt-hour,million kilowatt hours,2021,3
TX,Texas,IND,industrial,8.52,8681.34361,cents per kilowatt-hour,million kilowatt hours,2021,3
TX,Texas,RES,residential,11.7,12105.31328,cents per kilowatt-hour,million kilowatt hours,2021,3
CA,California,COM,commercial,17.7,6616.06076,cents per kilowatt-hour,million kilowatt hours,2021,2
CA,California,IND,industrial,12.91,3083.73602,cents per kilowatt-hour,million kilowatt hours,2021,2
CA,California,RES,residential,22.5,6320.65165,cents per kilowatt-hour,million kilowatt hours,2021,2
CO,Colorado,COM,commercial,10.5,1509.48694,cents per kilowatt-hour,million kilowatt hours,2021,2
CO,Colorado,IND,industrial,7.53,1180.30781,cents per kilowatt-hour,million kilowatt hours,2021,2
CO,Colorado,RES,residential,12.54,1597.482,cents per kilowatt-hour,million kilowatt hours,2021,2
IL,Illinois,COM,commercial,9.36,3797.9584,cents per kilowatt-hour,million kilowatt hours,2021,2
IL,Illinois,IND,industrial,7.61,3237.3379,cents per kilowatt-hour,million kilowatt hours,2021,2
IL,Illinois,RES,residential,12.19,4158.57897,cents per kilowatt-hour,million kilowatt hours,2021,2
NY,New York,COM,commercial,15.15,5734.75407,cents per kilowatt-hour,million kilowatt hours,2021,2
NY,New York,IND,industrial,6.07,1381.87457,cents per kilowatt-hour,million kilowatt hours,2021,2
NY,New York,RES,residential,18.83,4377.57766,cents per kilowatt-hour,million kilowatt hours,2021,2
TX,Texas,COM,commercial,13.68,9330.11241,cents per kilowatt-hour,million kilowatt hours,2021,2
TX,Texas,IND,industrial,11.25,8753.7126,cents per kilowatt-hour,million kilowatt hours,2021,2
TX,Texas,RES,residential,12.69,11722.6453,cents per kilowatt-hour,million kilowatt hours,2021,2
CA,California,COM,commercial,16.65,7717.12144,cents per kilowatt-hour,million kilowatt hours,2021,1
CA,California,IND,industrial,12.7,3280.22746,cents per kilowatt-hour,million kilowatt hours,2021,1
CA,California,RES,residential,21.45,7540.17118,cents per kilowatt-hour,million kilowatt hours,2021,1
CO,Colorado,COM,commercial,9.68,1664.34598,cents per kilowatt-hour,million kilowatt hours,2021,1
CO,Colorado,IND,industrial,7.38,1196.49262,cents per kilowatt-hour,million kilowatt hours,2021,1
CO,Colorado,RES,residential,12.07,1775.18935,cents per kilowatt-hour,million kilowatt hours,2021,1
IL,Illinois,COM,commercial,8.93,3885.44304,cents per kilowatt-hour,million kilowatt hours,2021,1
IL,Illinois,IND,industrial,6.84,3467.84689,cents per kilowatt-hour,million kilowatt hours,2021,1
IL,Illinois,RES,residential,12.23,4171.3467,cents per kilowatt-hour,million kilowatt hours,2021,1
NY,New York,COM,commercial,14.08,5853.01671,cents per kilowatt-hour,million kilowatt hours,2021,1
NY,New York,IND,industrial,5.65,1379.99135,cents per kilowatt-hour,million kilowatt hours,2021,1
NY,New York,RES,residential,18.31,4661.62879,cents per kilowatt-hour,million kilowatt hours,2021,1
TX,Texas,COM,commercial,7.47,11082.04093,cents per kilowatt-hour,million kilowatt hours,2021,1
TX,Texas,IND,industrial,4.94,11026.25803,cents per kilowatt-hour,million kilowatt hours,2021,1
TX,Texas,RES,residential,11.35,13395.66338,cents per kilowatt-hour,million kilowatt hours,2021,1
CA,California,COM,commercial,16.07,9540.12028,cents per kilowatt-hour,million kilowatt hours,2020,12
CA,California,IND,industrial,12.82,3514.2218,cents per kilowatt-hour,million kilowatt hours,2020,12
CA,California,RES,residential,20.42,8623.57901,cents per kilowatt-hour,million kilowatt hours,2020,12
CO,Colorado,COM,commercial,9.96,1648.66479,cents per kilowatt-hour,million kilowatt hours,2020,12
CO,Colorado,IND,industrial,7.37,1263.49682,cents per kilowatt-hour,million kilowatt hours,2020,12
CO,Colorado,RES,residential,12.16,1791.60617,cents per kilowatt-hour,million kilowatt hours,2020,12
IL,Illinois,COM,commercial,8.91,3856.99739,cents per kilowatt-hour,million kilowatt hours,2020,12
IL,Illinois,IND,industrial,6.84,3290.65971,cents per kilowatt-hour,million kilowatt hours,2020,12
IL,Illinois,RES,residential,12.52,4065.80986,cents per kilowatt-hour,million kilowatt hours,2020,12
NY,New York,COM,commercial,14.02,5632.89248,cents per kilowatt-hour,million kilowatt hours,2020,12
NY,New York,IND,industrial,5.65,1424.45572,cents per kilowatt-hour,million kilowatt hours,2020,12
NY,New York,RES,residential,18.26,4403.19408,cents per kilowatt-hour,million kilowatt hours,2020,12
TX,Texas,COM,commercial,7.53,11510.07173,cents per kilowatt-hour,million kilowatt hours,2020,12
TX,Texas,IND,industrial,4.79,11176.36838,cents per kilowatt-hour,million kilowatt hours,2020,12
TX,Texas,RES,residential,11.59,11785.89323,cents per kilowatt-hour,million kilowatt hours,2020,12
CA,California,COM,commercial,17.45,7434.80619,cents per kilowatt-hour,million kilowatt hours,2020,11
CA,California,IND,industrial,14.38,3597.63788,cents per kilowatt-hour,million kilowatt hours,2020,11
CA,California,RES,residential,22.2,5648.2399,cents per kilowatt-hour,million kilowatt hours,2020,11
CO,Colorado,COM,commercial,10.44,1587.8971,cents per kilowatt-hour,million kilowatt hours,2020,11
CO,Colorado,IND,industrial,7.57,1189.12697,cents per kilowatt-hour,million kilowatt hours,2020,11
CO,Colorado,RES,residential,12.38,1482.48812,cents per kilowatt-hour,million kilowatt hours,2020,11
IL,Illinois,COM,commercial,9.33,3462.99762,cents per kilowatt-hour,million kilowatt hours,2020,11
IL,Illinois,IND,industrial,6.86,3168.89876,cents per kilowatt-hour,million kilowatt hours,2020,11
IL,Illinois,RES,residential,13.64,3083.48623,cents per kilowatt-hour,million kilowatt hours,2020,11
NY,New York,COM,commercial,14.77,5232.56676,cents per kilowatt-hour,million kilowatt hours,2020,11
NY,New York,IND,industrial,5.51,1445.69564,cents per kilowatt-hour,million kilowatt hours,2020,11
NY,New York,RES,residential,18.95,3628.92056,cents per kilowatt-hour,million kilowatt hours,2020,11
TX,Texas,COM,commercial,7.8,10608.96277,cents per kilowatt-hour,million kilowatt hours,2020,11
TX,Texas,IND,industrial,4.86,10716.45998,cents per kilowatt-hour,million kilowatt hours,2020,11
TX,Texas,RES,residential,11.93,9631.91816,cents per kilowatt-hour,million kilowatt hours,2020,11
CA,California,COM,commercial,18.42,10075.93605,cents per kilowatt-hour,million kilowatt hours,2020,10
CA,California,IND,industrial,15.64,4280.45481,cents per kilowatt-hour,million kilowatt hours,2020,10
CA,California,RES,residential,20.78,9184.57103,cents per kilowatt-hour,million kilowatt hours,2020,10
CO,Colorado,COM,commercial,10.41,1658.43392,cents per kilowatt-hour,million kilowatt hours,2020,10
CO,Colorado,IND,industrial,7.53,1321.67029,cents per kilowatt-hour,million kilowatt hours,2020,10
CO,Colorado,RES,residential,12.41,1538.84018,cents per kilowatt-hour,million kilowatt hours,2020,10
IL,Illinois,COM,commercial,9.37,3611.04967,cents per kilowatt-hour,million kilowatt hours,2020,10
IL,Illinois,IND,industrial,6.88,3295.86661,cents per kilowatt-hour,million kilowatt hours,2020,10
IL,Illinois,RES,residential,13.99,3015.22765,cents per kilowatt-hour,million kilowatt hours,2020,10
NY,New York,COM,commercial,15.32,5358.00619,cents per kilowatt-hour,million kilowatt hours,2020,10
NY,New York,IND,industrial,5.75,1415.21001,cents per kilowatt-hour,million kilowatt hours,2020,10
NY,New York,RES,residential,19.29,3799.17026,cents per kilowatt-hour,million kilowatt hours,2020,10
TX,Texas,COM,commercial,7.47,13009.36428,cents per kilowatt-hour,million kilowatt hours,2020,10
TX,Texas,IND,industrial,5.08,11226.95246,cents per kilowatt-hour,million kilowatt hours,2020,10
TX,Texas,RES,residential,11.85,11842.65661,cents per kilowatt-hour,million kilowatt hours,2020,10
CA,California,COM,commercial,20.03,9507.67956,cents per kilowatt-hour,million kilowatt hours,2020,9
CA,California,IND,industrial,16.17,4441.7251,cents per kilowatt-hour,million kilowatt hours,2020,9
CA,California,RES,residential,21.16,9974.04592,cents per kilowatt-hour,million kilowatt hours,2020,9
CO,Colorado,COM,commercial,10.94,1721.68894,cents per kilowatt-hour,million kilowatt hours,2020,9
CO,Colorado,IND,industrial,7.73,1303.0098,cents per kilowatt-hour,million kilowatt hours,2020,9
CO,Colorado,RES,residential,13.07,1752.44556,cents per kilowatt-hour,million kilowatt hours,2020,9
IL,Illinois,COM,commercial,9.41,3812.0957,cents per kilowatt-hour,million kilowatt hours,2020,9
IL,Illinois,IND,industrial,6.73,3356.96811,cents per kilowatt-hour,million kilowatt hours,2020,9
IL,Illinois,RES,residential,12.68,3370.50754,cents per kilowatt-hour,million kilowatt hours,2020,9
NY,New York,COM,commercial,16.0,6031.89762,cents per kilowatt-hour,million kilowatt hours,2020,9
NY,New York,IND,industrial,5.79,1386.92984,cents per kilowatt-hour,million kilowatt hours,2020,9
NY,New York,RES,residential,19.01,4786.68005,cents per kilowatt-hour,million kilowatt hours,2020,9
TX,Texas,COM,commercial,7.8,13291.36044,cents per kilowatt-hour,million kilowatt hours,2020,9
TX,Texas,IND,industrial,5.1,10529.63657,cents per kilowatt-hour,million kilowatt hours,2020,9
TX,Texas,RES,residential,11.77,15945.93906,cents per kilowatt-hour,million kilowatt hours,2020,9
CA,California,COM,commercial,21.01,9019.86006,cents per kilowatt-hour,million kilowatt hours,2020,8
CA,California,IND,industrial,16.3,4614.58141,cents per kilowatt-hour,million kilowatt hours,2020,8
CA,California,RES,residential,20.69,10320.59533,cents per kilowatt-hour,million kilowatt hours,2020,8
CO,Colorado,COM,commercial,10.82,1920.37258,cents per kilowatt-hour,million kilowatt hours,2020,8
CO,Colorado,IND,industrial,7.79,1404.70625,cents per kilowatt-hour,million kilowatt hours,2020,8
CO,Colorado,RES,residential,12.71,2234.9109,cents per kilowatt-hour,million kilowatt hours,2020,8
IL,Illinois,COM,commercial,9.0,4313.38589,cents per kilowatt-hour,million kilowatt hours,2020,8
IL,Illinois,IND,industrial,6.72,3685.11226,cents per kilowatt-hour,million kilowatt hours,2020,8
IL,Illinois,RES,residential,12.56,5164.82598,cents per kilowatt-hour,million kilowatt hours,2020,8
NY,New York,COM,commercial,15.82,6559.11562,cents per kilowatt-hour,million kilowatt hours,2020,8
NY,New York,IND,industrial,5.68,1427.9974,cents per kilowatt-hour,million kilowatt hours,2020,8
NY,New York,RES,residential,18.43,5958.49274,cents per kilowatt-hour,million kilowatt hours,2020,8
TX,Texas,COM,commercial,7.64,14074.05357,cents per kilowatt-hour,million kilowatt hours,2020,8
TX,Texas,IND,industrial,5.41,10788.27739,cents per kilowatt-hour,million kilowatt hours,2020,8
TX,Texas,RES,residential,11.5,18839.82992,cents per kilowatt-hour,million kilowatt hours,2020,8
CA,California,COM,commercial,19.54,10803.1348,cents per kilowatt-hour,million kilowatt hours,2020,7
CA,California,IND,industrial,16.28,4811.03309,cents per kilowatt-hour,million kilowatt hours,2020,7
CA,California,RES,residential,20.03,10437.98893,cents per kilowatt-hour,million kilowatt hours,2020,7
CO,Colorado,COM,commercial,10.77,1899.83179,cents per kilowatt-hour,million kilowatt hours,2020,7
CO,Colorado,IND,industrial,7.81,1392.37844,cents per kilowatt-hour,million kilowatt hours,2020,7
CO,Colorado,RES,residential,12.69,2226.73317,cents per kilowatt-hour,million kilowatt hours,2020,7
IL,Illinois,COM,commercial,8.96,4419.62601,cents per kilowatt-hour,million kilowatt hours,2020,7
IL,Illinois,IND,industrial,6.66,3726.24455,cents per kilowatt-hour,million kilowatt hours,2020,7
IL,Illinois,RES,residential,12.18,5962.73159,cents per kilowatt-hour,million kilowatt hours,2020,7
NY,New York,COM,commercial,15.84,6672.4015,cents per kilowatt-hour,million kilowatt hours,2020,7
NY,New York,IND,industrial,5.66,1459.4448,cents per kilowatt-hour,million kilowatt hours,2020,7
NY,New York,RES,residential,18.75,6104.68204,cents per kilowatt-hour,million kilowatt hours,2020,7
TX,Texas,COM,commercial,7.35,14474.28233,cents per kilowatt-hour,million kilowatt hours,2020,7
TX,Texas,IND,industrial,5.1,10649.49316,cents per kilowatt-hour,million kilowatt hours,2020,7
TX,Texas,RES,residential,11.59,18866.99806,cents per kilowatt-hour,million kilowatt hours,2020,7
CA,California,COM,commercial,18.99,9063.84952,cents per kilowatt-hour,million kilowatt hours,2020,6
CA,California,IND,industrial,16.01,4314.97378,cents per kilowatt-hour,million kilowatt hours,2020,6
CA,California,RES,residential,19.71,8031.15053,cents per kilowatt-hour,million kilowatt hours,2020,6
CO,Colorado,COM,commercial,11.34,1603.45388,cents per kilowatt-hour,million kilowatt hours,2020,6
CO,Colorado,IND,industrial,7.76,1281.1021,cents per kilowatt-hour,million kilowatt hours,2020,6
CO,Colorado,RES,residential,12.82,1868.00017,cents per kilowatt-hour,million kilowatt hours,2020,6
IL,Illinois,COM,commercial,9.3,3745.17805,cents per kilowatt-hour,million kilowatt hours,2020,6
IL,Illinois,IND,industrial,6.59,3381.62577,cents per kilowatt-hour,million kilowatt hours,2020,6
IL,Illinois,RES,residential,12.9,4603.84867,cents per kilowatt-hour,million kilowatt hours,2020,6
NY,New York,COM,commercial,15.7,5561.21279,cents per kilowatt-hour,million kilowatt hours,2020,6
NY,New York,IND,industrial,5.64,1332.76419,cents per kilowatt-hour,million kilowatt hours,2020,6
NY,New York,RES,residential,19.13,4379.17878,cents per kilowatt-hour,million kilowatt hours,2020,6
TX,Texas,COM,commercial,7.56,12768.2733,cents per kilowatt-hour,million kilowatt hours,2020,6
TX,Texas,IND,industrial,5.02,10067.6215,cents per kilowatt-hour,million kilowatt hours,2020,6
TX,Texas,RES,residential,11.76,15309.39174,cents per kilowatt-hour,million kilowatt hours,2020,6
CA,California,COM,commercial,16.57,7652.00106,cents per kilowatt-hour,million kilowatt hours,2020,5
CA,California,IND,industrial,13.51,3847.44631,cents per kilowatt-hour,million kilowatt hours,2020,5
CA,California,RES,residential,18.61,7415.61421,cents per kilowatt-hour,million kilowatt hours,2020,5
CO,Colorado,COM,commercial,10.07,1600.59257,cents per kilowatt-hour,million kilowatt hours,2020,5
CO,Colorado,IND,industrial,7.44,1269.73582,cents per kilowatt-hour,million kilowatt hours,2020,5
CO,Colorado,RES,residential,11.93,1539.18671,cents per kilowatt-hour,million kilowatt hours,2020,5
IL,Illinois,COM,commercial,9.41,3315.63595,cents per kilowatt-hour,million kilowatt hours,2020,5
IL,Illinois,IND,industrial,6.61,3076.57347,cents per kilowatt-hour,million kilowatt hours,2020,5
IL,Illinois,RES,residential,14.29,3251.43286,cents per kilowatt-hour,million kilowatt hours,2020,5
NY,New York,COM,commercial,13.88,4804.56284,cents per kilowatt-hour,million kilowatt hours,2020,5
NY,New York,IND,industrial,5.37,1183.52924,cents per kilowatt-hour,million kilowatt hours,2020,5
NY,New York,RES,residential,18.55,3563.75258,cents per kilowatt-hour,million kilowatt hours,2020,5
TX,Texas,COM,commercial,7.57,10664.76582,cents per kilowatt-hour,million kilowatt hours,2020,5
TX,Texas,IND,industrial,4.94,9625.78549,cents per kilowatt-hour,million kilowatt hours,2020,5
TX,Texas,RES,residential,11.79,11739.79917,cents per kilowatt-hour,million kilowatt hours,2020,5
CA,California,COM,commercial,14.89,7947.62719,cents per kilowatt-hour,million kilowatt hours,2020,4
CA,California,IND,industrial,11.87,3413.90393,cents per kilowatt-hour,million kilowatt hours,2020,4
CA,California,RES,residential,20.43,5558.15129,cents per kilowatt-hour,million kilowatt hours,2020,4
CO,Colorado,COM,commercial,10.05,1388.12566,cents per kilowatt-hour,million kilowatt hours,2020,4
CO,Colorado,IND,industrial,7.13,1199.77813,cents per kilowatt-hour,million kilowatt hours,2020,4
CO,Colorado,RES,residential,12.05,1376.62883,cents per kilowatt-hour,million kilowatt hours,2020,4
IL,Illinois,COM,commercial,9.45,3132.29405,cents per kilowatt-hour,million kilowatt hours,2020,4
IL,Illinois,IND,industrial,6.59,3012.87039,cents per kilowatt-hour,million kilowatt hours,2020,4
IL,Illinois,RES,residential,13.96,2896.5204,cents per kilowatt-hour,million kilowatt hours,2020,4
NY,New York,COM,commercial,13.25,5248.53643,cents per kilowatt-hour,million kilowatt hours,2020,4
NY,New York,IND,industrial,5.35,1354.25538,cents per kilowatt-hour,million kilowatt hours,2020,4
NY,New York,RES,residential,17.35,3559.95949,cents per kilowatt-hour,million kilowatt hours,2020,4
TX,Texas,COM,commercial,7.67,10597.32889,cents per kilowatt-hour,million kilowatt hours,2020,4
TX,Texas,IND,industrial,5.02,9781.19399,cents per kilowatt-hour,million kilowatt hours,2020,4
TX,Texas,RES,residential,12.04,9844.39843,cents per kilowatt-hour,million kilowatt hours,2020,4
CA,California,COM,commercial,15.08,9168.76188,cents per kilowatt-hour,million kilowatt hours,2020,3
CA,California,IND,industrial,12.18,3758.85527,cents per kilowatt-hour,million kilowatt hours,2020,3
CA,California,RES,residential,20.33,6346.74517,cents per kilowatt-hour,million kilowatt hours,2020,3
CO,Colorado,COM,commercial,9.67,1663.48054,cents per kilowatt-hour,million kilowatt hours,2020,3
CO,Colorado,IND,industrial,7.38,1280.90089,cents per kilowatt-hour,million kilowatt hours,2020,3
CO,Colorado,RES,residential,12.01,1476.91556,cents per kilowatt-hour,million kilowatt hours,2020,3
IL,Illinois,COM,commercial,9.17,3797.29401,cents per kilowatt-hour,million kilowatt hours,2020,3
IL,Illinois,IND,industrial,6.63,3346.56988,cents per kilowatt-hour,million kilowatt hours,2020,3
IL,Illinois,RES,residential,13.41,3225.43412,cents per kilowatt-hour,million kilowatt hours,2020,3
NY,New York,COM,commercial,13.34,5751.01966,cents per kilowatt-hour,million kilowatt hours,2020,3
NY,New York,IND,industrial,5.3,1381.69826,cents per kilowatt-hour,million kilowatt hours,2020,3
NY,New York,RES,residential,17.2,3799.343,cents per kilowatt-hour,million kilowatt hours,2020,3
TX,Texas,COM,commercial,7.71,11613.81952,cents per kilowatt-hour,million kilowatt hours,2020,3
TX,Texas,IND,industrial,5.2,10620.01666,cents per kilowatt-hour,million kilowatt hours,2020,3
TX,Texas,RES,residential,11.81,10123.26747,cents per kilowatt-hour,million kilowatt hours,2020,3
CA,California,COM,commercial,15.78,7694.22094,cents per kilowatt-hour,million kilowatt hours,2020,2
CA,California,IND,industrial,11.86,3508.31382,cents per kilowatt-hour,million kilowatt hours,2020,2
CA,California,RES,residential,21.67,5521.11322,cents per kilowatt-hour,million kilowatt hours,2020,2
CO,Colorado,COM,commercial,9.54,1631.24473,cents per kilowatt-hour,million kilowatt hours,2020,2
CO,Colorado,IND,industrial,7.13,1217.24011,cents per kilowatt-hour,million kilowatt hours,2020,2
CO,Colorado,RES,residential,11.87,1524.44872,cents per kilowatt-hour,million kilowatt hours,2020,2
IL,Illinois,COM,commercial,8.8,3908.5566,cents per kilowatt-hour,million kilowatt hours,2020,2
IL,Illinois,IND,industrial,6.55,3496.06536,cents per kilowatt-hour,million kilowatt hours,2020,2
IL,Illinois,RES,residential,13.01,3634.40919,cents per kilowatt-hour,million kilowatt hours,2020,2
NY,New York,COM,commercial,13.22,5905.28291,cents per kilowatt-hour,million kilowatt hours,2020,2
NY,New York,IND,industrial,5.37,1428.37605,cents per kilowatt-hour,million kilowatt hours,2020,2
NY,New York,RES,residential,17.46,3924.95335,cents per kilowatt-hour,million kilowatt hours,2020,2
TX,Texas,COM,commercial,7.73,10779.72449,cents per kilowatt-hour,million kilowatt hours,2020,2
TX,Texas,IND,industrial,5.26,10016.71135,cents per kilowatt-hour,million kilowatt hours,2020,2
TX,Texas,RES,residential,11.72,11022.8364,cents per kilowatt-hour,million kilowatt hours,2020,2
CA,California,COM,commercial,15.29,9098.34947,cents per kilowatt-hour,million kilowatt hours,2020,1
CA,California,IND,industrial,11.8,3527.73482,cents per kilowatt-hour,million kilowatt hours,2020,1
CA,California,RES,residential,19.91,7872.76848,cents per kilowatt-hour,million kilowatt hours,2020,1
CO,Colorado,COM,commercial,9.31,1718.43151,cents per kilowatt-hour,million kilowatt hours,2020,1
CO,Colorado,IND,industrial,7.08,1308.31939,cents per kilowatt-hour,million kilowatt hours,2020,1
CO,Colorado,RES,residential,11.73,1670.29792,cents per kilowatt-hour,million kilowatt hours,2020,1
IL,Illinois,COM,commercial,8.85,4111.46607,cents per kilowatt-hour,million kilowatt hours,2020,1
IL,Illinois,IND,industrial,6.71,3524.74912,cents per kilowatt-hour,million kilowatt hours,2020,1
IL,Illinois,RES,residential,12.84,3896.30391,cents per kilowatt-hour,million kilowatt hours,2020,1
NY,New York,COM,commercial,13.13,6231.32221,cents per kilowatt-hour,million kilowatt hours,2020,1
NY,New York,IND,industrial,5.44,1370.10047,cents per kilowatt-hour,million kilowatt hours,2020,1
NY,New York,RES,residential,17.58,4348.81708,cents per kilowatt-hour,million kilowatt hours,2020,1
TX,Texas,COM,commercial,7.43,11775.56983,cents per kilowatt-hour,million kilowatt hours,2020,1
TX,Texas,IND,industrial,5.05,9908.69206,cents per kilowatt-hour,million kilowatt hours,2020,1
TX,Texas,RES,residential,11.46,11461.89075,cents per kilowatt-hour,million kilowatt hours,2020,1
CA,California,COM,commercial,15.09,9871.27062,cents per kilowatt-hour,million kilowatt hours,2019,12
CA,California,IND,industrial,12.14,3668.05577,cents per kilowatt-hour,million kilowatt hours,2019,12
CA,California,RES,residential,19.15,7825.59316,cents per kilowatt-hour,million kilowatt hours,2019,12
CO,Colorado,COM,commercial,9.31,1757.7742,cents per kilowatt-hour,million kilowatt hours,2019,12
CO,Colorado,IND,industrial,6.9,1308.37188,cents per kilowatt-hour,million kilowatt hours,2019,12
CO,Colorado,RES,residential,11.52,1674.54574,cents per kilowatt-hour,million kilowatt hours,2019,12
IL,Illinois,COM,commercial,8.82,4100.59182,cents per kilowatt-hour,million kilowatt hours,2019,12
IL,Illinois,IND,industrial,6.24,3490.00465,cents per kilowatt-hour,million kilowatt hours,2019,12
IL,Illinois,RES,residential,12.79,3793.81074,cents per kilowatt-hour,million kilowatt hours,2019,12
NY,New York,COM,commercial,13.37,6194.65574,cents per kilowatt-hour,million kilowatt hours,2019,12
NY,New York,IND,industrial,5.44,1376.93952,cents per kilowatt-hour,million kilowatt hours,2019,12
NY,New York,RES,residential,17.33,4266.22906,cents per kilowatt-hour,million kilowatt hours,2019,12
TX,Texas,COM,commercial,7.98,10605.61439,cents per kilowatt-hour,million kilowatt hours,2019,12
TX,Texas,IND,industrial,5.02,10551.69477,cents per kilowatt-hour,million kilowatt hours,2019,12
TX,Texas,RES,residential,11.71,10976.83537,cents per kilowatt-hour,million kilowatt hours,2019,12
CA,California,COM,commercial,16.81,7757.37033,cents per kilowatt-hour,million kilowatt hours,2019,11
CA,California,IND,industrial,14.15,3594.30713,cents per kilowatt-hour,million kilowatt hours,2019,11
CA,California,RES,residential,20.11,5656.44417,cents per kilowatt-hour,million kilowatt hours,2019,11
CO,Colorado,COM,commercial,9.97,1665.98742,cents per kilowatt-hour,million kilowatt hours,2019,11
CO,Colorado,IND,industrial,7.03,1281.55199,cents per kilowatt-hour,million kilowatt hours,2019,11
CO,Colorado,RES,residential,11.72,1460.21952,cents per kilowatt-hour,million kilowatt hours,2019,11
IL,Illinois,COM,commercial,9.17,3851.0778,cents per kilowatt-hour,million kilowatt hours,2019,11
IL,Illinois,IND,industrial,6.34,3512.5419,cents per kilowatt-hour,million kilowatt hours,2019,11
IL,Illinois,RES,residential,13.51,3427.8125,cents per kilowatt-hour,million kilowatt hours,2019,11
NY,New York,COM,commercial,13.44,5744.01638,cents per kilowatt-hour,million kilowatt hours,2019,11
NY,New York,IND,industrial,5.46,1481.0326,cents per kilowatt-hour,million kilowatt hours,2019,11
NY,New York,RES,residential,18.01,3527.5436,cents per kilowatt-hour,million kilowatt hours,2019,11
TX,Texas,COM,commercial,8.14,10296.98351,cents per kilowatt-hour,million kilowatt hours,2019,11
TX,Texas,IND,industrial,5.58,10201.67207,cents per kilowatt-hour,million kilowatt hours,2019,11
TX,Texas,RES,residential,11.99,9793.11653,cents per kilowatt-hour,million kilowatt hours,2019,11
CA,California,COM,commercial,17.75,10482.74043,cents per kilowatt-hour,million kilowatt hours,2019,10
CA,California,IND,industrial,14.96,4372.56087,cents per kilowatt-hour,million kilowatt hours,2019,10
CA,California,RES,residential,14.9,7198.62903,cents per kilowatt-hour,million kilowatt hours,2019,10
CO,Colorado,COM,commercial,10.17,1811.6049,cents per kilowatt-hour,million kilowatt hours,2019,10
CO,Colorado,IND,industrial,7.22,1293.4792,cents per kilowatt-hour,million kilowatt hours,2019,10
CO,Colorado,RES,residential,11.91,1451.15571,cents per kilowatt-hour,million kilowatt hours,2019,10
IL,Illinois,COM,commercial,9.39,3948.40442,cents per kilowatt-hour,million kilowatt hours,2019,10
IL,Illinois,IND,industrial,6.9,3543.38576,cents per kilowatt-hour,million kilowatt hours,2019,10
IL,Illinois,RES,residential,13.86,3035.74963,cents per kilowatt-hour,million kilowatt hours,2019,10
NY,New York,COM,commercial,14.6,6002.5743,cents per kilowatt-hour,million kilowatt hours,2019,10
NY,New York,IND,industrial,5.6,1427.1789,cents per kilowatt-hour,million kilowatt hours,2019,10
NY,New York,RES,residential,18.58,3495.08254,cents per kilowatt-hour,million kilowatt hours,2019,10
TX,Texas,COM,commercial,8.06,13424.50145,cents per kilowatt-hour,million kilowatt hours,2019,10
TX,Texas,IND,industrial,5.55,11406.44353,cents per kilowatt-hour,million kilowatt hours,2019,10
TX,Texas,RES,residential,11.81,13807.1443,cents per kilowatt-hour,million kilowatt hours,2019,10
CA,California,COM,commercial,19.07,9900.28199,cents per kilowatt-hour,million kilowatt hours,2019,9
CA,California,IND,industrial,15.1,4553.85516,cents per kilowatt-hour,million kilowatt hours,2019,9
CA,California,RES,residential,20.65,8434.93971,cents per kilowatt-hour,million kilowatt hours,2019,9
CO,Colorado,COM,commercial,11.18,1759.76879,cents per kilowatt-hour,million kilowatt hours,2019,9
CO,Colorado,IND,industrial,7.65,1431.85255,cents per kilowatt-hour,million kilowatt hours,2019,9
CO,Colorado,RES,residential,12.8,1695.19277,cents per kilowatt-hour,million kilowatt hours,2019,9
IL,Illinois,COM,commercial,8.97,4193.39015,cents per kilowatt-hour,million kilowatt hours,2019,9
IL,Illinois,IND,industrial,6.13,3709.76242,cents per kilowatt-hour,million kilowatt hours,2019,9
IL,Illinois,RES,residential,12.69,3848.74055,cents per kilowatt-hour,million kilowatt hours,2019,9
NY,New York,COM,commercial,15.71,6651.88882,cents per kilowatt-hour,million kilowatt hours,2019,9
NY,New York,IND,industrial,5.77,1493.73292,cents per kilowatt-hour,million kilowatt hours,2019,9
NY,New York,RES,residential,18.72,4360.14147,cents per kilowatt-hour,million kilowatt hours,2019,9
TX,Texas,COM,commercial,8.42,13842.17233,cents per kilowatt-hour,million kilowatt hours,2019,9
TX,Texas,IND,industrial,5.8,11299.06429,cents per kilowatt-hour,million kilowatt hours,2019,9
TX,Texas,RES,residential,11.81,17124.24663,cents per kilowatt-hour,million kilowatt hours,2019,9
CA,California,COM,commercial,18.78,11070.51778,cents per kilowatt-hour,million kilowatt hours,2019,8
CA,California,IND,industrial,15.09,4840.83377,cents per kilowatt-hour,million kilowatt hours,2019,8
CA,California,RES,residential,19.78,10038.11304,cents per kilowatt-hour,million kilowatt hours,2019,8
CO,Colorado,COM,commercial,11.03,2026.6704,cents per kilowatt-hour,million kilowatt hours,2019,8
CO,Colorado,IND,industrial,7.66,1504.27758,cents per kilowatt-hour,million kilowatt hours,2019,8
CO,Colorado,RES,residential,12.56,2132.1589,cents per kilowatt-hour,million kilowatt hours,2019,8
IL,Illinois,COM,commercial,9.01,4586.37996,cents per kilowatt-hour,million kilowatt hours,2019,8
IL,Illinois,IND,industrial,6.36,3851.50219,cents per kilowatt-hour,million kilowatt hours,2019,8
IL,Illinois,RES,residential,12.71,4546.82515,cents per kilowatt-hour,million kilowatt hours,2019,8
NY,New York,COM,commercial,15.24,7273.39183,cents per kilowatt-hour,million kilowatt hours,2019,8
NY,New York,IND,industrial,5.77,1545.60765,cents per kilowatt-hour,million kilowatt hours,2019,8
NY,New York,RES,residential,18.38,5589.50099,cents per kilowatt-hour,million kilowatt hours,2019,8
TX,Texas,COM,commercial,8.33,14404.22397,cents per kilowatt-hour,million kilowatt hours,2019,8
TX,Texas,IND,industrial,7.26,12015.97275,cents per kilowatt-hour,million kilowatt hours,2019,8
TX,Texas,RES,residential,11.76,18477.63055,cents per kilowatt-hour,million kilowatt hours,2019,8
CA,California,COM,commercial,18.77,11051.29922,cents per kilowatt-hour,million kilowatt hours,2019,7
CA,California,IND,industrial,14.98,4769.52772,cents per kilowatt-hour,million kilowatt hours,2019,7
CA,California,RES,residential,19.88,8914.86871,cents per kilowatt-hour,million kilowatt hours,2019,7
CO,Colorado,COM,commercial,11.15,1967.80575,cents per kilowatt-hour,million kilowatt hours,2019,7
CO,Colorado,IND,industrial,7.7,1484.45227,cents per kilowatt-hour,million kilowatt hours,2019,7
CO,Colorado,RES,residential,12.58,2018.28452,cents per kilowatt-hour,million kilowatt hours,2019,7
IL,Illinois,COM,commercial,9.05,4757.17335,cents per kilowatt-hour,million kilowatt hours,2019,7
IL,Illinois,IND,industrial,6.4,3930.83391,cents per kilowatt-hour,million kilowatt hours,2019,7
IL,Illinois,RES,residential,12.14,5605.39414,cents per kilowatt-hour,million kilowatt hours,2019,7
NY,New York,COM,commercial,15.27,7155.92972,cents per kilowatt-hour,million kilowatt hours,2019,7
NY,New York,IND,industrial,5.72,1702.10999,cents per kilowatt-hour,million kilowatt hours,2019,7
NY,New York,RES,residential,18.64,5490.22837,cents per kilowatt-hour,million kilowatt hours,2019,7
TX,Texas,COM,commercial,7.82,13917.90903,cents per kilowatt-hour,million kilowatt hours,2019,7
TX,Texas,IND,industrial,5.26,12045.64975,cents per kilowatt-hour,million kilowatt hours,2019,7
TX,Texas,RES,residential,11.71,17095.74234,cents per kilowatt-hour,million kilowatt hours,2019,7
CA,California,COM,commercial,18.14,9051.59393,cents per kilowatt-hour,million kilowatt hours,2019,6
CA,California,IND,industrial,14.92,3830.78207,cents per kilowatt-hour,million kilowatt hours,2019,6
CA,California,RES,residential,20.77,6512.49559,cents per kilowatt-hour,million kilowatt hours,2019,6
CO,Colorado,COM,commercial,11.28,1735.80031,cents per kilowatt-hour,million kilowatt hours,2019,6
CO,Colorado,IND,industrial,7.84,1314.75425,cents per kilowatt-hour,million kilowatt hours,2019,6
CO,Colorado,RES,residential,12.7,1534.32675,cents per kilowatt-hour,million kilowatt hours,2019,6
IL,Illinois,COM,commercial,9.07,4016.97975,cents per kilowatt-hour,million kilowatt hours,2019,6
IL,Illinois,IND,industrial,6.23,3613.1791,cents per kilowatt-hour,million kilowatt hours,2019,6
IL,Illinois,RES,residential,13.42,3692.80555,cents per kilowatt-hour,million kilowatt hours,2019,6
NY,New York,COM,commercial,14.82,6142.61863,cents per kilowatt-hour,million kilowatt hours,2019,6
NY,New York,IND,industrial,5.36,1533.66568,cents per kilowatt-hour,million kilowatt hours,2019,6
NY,New York,RES,residential,18.53,3875.68239,cents per kilowatt-hour,million kilowatt hours,2019,6
TX,Texas,COM,commercial,7.88,12449.88557,cents per kilowatt-hour,million kilowatt hours,2019,6
TX,Texas,IND,industrial,5.01,11619.34138,cents per kilowatt-hour,million kilowatt hours,2019,6
TX,Texas,RES,residential,11.8,14262.68443,cents per kilowatt-hour,million kilowatt hours,2019,6
CA,California,COM,commercial,15.5,9437.23478,cents per kilowatt-hour,million kilowatt hours,2019,5
CA,California,IND,industrial,12.72,4143.88488,cents per kilowatt-hour,million kilowatt hours,2019,5
CA,California,RES,residential,18.82,6569.36609,cents per kilowatt-hour,million kilowatt hours,2019,5
CO,Colorado,COM,commercial,10.36,1699.96121,cents per kilowatt-hour,million kilowatt hours,2019,5
CO,Colorado,IND,industrial,7.33,1321.56291,cents per kilowatt-hour,million kilowatt hours,2019,5
CO,Colorado,RES,residential,11.92,1378.53273,cents per kilowatt-hour,million kilowatt hours,2019,5
IL,Illinois,COM,commercial,9.28,3845.31739,cents per kilowatt-hour,million kilowatt hours,2019,5
IL,Illinois,IND,industrial,6.34,3609.59135,cents per kilowatt-hour,million kilowatt hours,2019,5
IL,Illinois,RES,residential,14.32,2883.9801,cents per kilowatt-hour,million kilowatt hours,2019,5
NY,New York,COM,commercial,13.37,5741.73613,cents per kilowatt-hour,million kilowatt hours,2019,5
NY,New York,IND,industrial,5.78,1190.79564,cents per kilowatt-hour,million kilowatt hours,2019,5
NY,New York,RES,residential,17.35,3401.87134,cents per kilowatt-hour,million kilowatt hours,2019,5
TX,Texas,COM,commercial,7.85,11582.9142,cents per kilowatt-hour,million kilowatt hours,2019,5
TX,Texas,IND,industrial,5.14,11206.1964,cents per kilowatt-hour,million kilowatt hours,2019,5
TX,Texas,RES,residential,12.01,10893.88181,cents per kilowatt-hour,million kilowatt hours,2019,5
CA,California,COM,commercial,14.75,9046.08905,cents per kilowatt-hour,million kilowatt hours,2019,4
CA,California,IND,industrial,10.9,3518.92978,cents per kilowatt-hour,million kilowatt hours,2019,4
CA,California,RES,residential,17.97,5196.99093,cents per kilowatt-hour,million kilowatt hours,2019,4
CO,Colorado,COM,commercial,10.24,1615.42981,cents per kilowatt-hour,million kilowatt hours,2019,4
CO,Colorado,IND,industrial,7.31,1248.11829,cents per kilowatt-hour,million kilowatt hours,2019,4
CO,Colorado,RES,residential,12.02,1312.0495,cents per kilowatt-hour,million kilowatt hours,2019,4
IL,Illinois,COM,commercial,9.32,3723.19261,cents per kilowatt-hour,million kilowatt hours,2019,4
IL,Illinois,IND,industrial,6.81,3290.6968,cents per kilowatt-hour,million kilowatt hours,2019,4
IL,Illinois,RES,residential,14.32,2753.65182,cents per kilowatt-hour,million kilowatt hours,2019,4
NY,New York,COM,commercial,13.13,5660.75972,cents per kilowatt-hour,million kilowatt hours,2019,4
NY,New York,IND,industrial,5.49,1438.53058,cents per kilowatt-hour,million kilowatt hours,2019,4
NY,New York,RES,residential,17.54,3395.27315,cents per kilowatt-hour,million kilowatt hours,2019,4
TX,Texas,COM,commercial,8.09,10144.25536,cents per kilowatt-hour,million kilowatt hours,2019,4
TX,Texas,IND,industrial,5.03,10470.26426,cents per kilowatt-hour,million kilowatt hours,2019,4
TX,Texas,RES,residential,12.0,8754.02582,cents per kilowatt-hour,million kilowatt hours,2019,4
CA,California,COM,commercial,14.44,9273.91422,cents per kilowatt-hour,million kilowatt hours,2019,3
CA,California,IND,industrial,11.12,3515.32656,cents per kilowatt-hour,million kilowatt hours,2019,3
CA,California,RES,residential,19.26,6718.99291,cents per kilowatt-hour,million kilowatt hours,2019,3
CO,Colorado,COM,commercial,10.2,1736.75939,cents per kilowatt-hour,million kilowatt hours,2019,3
CO,Colorado,IND,industrial,7.41,1264.57734,cents per kilowatt-hour,million kilowatt hours,2019,3
CO,Colorado,RES,residential,12.07,1555.02257,cents per kilowatt-hour,million kilowatt hours,2019,3
IL,Illinois,COM,commercial,9.01,4064.19214,cents per kilowatt-hour,million kilowatt hours,2019,3
IL,Illinois,IND,industrial,6.89,3528.99678,cents per kilowatt-hour,million kilowatt hours,2019,3
IL,Illinois,RES,residential,12.99,3652.91156,cents per kilowatt-hour,million kilowatt hours,2019,3
NY,New York,COM,commercial,12.93,5984.97401,cents per kilowatt-hour,million kilowatt hours,2019,3
NY,New York,IND,industrial,5.55,1401.4909,cents per kilowatt-hour,million kilowatt hours,2019,3
NY,New York,RES,residential,16.85,4054.53779,cents per kilowatt-hour,million kilowatt hours,2019,3
TX,Texas,COM,commercial,8.07,10368.02766,cents per kilowatt-hour,million kilowatt hours,2019,3
TX,Texas,IND,industrial,5.27,10378.62773,cents per kilowatt-hour,million kilowatt hours,2019,3
TX,Texas,RES,residential,11.6,10607.23288,cents per kilowatt-hour,million kilowatt hours,2019,3
CA,California,COM,commercial,15.01,8059.8144,cents per kilowatt-hour,million kilowatt hours,2019,2
CA,California,IND,industrial,11.47,3437.5515,cents per kilowatt-hour,million kilowatt hours,2019,2
CA,California,RES,residential,19.79,6249.31051,cents per kilowatt-hour,million kilowatt hours,2019,2
CO,Colorado,COM,commercial,10.34,1582.83992,cents per kilowatt-hour,million kilowatt hours,2019,2
CO,Colorado,IND,industrial,7.46,1162.95276,cents per kilowatt-hour,million kilowatt hours,2019,2
CO,Colorado,RES,residential,12.05,1496.74643,cents per kilowatt-hour,million kilowatt hours,2019,2
IL,Illinois,COM,commercial,9.19,3939.43046,cents per kilowatt-hour,million kilowatt hours,2019,2
IL,Illinois,IND,industrial,6.9,3440.23462,cents per kilowatt-hour,million kilowatt hours,2019,2
IL,Illinois,RES,residential,12.67,3650.59963,cents per kilowatt-hour,million kilowatt hours,2019,2
NY,New York,COM,commercial,13.14,6250.57793,cents per kilowatt-hour,million kilowatt hours,2019,2
NY,New York,IND,industrial,5.68,1439.36726,cents per kilowatt-hour,million kilowatt hours,2019,2
NY,New York,RES,residential,17.65,4192.62499,cents per kilowatt-hour,million kilowatt hours,2019,2
TX,Texas,COM,commercial,8.03,10057.6609,cents per kilowatt-hour,million kilowatt hours,2019,2
TX,Texas,IND,industrial,5.07,9946.58952,cents per kilowatt-hour,million kilowatt hours,2019,2
TX,Texas,RES,residential,11.6,10978.5171,cents per kilowatt-hour,million kilowatt hours,2019,2
CA,California,COM,commercial,14.74,9277.24624,cents per kilowatt-hour,million kilowatt hours,2019,1
CA,California,IND,industrial,11.17,3562.11382,cents per kilowatt-hour,million kilowatt hours,2019,1
CA,California,RES,residential,18.31,8208.24316,cents per kilowatt-hour,million kilowatt hours,2019,1
CO,Colorado,COM,commercial,9.78,1750.85693,cents per kilowatt-hour,million kilowatt hours,2019,1
CO,Colorado,IND,industrial,7.14,1275.06896,cents per kilowatt-hour,million kilowatt hours,2019,1
CO,Colorado,RES,residential,11.91,1696.50786,cents per kilowatt-hour,million kilowatt hours,2019,1
IL,Illinois,COM,commercial,8.8,4252.61615,cents per kilowatt-hour,million kilowatt hours,2019,1
IL,Illinois,IND,industrial,6.84,3729.7155,cents per kilowatt-hour,million kilowatt hours,2019,1
IL,Illinois,RES,residential,12.38,4327.97664,cents per kilowatt-hour,million kilowatt hours,2019,1
NY,New York,COM,commercial,13.0,6287.69679,cents per kilowatt-hour,million kilowatt hours,2019,1
NY,New York,IND,industrial,5.73,1518.00536,cents per kilowatt-hour,million kilowatt hours,2019,1
NY,New York,RES,residential,17.3,4492.28732,cents per kilowatt-hour,million kilowatt hours,2019,1
TX,Texas,COM,commercial,7.93,10907.37563,cents per kilowatt-hour,million kilowatt hours,2019,1
TX,Texas,IND,industrial,5.14,10532.40556,cents per kilowatt-hour,million kilowatt hours,2019,1
TX,Texas,RES,residential,11.44,12710.28426,cents per kilowatt-hour,million kilowatt hours,2019,1
CA,California,COM,commercial,15.23,9003.59557,cents per kilowatt-hour,million kilowatt hours,2018,12
CA,California,IND,industrial,11.8,3543.04847,cents per kilowatt-hour,million kilowatt hours,2018,12
CA,California,RES,residential,19.45,7060.60882,cents per kilowatt-hour,million kilowatt hours,2018,12
CO,Colorado,COM,commercial,9.55,1731.89646,cents per kilowatt-hour,million kilowatt hours,2018,12
CO,Colorado,IND,industrial,7.24,1287.50472,cents per kilowatt-hour,million kilowatt hours,2018,12
CO,Colorado,RES,residential,11.98,1665.05288,cents per kilowatt-hour,million kilowatt hours,2018,12
IL,Illinois,COM,commercial,8.77,4260.75081,cents per kilowatt-hour,million kilowatt hours,2018,12
IL,Illinois,IND,industrial,6.87,3596.05145,cents per kilowatt-hour,million kilowatt hours,2018,12
IL,Illinois,RES,residential,12.53,3868.04472,cents per kilowatt-hour,million kilowatt hours,2018,12
NY,New York,COM,commercial,13.12,6203.15949,cents per kilowatt-hour,million kilowatt hours,2018,12
NY,New York,IND,industrial,5.6,1667.64937,cents per kilowatt-hour,million kilowatt hours,2018,12
NY,New York,RES,residential,17.33,4322.75854,cents per kilowatt-hour,million kilowatt hours,2018,12
TX,Texas,COM,commercial,7.74,10706.3012,cents per kilowatt-hour,million kilowatt hours,2018,12
TX,Texas,IND,industrial,4.97,9953.81768,cents per kilowatt-hour,million kilowatt hours,2018,12
TX,Texas,RES,residential,11.0,11268.22797,cents per kilowatt-hour,million kilowatt hours,2018,12
CA,California,COM,commercial,15.83,8327.58206,cents per kilowatt-hour,million kilowatt hours,2018,11
CA,California,IND,industrial,13.05,3976.04114,cents per kilowatt-hour,million kilowatt hours,2018,11
CA,California,RES,residential,19.51,5947.31497,cents per kilowatt-hour,million kilowatt hours,2018,11
CO,Colorado,COM,commercial,10.1,1646.41349,cents per kilowatt-hour,million kilowatt hours,2018,11
CO,Colorado,IND,industrial,7.35,1334.69659,cents per kilowatt-hour,million kilowatt hours,2018,11
CO,Colorado,RES,residential,12.18,1448.11854,cents per kilowatt-hour,million kilowatt hours,2018,11
IL,Illinois,COM,commercial,9.24,3881.488,cents per kilowatt-hour,million kilowatt hours,2018,11
IL,Illinois,IND,industrial,6.91,3604.54273,cents per kilowatt-hour,million kilowatt hours,2018,11
IL,Illinois,RES,residential,13.46,3426.91555,cents per kilowatt-hour,million kilowatt hours,2018,11
NY,New York,COM,commercial,13.77,5859.52247,cents per kilowatt-hour,million kilowatt hours,2018,11
NY,New York,IND,industrial,5.75,1497.52765,cents per kilowatt-hour,million kilowatt hours,2018,11
NY,New York,RES,residential,18.17,3717.90166,cents per kilowatt-hour,million kilowatt hours,2018,11
TX,Texas,COM,commercial,8.27,10361.73363,cents per kilowatt-hour,million kilowatt hours,2018,11
TX,Texas,IND,industrial,5.3,10095.85674,cents per kilowatt-hour,million kilowatt hours,2018,11
TX,Texas,RES,residential,11.6,9676.2562,cents per kilowatt-hour,million kilowatt hours,2018,11
CA,California,COM,commercial,17.23,10532.62773,cents per kilowatt-hour,million kilowatt hours,2018,10
CA,California,IND,industrial,14.35,4548.93174,cents per kilowatt-hour,million kilowatt hours,2018,10
CA,California,RES,residential,15.66,7265.39559,cents per kilowatt-hour,million kilowatt hours,2018,10
CO,Colorado,COM,commercial,10.53,1700.79061,cents per kilowatt-hour,million kilowatt hours,2018,10
CO,Colorado,IND,industrial,7.65,1355.8089,cents per kilowatt-hour,million kilowatt hours,2018,10
CO,Colorado,RES,residential,12.3,1404.37184,cents per kilowatt-hour,million kilowatt hours,2018,10
IL,Illinois,COM,commercial,9.45,4112.02115,cents per kilowatt-hour,million kilowatt hours,2018,10
IL,Illinois,IND,industrial,6.95,3539.34191,cents per kilowatt-hour,million kilowatt hours,2018,10
IL,Illinois,RES,residential,13.49,3128.19475,cents per kilowatt-hour,million kilowatt hours,2018,10
NY,New York,COM,commercial,14.96,6303.48157,cents per kilowatt-hour,million kilowatt hours,2018,10
NY,New York,IND,industrial,6.03,1506.89692,cents per kilowatt-hour,million kilowatt hours,2018,10
NY,New York,RES,residential,19.29,3920.78396,cents per kilowatt-hour,million kilowatt hours,2018,10
TX,Texas,COM,commercial,8.0,12727.7875,cents per kilowatt-hour,million kilowatt hours,2018,10
TX,Texas,IND,industrial,5.26,10801.87149,cents per kilowatt-hour,million kilowatt hours,2018,10
TX,Texas,RES,residential,11.5,12088.30176,cents per kilowatt-hour,million kilowatt hours,2018,10
CA,California,COM,commercial,17.45,8903.75262,cents per kilowatt-hour,million kilowatt hours,2018,9
CA,California,IND,industrial,14.4,4350.9414,cents per kilowatt-hour,million kilowatt hours,2018,9
CA,California,RES,residential,19.31,6996.98045,cents per kilowatt-hour,million kilowatt hours,2018,9
CO,Colorado,COM,commercial,10.32,1830.93337,cents per kilowatt-hour,million kilowatt hours,2018,9
CO,Colorado,IND,industrial,7.57,1405.28258,cents per kilowatt-hour,million kilowatt hours,2018,9
CO,Colorado,RES,residential,12.53,1658.108,cents per kilowatt-hour,million kilowatt hours,2018,9
IL,Illinois,COM,commercial,9.12,4310.55096,cents per kilowatt-hour,million kilowatt hours,2018,9
IL,Illinois,IND,industrial,6.59,3620.92922,cents per kilowatt-hour,million kilowatt hours,2018,9
IL,Illinois,RES,residential,12.43,3925.31486,cents per kilowatt-hour,million kilowatt hours,2018,9
NY,New York,COM,commercial,16.05,7071.50617,cents per kilowatt-hour,million kilowatt hours,2018,9
NY,New York,IND,industrial,6.03,1596.37752,cents per kilowatt-hour,million kilowatt hours,2018,9
NY,New York,RES,residential,19.28,5146.43297,cents per kilowatt-hour,million kilowatt hours,2018,9
TX,Texas,COM,commercial,8.03,13169.67426,cents per kilowatt-hour,million kilowatt hours,2018,9
TX,Texas,IND,industrial,5.19,10618.02405,cents per kilowatt-hour,million kilowatt hours,2018,9
TX,Texas,RES,residential,11.39,15340.24396,cents per kilowatt-hour,million kilowatt hours,2018,9
CA,California,COM,commercial,18.74,12393.4095,cents per kilowatt-hour,million kilowatt hours,2018,8
CA,California,IND,industrial,15.17,5184.37401,cents per kilowatt-hour,million kilowatt hours,2018,8
CA,California,RES,residential,19.85,12226.96387,cents per kilowatt-hour,million kilowatt hours,2018,8
CO,Colorado,COM,commercial,10.44,1986.02328,cents per kilowatt-hour,million kilowatt hours,2018,8
CO,Colorado,IND,industrial,7.52,1511.68423,cents per kilowatt-hour,million kilowatt hours,2018,8
CO,Colorado,RES,residential,12.43,1994.35183,cents per kilowatt-hour,million kilowatt hours,2018,8
IL,Illinois,COM,commercial,9.14,4804.2162,cents per kilowatt-hour,million kilowatt hours,2018,8
IL,Illinois,IND,industrial,6.78,3955.52651,cents per kilowatt-hour,million kilowatt hours,2018,8
IL,Illinois,RES,residential,12.52,5203.48057,cents per kilowatt-hour,million kilowatt hours,2018,8
NY,New York,COM,commercial,15.5,7423.01922,cents per kilowatt-hour,million kilowatt hours,2018,8
NY,New York,IND,industrial,6.08,1624.42899,cents per kilowatt-hour,million kilowatt hours,2018,8
NY,New York,RES,residential,19.02,5642.51037,cents per kilowatt-hour,million kilowatt hours,2018,8
TX,Texas,COM,commercial,8.24,14497.01479,cents per kilowatt-hour,million kilowatt hours,2018,8
TX,Texas,IND,industrial,5.62,11262.59585,cents per kilowatt-hour,million kilowatt hours,2018,8
TX,Texas,RES,residential,11.27,18089.03879,cents per kilowatt-hour,million kilowatt hours,2018,8
CA,California,COM,commercial,18.59,10885.74178,cents per kilowatt-hour,million kilowatt hours,2018,7
CA,California,IND,industrial,15.15,4745.72583,cents per kilowatt-hour,million kilowatt hours,2018,7
CA,California,RES,residential,19.59,9647.7987,cents per kilowatt-hour,million kilowatt hours,2018,7
CO,Colorado,COM,commercial,10.18,2038.53049,cents per kilowatt-hour,million kilowatt hours,2018,7
CO,Colorado,IND,industrial,7.72,1460.656,cents per kilowatt-hour,million kilowatt hours,2018,7
CO,Colorado,RES,residential,12.64,2042.86304,cents per kilowatt-hour,million kilowatt hours,2018,7
IL,Illinois,COM,commercial,9.13,4688.41306,cents per kilowatt-hour,million kilowatt hours,2018,7
IL,Illinois,IND,industrial,6.78,3987.41788,cents per kilowatt-hour,million kilowatt hours,2018,7
IL,Illinois,RES,residential,11.96,5218.65393,cents per kilowatt-hour,million kilowatt hours,2018,7
NY,New York,COM,commercial,16.02,7219.57022,cents per kilowatt-hour,million kilowatt hours,2018,7
NY,New York,IND,industrial,6.25,1597.25085,cents per kilowatt-hour,million kilowatt hours,2018,7
NY,New York,RES,residential,19.37,5419.40474,cents per kilowatt-hour,million kilowatt hours,2018,7
TX,Texas,COM,commercial,8.08,14138.07888,cents per kilowatt-hour,million kilowatt hours,2018,7
TX,Texas,IND,industrial,6.05,10869.23727,cents per kilowatt-hour,million kilowatt hours,2018,7
TX,Texas,RES,residential,11.09,17815.67026,cents per kilowatt-hour,million kilowatt hours,2018,7
CA,California,COM,commercial,17.72,9702.49607,cents per kilowatt-hour,million kilowatt hours,2018,6
CA,California,IND,industrial,14.67,4490.60686,cents per kilowatt-hour,million kilowatt hours,2018,6
CA,California,RES,residential,19.81,6840.48824,cents per kilowatt-hour,million kilowatt hours,2018,6
CO,Colorado,COM,commercial,10.68,1828.71912,cents per kilowatt-hour,million kilowatt hours,2018,6
CO,Colorado,IND,industrial,7.77,1366.06175,cents per kilowatt-hour,million kilowatt hours,2018,6
CO,Colorado,RES,residential,12.26,1783.3121,cents per kilowatt-hour,million kilowatt hours,2018,6
IL,Illinois,COM,commercial,9.15,4420.80034,cents per kilowatt-hour,million kilowatt hours,2018,6
IL,Illinois,IND,industrial,6.62,3997.40326,cents per kilowatt-hour,million kilowatt hours,2018,6
IL,Illinois,RES,residential,12.75,4431.45468,cents per kilowatt-hour,million kilowatt hours,2018,6
NY,New York,COM,commercial,15.09,6413.2821,cents per kilowatt-hour,million kilowatt hours,2018,6
NY,New York,IND,industrial,5.99,1400.17676,cents per kilowatt-hour,million kilowatt hours,2018,6
NY,New York,RES,residential,19.28,4036.62868,cents per kilowatt-hour,million kilowatt hours,2018,6
TX,Texas,COM,commercial,8.21,13489.63179,cents per kilowatt-hour,million kilowatt hours,2018,6
TX,Texas,IND,industrial,5.75,10622.04615,cents per kilowatt-hour,million kilowatt hours,2018,6
TX,Texas,RES,residential,11.2,16326.57154,cents per kilowatt-hour,million kilowatt hours,2018,6
CA,California,COM,commercial,15.52,9065.05852,cents per kilowatt-hour,million kilowatt hours,2018,5
CA,California,IND,industrial,12.53,4129.86163,cents per kilowatt-hour,million kilowatt hours,2018,5
CA,California,RES,residential,18.85,6622.83263,cents per kilowatt-hour,million kilowatt hours,2018,5
CO,Colorado,COM,commercial,10.01,1707.18947,cents per kilowatt-hour,million kilowatt hours,2018,5
CO,Colorado,IND,industrial,7.47,1325.95964,cents per kilowatt-hour,million kilowatt hours,2018,5
CO,Colorado,RES,residential,11.94,1429.9007,cents per kilowatt-hour,million kilowatt hours,2018,5
IL,Illinois,COM,commercial,9.03,4198.32415,cents per kilowatt-hour,million kilowatt hours,2018,5
IL,Illinois,IND,industrial,6.55,3755.15111,cents per kilowatt-hour,million kilowatt hours,2018,5
IL,Illinois,RES,residential,13.39,3466.37213,cents per kilowatt-hour,million kilowatt hours,2018,5
NY,New York,COM,commercial,13.69,5799.64844,cents per kilowatt-hour,million kilowatt hours,2018,5
NY,New York,IND,industrial,6.5,1421.64897,cents per kilowatt-hour,million kilowatt hours,2018,5
NY,New York,RES,residential,18.51,3472.36868,cents per kilowatt-hour,million kilowatt hours,2018,5
TX,Texas,COM,commercial,8.2,11662.68107,cents per kilowatt-hour,million kilowatt hours,2018,5
TX,Texas,IND,industrial,5.43,10759.53557,cents per kilowatt-hour,million kilowatt hours,2018,5
TX,Texas,RES,residential,11.36,11342.96179,cents per kilowatt-hour,million kilowatt hours,2018,5
CA,California,COM,commercial,14.7,9200.48868,cents per kilowatt-hour,million kilowatt hours,2018,4
CA,California,IND,industrial,10.91,3592.80584,cents per kilowatt-hour,million kilowatt hours,2018,4
CA,California,RES,residential,16.03,5534.6618,cents per kilowatt-hour,million kilowatt hours,2018,4
CO,Colorado,COM,commercial,9.93,1585.25807,cents per kilowatt-hour,million kilowatt hours,2018,4
CO,Colorado,IND,industrial,7.38,1248.37454,cents per kilowatt-hour,million kilowatt hours,2018,4
CO,Colorado,RES,residential,12.05,1297.99509,cents per kilowatt-hour,million kilowatt hours,2018,4
IL,Illinois,COM,commercial,9.12,3734.83486,cents per kilowatt-hour,million kilowatt hours,2018,4
IL,Illinois,IND,industrial,6.61,3441.5436,cents per kilowatt-hour,million kilowatt hours,2018,4
IL,Illinois,RES,residential,13.27,3043.61707,cents per kilowatt-hour,million kilowatt hours,2018,4
NY,New York,COM,commercial,13.34,5808.98565,cents per kilowatt-hour,million kilowatt hours,2018,4
NY,New York,IND,industrial,5.56,1426.99649,cents per kilowatt-hour,million kilowatt hours,2018,4
NY,New York,RES,residential,17.98,3580.68375,cents per kilowatt-hour,million kilowatt hours,2018,4
TX,Texas,COM,commercial,8.2,10373.91424,cents per kilowatt-hour,million kilowatt hours,2018,4
TX,Texas,IND,industrial,5.07,9738.23102,cents per kilowatt-hour,million kilowatt hours,2018,4
TX,Texas,RES,residential,11.39,8892.01147,cents per kilowatt-hour,million kilowatt hours,2018,4
CA,California,COM,commercial,14.56,10104.20655,cents per kilowatt-hour,million kilowatt hours,2018,3
CA,California,IND,industrial,11.73,3734.62841,cents per kilowatt-hour,million kilowatt hours,2018,3
CA,California,RES,residential,18.44,7610.10437,cents per kilowatt-hour,million kilowatt hours,2018,3
CO,Colorado,COM,commercial,9.55,1696.07485,cents per kilowatt-hour,million kilowatt hours,2018,3
CO,Colorado,IND,industrial,7.3,1284.7731,cents per kilowatt-hour,million kilowatt hours,2018,3
CO,Colorado,RES,residential,11.75,1456.7255,cents per kilowatt-hour,million kilowatt hours,2018,3
IL,Illinois,COM,commercial,8.85,4045.97091,cents per kilowatt-hour,million kilowatt hours,2018,3
IL,Illinois,IND,industrial,6.54,3535.79371,cents per kilowatt-hour,million kilowatt hours,2018,3
IL,Illinois,RES,residential,12.93,3400.53568,cents per kilowatt-hour,million kilowatt hours,2018,3
NY,New York,COM,commercial,13.36,6001.52766,cents per kilowatt-hour,million kilowatt hours,2018,3
NY,New York,IND,industrial,5.47,1413.93603,cents per kilowatt-hour,million kilowatt hours,2018,3
NY,New York,RES,residential,17.52,3940.10498,cents per kilowatt-hour,million kilowatt hours,2018,3
TX,Texas,COM,commercial,8.36,10421.21202,cents per kilowatt-hour,million kilowatt hours,2018,3
TX,Texas,IND,industrial,5.11,9860.81742,cents per kilowatt-hour,million kilowatt hours,2018,3
TX,Texas,RES,residential,11.35,9378.99889,cents per kilowatt-hour,million kilowatt hours,2018,3
CA,California,COM,commercial,14.64,8409.89718,cents per kilowatt-hour,million kilowatt hours,2018,2
CA,California,IND,industrial,11.32,3513.11734,cents per kilowatt-hour,million kilowatt hours,2018,2
CA,California,RES,residential,19.1,5986.96995,cents per kilowatt-hour,million kilowatt hours,2018,2
CO,Colorado,COM,commercial,9.56,1567.25193,cents per kilowatt-hour,million kilowatt hours,2018,2
CO,Colorado,IND,industrial,7.19,1185.84956,cents per kilowatt-hour,million kilowatt hours,2018,2
CO,Colorado,RES,residential,11.79,1452.24115,cents per kilowatt-hour,million kilowatt hours,2018,2
IL,Illinois,COM,commercial,8.68,3841.80241,cents per kilowatt-hour,million kilowatt hours,2018,2
IL,Illinois,IND,industrial,6.63,3457.84853,cents per kilowatt-hour,million kilowatt hours,2018,2
IL,Illinois,RES,residential,12.48,3618.81881,cents per kilowatt-hour,million kilowatt hours,2018,2
NY,New York,COM,commercial,13.69,6137.07239,cents per kilowatt-hour,million kilowatt hours,2018,2
NY,New York,IND,industrial,6.6,1448.41793,cents per kilowatt-hour,million kilowatt hours,2018,2
NY,New York,RES,residential,18.19,4105.43039,cents per kilowatt-hour,million kilowatt hours,2018,2
TX,Texas,COM,commercial,8.55,9931.43114,cents per kilowatt-hour,million kilowatt hours,2018,2
TX,Texas,IND,industrial,5.31,9182.53285,cents per kilowatt-hour,million kilowatt hours,2018,2
TX,Texas,RES,residential,10.87,11633.36037,cents per kilowatt-hour,million kilowatt hours,2018,2
CA,California,COM,commercial,14.45,9257.63574,cents per kilowatt-hour,million kilowatt hours,2018,1
CA,California,IND,industrial,11.13,3777.83033,cents per kilowatt-hour,million kilowatt hours,2018,1
CA,California,RES,residential,19.1,7359.86558,cents per kilowatt-hour,million kilowatt hours,2018,1
CO,Colorado,COM,commercial,9.13,1704.21888,cents per kilowatt-hour,million kilowatt hours,2018,1
CO,Colorado,IND,industrial,7.37,1280.60638,cents per kilowatt-hour,million kilowatt hours,2018,1
CO,Colorado,RES,residential,11.62,1653.91135,cents per kilowatt-hour,million kilowatt hours,2018,1
IL,Illinois,COM,commercial,9.73,4463.65616,cents per kilowatt-hour,million kilowatt hours,2018,1
IL,Illinois,IND,industrial,7.75,3623.1611,cents per kilowatt-hour,million kilowatt hours,2018,1
IL,Illinois,RES,residential,12.74,4494.51226,cents per kilowatt-hour,million kilowatt hours,2018,1
NY,New York,COM,commercial,14.51,6504.68765,cents per kilowatt-hour,million kilowatt hours,2018,1
NY,New York,IND,industrial,6.36,1475.48452,cents per kilowatt-hour,million kilowatt hours,2018,1
NY,New York,RES,residential,17.75,4848.23727,cents per kilowatt-hour,million kilowatt hours,2018,1
TX,Texas,COM,commercial,8.15,12045.17047,cents per kilowatt-hour,million kilowatt hours,2018,1
TX,Texas,IND,industrial,5.5,9674.26293,cents per kilowatt-hour,million kilowatt hours,2018,1
TX,Texas,RES,residential,10.63,15416.27001,cents per kilowatt-hour,million kilowatt hours,2018,1
CA,California,COM,commercial,14.29,9280.85845,cents per kilowatt-hour,million kilowatt hours,2017,12
CA,California,IND,industrial,11.21,3646.49571,cents per kilowatt-hour,million kilowatt hours,2017,12
CA,California,RES,residential,18.62,6887.46914,cents per kilowatt-hour,million kilowatt hours,2017,12
CO,Colorado,COM,commercial,9.46,1711.20367,cents per kilowatt-hour,million kilowatt hours,2017,12
CO,Colorado,IND,industrial,7.09,1283.0661,cents per kilowatt-hour,million kilowatt hours,2017,12
CO,Colorado,RES,residential,11.8,1633.06461,cents per kilowatt-hour,million kilowatt hours,2017,12
IL,Illinois,COM,commercial,8.79,4265.40919,cents per kilowatt-hour,million kilowatt hours,2017,12
IL,Illinois,IND,industrial,6.32,3619.2152,cents per kilowatt-hour,million kilowatt hours,2017,12
IL,Illinois,RES,residential,12.58,4047.00352,cents per kilowatt-hour,million kilowatt hours,2017,12
NY,New York,COM,commercial,13.46,6180.65538,cents per kilowatt-hour,million kilowatt hours,2017,12
NY,New York,IND,industrial,5.85,1514.88795,cents per kilowatt-hour,million kilowatt hours,2017,12
NY,New York,RES,residential,16.99,4222.10149,cents per kilowatt-hour,million kilowatt hours,2017,12
TX,Texas,COM,commercial,8.08,10465.94395,cents per kilowatt-hour,million kilowatt hours,2017,12
TX,Texas,IND,industrial,5.12,10149.48272,cents per kilowatt-hour,million kilowatt hours,2017,12
TX,Texas,RES,residential,10.89,10619.14031,cents per kilowatt-hour,million kilowatt hours,2017,12
CA,California,COM,commercial,15.14,9084.62801,cents per kilowatt-hour,million kilowatt hours,2017,11
CA,California,IND,industrial,12.76,3846.45,cents per kilowatt-hour,million kilowatt hours,2017,11
CA,California,RES,residential,18.71,6418.38078,cents per kilowatt-hour,million kilowatt hours,2017,11
CO,Colorado,COM,commercial,9.71,1591.88472,cents per kilowatt-hour,million kilowatt hours,2017,11
CO,Colorado,IND,industrial,7.37,1252.13472,cents per kilowatt-hour,million kilowatt hours,2017,11
CO,Colorado,RES,residential,12.11,1341.84608,cents per kilowatt-hour,million kilowatt hours,2017,11
IL,Illinois,COM,commercial,8.92,3901.5399,cents per kilowatt-hour,million kilowatt hours,2017,11
IL,Illinois,IND,industrial,6.34,3385.45556,cents per kilowatt-hour,million kilowatt hours,2017,11
IL,Illinois,RES,residential,13.67,3315.70167,cents per kilowatt-hour,million kilowatt hours,2017,11
NY,New York,COM,commercial,13.91,6027.44782,cents per kilowatt-hour,million kilowatt hours,2017,11
NY,New York,IND,industrial,5.76,1544.2151,cents per kilowatt-hour,million kilowatt hours,2017,11
NY,New York,RES,residential,17.8,3603.21569,cents per kilowatt-hour,million kilowatt hours,2017,11
TX,Texas,COM,commercial,8.31,10256.8145,cents per kilowatt-hour,million kilowatt hours,2017,11
TX,Texas,IND,industrial,5.17,9826.14982,cents per kilowatt-hour,million kilowatt hours,2017,11
TX,Texas,RES,residential,11.23,9133.56157,cents per kilowatt-hour,million kilowatt hours,2017,11
CA,California,COM,commercial,16.9,10285.47458,cents per kilowatt-hour,million kilowatt hours,2017,10
CA,California,IND,industrial,14.47,4326.13432,cents per kilowatt-hour,million kilowatt hours,2017,10
CA,California,RES,residential,15.7,6555.95054,cents per kilowatt-hour,million kilowatt hours,2017,10
CO,Colorado,COM,commercial,10.16,1649.33993,cents per kilowatt-hour,million kilowatt hours,2017,10
CO,Colorado,IND,industrial,7.59,1299.64916,cents per kilowatt-hour,million kilowatt hours,2017,10
CO,Colorado,RES,residential,12.07,1364.2088,cents per kilowatt-hour,million kilowatt hours,2017,10
IL,Illinois,COM,commercial,9.16,4177.7909,cents per kilowatt-hour,million kilowatt hours,2017,10
IL,Illinois,IND,industrial,6.43,3599.11728,cents per kilowatt-hour,million kilowatt hours,2017,10
IL,Illinois,RES,residential,13.12,2913.03956,cents per kilowatt-hour,million kilowatt hours,2017,10
NY,New York,COM,commercial,15.02,6327.17226,cents per kilowatt-hour,million kilowatt hours,2017,10
NY,New York,IND,industrial,6.15,1493.88894,cents per kilowatt-hour,million kilowatt hours,2017,10
NY,New York,RES,residential,18.74,3704.70032,cents per kilowatt-hour,million kilowatt hours,2017,10
TX,Texas,COM,commercial,8.14,12306.5589,cents per kilowatt-hour,million kilowatt hours,2017,10
TX,Texas,IND,industrial,5.32,10289.69626,cents per kilowatt-hour,million kilowatt hours,2017,10
TX,Texas,RES,residential,11.09,12300.93776,cents per kilowatt-hour,million kilowatt hours,2017,10
CA,California,COM,commercial,18.08,10570.65318,cents per kilowatt-hour,million kilowatt hours,2017,9
CA,California,IND,industrial,14.32,4491.72853,cents per kilowatt-hour,million kilowatt hours,2017,9
CA,California,RES,residential,19.33,9072.32985,cents per kilowatt-hour,million kilowatt hours,2017,9
CO,Colorado,COM,commercial,10.38,1815.14446,cents per kilowatt-hour,million kilowatt hours,2017,9
CO,Colorado,IND,industrial,7.75,1380.8046,cents per kilowatt-hour,million kilowatt hours,2017,9
CO,Colorado,RES,residential,12.71,1585.25914,cents per kilowatt-hour,million kilowatt hours,2017,9
IL,Illinois,COM,commercial,9.0,4329.07747,cents per kilowatt-hour,million kilowatt hours,2017,9
IL,Illinois,IND,industrial,6.34,3710.45883,cents per kilowatt-hour,million kilowatt hours,2017,9
IL,Illinois,RES,residential,13.09,3802.66063,cents per kilowatt-hour,million kilowatt hours,2017,9
NY,New York,COM,commercial,16.13,6637.87688,cents per kilowatt-hour,million kilowatt hours,2017,9
NY,New York,IND,industrial,6.19,1581.71035,cents per kilowatt-hour,million kilowatt hours,2017,9
NY,New York,RES,residential,18.8,4213.79039,cents per kilowatt-hour,million kilowatt hours,2017,9
TX,Texas,COM,commercial,8.16,12784.45956,cents per kilowatt-hour,million kilowatt hours,2017,9
TX,Texas,IND,industrial,5.43,9982.18764,cents per kilowatt-hour,million kilowatt hours,2017,9
TX,Texas,RES,residential,11.12,14378.61066,cents per kilowatt-hour,million kilowatt hours,2017,9
CA,California,COM,commercial,17.64,11387.64415,cents per kilowatt-hour,million kilowatt hours,2017,8
CA,California,IND,industrial,14.27,4988.47096,cents per kilowatt-hour,million kilowatt hours,2017,8
CA,California,RES,residential,19.16,10300.40518,cents per kilowatt-hour,million kilowatt hours,2017,8
CO,Colorado,COM,commercial,10.35,1932.26669,cents per kilowatt-hour,million kilowatt hours,2017,8
CO,Colorado,IND,industrial,7.76,1443.46145,cents per kilowatt-hour,million kilowatt hours,2017,8
CO,Colorado,RES,residential,12.46,1866.33483,cents per kilowatt-hour,million kilowatt hours,2017,8
IL,Illinois,COM,commercial,9.12,4574.01662,cents per kilowatt-hour,million kilowatt hours,2017,8
IL,Illinois,IND,industrial,6.57,3733.84594,cents per kilowatt-hour,million kilowatt hours,2017,8
IL,Illinois,RES,residential,12.83,4217.63486,cents per kilowatt-hour,million kilowatt hours,2017,8
NY,New York,COM,commercial,15.95,7049.52263,cents per kilowatt-hour,million kilowatt hours,2017,8
NY,New York,IND,industrial,6.2,1625.13179,cents per kilowatt-hour,million kilowatt hours,2017,8
NY,New York,RES,residential,18.56,5037.59969,cents per kilowatt-hour,million kilowatt hours,2017,8
TX,Texas,COM,commercial,8.17,13652.80226,cents per kilowatt-hour,million kilowatt hours,2017,8
TX,Texas,IND,industrial,5.39,10722.96541,cents per kilowatt-hour,million kilowatt hours,2017,8
TX,Texas,RES,residential,10.95,17184.47834,cents per kilowatt-hour,million kilowatt hours,2017,8
CA,California,COM,commercial,17.36,10823.7972,cents per kilowatt-hour,million kilowatt hours,2017,7
CA,California,IND,industrial,14.32,4556.15455,cents per kilowatt-hour,million kilowatt hours,2017,7
CA,California,RES,residential,18.52,10013.38198,cents per kilowatt-hour,million kilowatt hours,2017,7
CO,Colorado,COM,commercial,10.3,1971.88214,cents per kilowatt-hour,million kilowatt hours,2017,7
CO,Colorado,IND,industrial,7.9,1421.99601,cents per kilowatt-hour,million kilowatt hours,2017,7
CO,Colorado,RES,residential,12.46,2021.08099,cents per kilowatt-hour,million kilowatt hours,2017,7
IL,Illinois,COM,commercial,9.07,4719.82543,cents per kilowatt-hour,million kilowatt hours,2017,7
IL,Illinois,IND,industrial,6.47,3849.30766,cents per kilowatt-hour,million kilowatt hours,2017,7
IL,Illinois,RES,residential,12.29,5085.45044,cents per kilowatt-hour,million kilowatt hours,2017,7
NY,New York,COM,commercial,16.1,7141.02037,cents per kilowatt-hour,million kilowatt hours,2017,7
NY,New York,IND,industrial,5.92,1584.94767,cents per kilowatt-hour,million kilowatt hours,2017,7
NY,New York,RES,residential,18.79,5209.85574,cents per kilowatt-hour,million kilowatt hours,2017,7
TX,Texas,COM,commercial,8.24,13274.86624,cents per kilowatt-hour,million kilowatt hours,2017,7
TX,Texas,IND,industrial,5.52,10635.65432,cents per kilowatt-hour,million kilowatt hours,2017,7
TX,Texas,RES,residential,10.87,16887.29872,cents per kilowatt-hour,million kilowatt hours,2017,7
CA,California,COM,commercial,16.98,10767.4408,cents per kilowatt-hour,million kilowatt hours,2017,6
CA,California,IND,industrial,14.9,4508.51877,cents per kilowatt-hour,million kilowatt hours,2017,6
CA,California,RES,residential,19.12,7898.13934,cents per kilowatt-hour,million kilowatt hours,2017,6
CO,Colorado,COM,commercial,10.65,1796.9488,cents per kilowatt-hour,million kilowatt hours,2017,6
CO,Colorado,IND,industrial,7.85,1311.57548,cents per kilowatt-hour,million kilowatt hours,2017,6
CO,Colorado,RES,residential,12.76,1659.50828,cents per kilowatt-hour,million kilowatt hours,2017,6
IL,Illinois,COM,commercial,9.28,4298.57914,cents per kilowatt-hour,million kilowatt hours,2017,6
IL,Illinois,IND,industrial,6.62,3707.14197,cents per kilowatt-hour,million kilowatt hours,2017,6
IL,Illinois,RES,residential,13.14,4211.55658,cents per kilowatt-hour,million kilowatt hours,2017,6
NY,New York,COM,commercial,15.96,6324.95743,cents per kilowatt-hour,million kilowatt hours,2017,6
NY,New York,IND,industrial,6.11,1475.64493,cents per kilowatt-hour,million kilowatt hours,2017,6
NY,New York,RES,residential,18.74,4049.5979,cents per kilowatt-hour,million kilowatt hours,2017,6
TX,Texas,COM,commercial,8.37,12616.14014,cents per kilowatt-hour,million kilowatt hours,2017,6
TX,Texas,IND,industrial,5.43,10556.94128,cents per kilowatt-hour,million kilowatt hours,2017,6
TX,Texas,RES,residential,11.03,14106.72486,cents per kilowatt-hour,million kilowatt hours,2017,6
CA,California,COM,commercial,14.92,9445.29106,cents per kilowatt-hour,million kilowatt hours,2017,5
CA,California,IND,industrial,12.12,3920.69858,cents per kilowatt-hour,million kilowatt hours,2017,5
CA,California,RES,residential,18.06,6618.54365,cents per kilowatt-hour,million kilowatt hours,2017,5
CO,Colorado,COM,commercial,9.78,1669.00001,cents per kilowatt-hour,million kilowatt hours,2017,5
CO,Colorado,IND,industrial,7.39,1279.28043,cents per kilowatt-hour,million kilowatt hours,2017,5
CO,Colorado,RES,residential,11.9,1365.884,cents per kilowatt-hour,million kilowatt hours,2017,5
IL,Illinois,COM,commercial,9.42,3991.58384,cents per kilowatt-hour,million kilowatt hours,2017,5
IL,Illinois,IND,industrial,6.61,3476.17124,cents per kilowatt-hour,million kilowatt hours,2017,5
IL,Illinois,RES,residential,14.09,2878.18437,cents per kilowatt-hour,million kilowatt hours,2017,5
NY,New York,COM,commercial,14.54,5606.70025,cents per kilowatt-hour,million kilowatt hours,2017,5
NY,New York,IND,industrial,6.2,1447.54077,cents per kilowatt-hour,million kilowatt hours,2017,5
NY,New York,RES,residential,18.53,3303.74558,cents per kilowatt-hour,million kilowatt hours,2017,5
TX,Texas,COM,commercial,8.27,11650.84698,cents per kilowatt-hour,million kilowatt hours,2017,5
TX,Texas,IND,industrial,5.53,10092.86834,cents per kilowatt-hour,million kilowatt hours,2017,5
TX,Texas,RES,residential,11.05,10703.46631,cents per kilowatt-hour,million kilowatt hours,2017,5
CA,California,COM,commercial,13.72,9134.00929,cents per kilowatt-hour,million kilowatt hours,2017,4
CA,California,IND,industrial,9.84,3814.42605,cents per kilowatt-hour,million kilowatt hours,2017,4
CA,California,RES,residential,14.12,5516.19296,cents per kilowatt-hour,million kilowatt hours,2017,4
CO,Colorado,COM,commercial,9.58,1576.36035,cents per kilowatt-hour,million kilowatt hours,2017,4
CO,Colorado,IND,industrial,7.3,1241.69259,cents per kilowatt-hour,million kilowatt hours,2017,4
CO,Colorado,RES,residential,11.96,1262.13339,cents per kilowatt-hour,million kilowatt hours,2017,4
IL,Illinois,COM,commercial,9.3,3587.34565,cents per kilowatt-hour,million kilowatt hours,2017,4
IL,Illinois,IND,industrial,6.41,3458.76057,cents per kilowatt-hour,million kilowatt hours,2017,4
IL,Illinois,RES,residential,13.59,2671.67162,cents per kilowatt-hour,million kilowatt hours,2017,4
NY,New York,COM,commercial,13.78,5663.54887,cents per kilowatt-hour,million kilowatt hours,2017,4
NY,New York,IND,industrial,5.87,1502.34779,cents per kilowatt-hour,million kilowatt hours,2017,4
NY,New York,RES,residential,17.3,3451.93314,cents per kilowatt-hour,million kilowatt hours,2017,4
TX,Texas,COM,commercial,8.3,9994.73796,cents per kilowatt-hour,million kilowatt hours,2017,4
TX,Texas,IND,industrial,5.43,9224.02554,cents per kilowatt-hour,million kilowatt hours,2017,4
TX,Texas,RES,residential,11.09,9013.56723,cents per kilowatt-hour,million kilowatt hours,2017,4
CA,California,COM,commercial,14.44,9392.81696,cents per kilowatt-hour,million kilowatt hours,2017,3
CA,California,IND,industrial,11.04,3609.52426,cents per kilowatt-hour,million kilowatt hours,2017,3
CA,California,RES,residential,19.18,6600.80469,cents per kilowatt-hour,million kilowatt hours,2017,3
CO,Colorado,COM,commercial,9.5,1678.01385,cents per kilowatt-hour,million kilowatt hours,2017,3
CO,Colorado,IND,industrial,7.52,1252.46494,cents per kilowatt-hour,million kilowatt hours,2017,3
CO,Colorado,RES,residential,11.94,1420.59927,cents per kilowatt-hour,million kilowatt hours,2017,3
IL,Illinois,COM,commercial,9.89,4009.16969,cents per kilowatt-hour,million kilowatt hours,2017,3
IL,Illinois,IND,industrial,6.8,3591.1953,cents per kilowatt-hour,million kilowatt hours,2017,3
IL,Illinois,RES,residential,14.02,3238.05008,cents per kilowatt-hour,million kilowatt hours,2017,3
NY,New York,COM,commercial,14.2,5767.65737,cents per kilowatt-hour,million kilowatt hours,2017,3
NY,New York,IND,industrial,5.87,1338.41607,cents per kilowatt-hour,million kilowatt hours,2017,3
NY,New York,RES,residential,17.02,3952.98669,cents per kilowatt-hour,million kilowatt hours,2017,3
TX,Texas,COM,commercial,8.32,10391.05169,cents per kilowatt-hour,million kilowatt hours,2017,3
TX,Texas,IND,industrial,5.25,9842.90567,cents per kilowatt-hour,million kilowatt hours,2017,3
TX,Texas,RES,residential,11.12,8964.72909,cents per kilowatt-hour,million kilowatt hours,2017,3
CA,California,COM,commercial,14.34,8391.94727,cents per kilowatt-hour,million kilowatt hours,2017,2
CA,California,IND,industrial,10.72,3371.77433,cents per kilowatt-hour,million kilowatt hours,2017,2
CA,California,RES,residential,19.0,6276.0429,cents per kilowatt-hour,million kilowatt hours,2017,2
CO,Colorado,COM,commercial,9.42,1536.20087,cents per kilowatt-hour,million kilowatt hours,2017,2
CO,Colorado,IND,industrial,7.27,1152.56425,cents per kilowatt-hour,million kilowatt hours,2017,2
CO,Colorado,RES,residential,11.96,1369.01054,cents per kilowatt-hour,million kilowatt hours,2017,2
IL,Illinois,COM,commercial,8.66,3843.64272,cents per kilowatt-hour,million kilowatt hours,2017,2
IL,Illinois,IND,industrial,6.38,3236.68112,cents per kilowatt-hour,million kilowatt hours,2017,2
IL,Illinois,RES,residential,12.51,3187.24456,cents per kilowatt-hour,million kilowatt hours,2017,2
NY,New York,COM,commercial,13.42,6248.33367,cents per kilowatt-hour,million kilowatt hours,2017,2
NY,New York,IND,industrial,4.98,1336.28653,cents per kilowatt-hour,million kilowatt hours,2017,2
NY,New York,RES,residential,17.48,3880.71148,cents per kilowatt-hour,million kilowatt hours,2017,2
TX,Texas,COM,commercial,8.48,9455.40936,cents per kilowatt-hour,million kilowatt hours,2017,2
TX,Texas,IND,industrial,5.3,8882.59538,cents per kilowatt-hour,million kilowatt hours,2017,2
TX,Texas,RES,residential,11.16,9005.66829,cents per kilowatt-hour,million kilowatt hours,2017,2
CA,California,COM,commercial,13.88,9117.81905,cents per kilowatt-hour,million kilowatt hours,2017,1
CA,California,IND,industrial,10.55,3547.02995,cents per kilowatt-hour,million kilowatt hours,2017,1
CA,California,RES,residential,18.37,7965.864,cents per kilowatt-hour,million kilowatt hours,2017,1
CO,Colorado,COM,commercial,9.12,1712.54752,cents per kilowatt-hour,million kilowatt hours,2017,1
CO,Colorado,IND,industrial,7.07,1182.54829,cents per kilowatt-hour,million kilowatt hours,2017,1
CO,Colorado,RES,residential,11.61,1726.07006,cents per kilowatt-hour,million kilowatt hours,2017,1
IL,Illinois,COM,commercial,8.49,4289.90445,cents per kilowatt-hour,million kilowatt hours,2017,1
IL,Illinois,IND,industrial,6.39,3603.34334,cents per kilowatt-hour,million kilowatt hours,2017,1
IL,Illinois,RES,residential,11.55,4149.19314,cents per kilowatt-hour,million kilowatt hours,2017,1
NY,New York,COM,commercial,13.88,6358.59209,cents per kilowatt-hour,million kilowatt hours,2017,1
NY,New York,IND,industrial,5.87,1366.43711,cents per kilowatt-hour,million kilowatt hours,2017,1
NY,New York,RES,residential,17.3,4450.51891,cents per kilowatt-hour,million kilowatt hours,2017,1
TX,Texas,COM,commercial,8.32,10636.20946,cents per kilowatt-hour,million kilowatt hours,2017,1
TX,Texas,IND,industrial,5.34,9764.67063,cents per kilowatt-hour,million kilowatt hours,2017,1
TX,Texas,RES,residential,10.74,11943.94789,cents per kilowatt-hour,million kilowatt hours,2017,1
CA,California,COM,commercial,13.82,9583.09332,cents per kilowatt-hour,million kilowatt hours,2016,12
CA,California,IND,industrial,10.89,3788.46213,cents per kilowatt-hour,million kilowatt hours,2016,12
CA,California,RES,residential,18.16,7308.55901,cents per kilowatt-hour,million kilowatt hours,2016,12
CO,Colorado,COM,commercial,9.36,1761.51327,cents per kilowatt-hour,million kilowatt hours,2016,12
CO,Colorado,IND,industrial,7.5,1256.51547,cents per kilowatt-hour,million kilowatt hours,2016,12
CO,Colorado,RES,residential,11.88,1697.32747,cents per kilowatt-hour,million kilowatt hours,2016,12
IL,Illinois,COM,commercial,8.82,4322.48112,cents per kilowatt-hour,million kilowatt hours,2016,12
IL,Illinois,IND,industrial,6.16,3674.96094,cents per kilowatt-hour,million kilowatt hours,2016,12
IL,Illinois,RES,residential,11.95,4132.30837,cents per kilowatt-hour,million kilowatt hours,2016,12
NY,New York,COM,commercial,13.75,6146.36853,cents per kilowatt-hour,million kilowatt hours,2016,12
NY,New York,IND,industrial,5.83,1458.61421,cents per kilowatt-hour,million kilowatt hours,2016,12
NY,New York,RES,residential,17.17,4122.24042,cents per kilowatt-hour,million kilowatt hours,2016,12
TX,Texas,COM,commercial,8.21,10637.84052,cents per kilowatt-hour,million kilowatt hours,2016,12
TX,Texas,IND,industrial,5.31,9421.67483,cents per kilowatt-hour,million kilowatt hours,2016,12
TX,Texas,RES,residential,10.85,10539.08117,cents per kilowatt-hour,million kilowatt hours,2016,12
CA,California,COM,commercial,14.29,9447.86488,cents per kilowatt-hour,million kilowatt hours,2016,11
CA,California,IND,industrial,11.84,4050.47532,cents per kilowatt-hour,million kilowatt hours,2016,11
CA,California,RES,residential,17.93,6187.82897,cents per kilowatt-hour,million kilowatt hours,2016,11
CO,Colorado,COM,commercial,9.81,1605.83401,cents per kilowatt-hour,million kilowatt hours,2016,11
CO,Colorado,IND,industrial,7.45,1277.2168,cents per kilowatt-hour,million kilowatt hours,2016,11
CO,Colorado,RES,residential,12.27,1335.71745,cents per kilowatt-hour,million kilowatt hours,2016,11
IL,Illinois,COM,commercial,9.08,3817.93946,cents per kilowatt-hour,million kilowatt hours,2016,11
IL,Illinois,IND,industrial,6.45,3323.0647,cents per kilowatt-hour,million kilowatt hours,2016,11
IL,Illinois,RES,residential,13.14,2983.26912,cents per kilowatt-hour,million kilowatt hours,2016,11
NY,New York,COM,commercial,13.99,5848.51007,cents per kilowatt-hour,million kilowatt hours,2016,11
NY,New York,IND,industrial,6.59,1475.96703,cents per kilowatt-hour,million kilowatt hours,2016,11
NY,New York,RES,residential,17.73,3513.42322,cents per kilowatt-hour,million kilowatt hours,2016,11
TX,Texas,COM,commercial,8.23,10743.90808,cents per kilowatt-hour,million kilowatt hours,2016,11
TX,Texas,IND,industrial,5.38,9087.03168,cents per kilowatt-hour,million kilowatt hours,2016,11
TX,Texas,RES,residential,11.1,9207.04661,cents per kilowatt-hour,million kilowatt hours,2016,11
CA,California,COM,commercial,15.78,9904.46742,cents per kilowatt-hour,million kilowatt hours,2016,10
CA,California,IND,industrial,10.65,4331.86072,cents per kilowatt-hour,million kilowatt hours,2016,10
CA,California,RES,residential,13.93,7101.40666,cents per kilowatt-hour,million kilowatt hours,2016,10
CO,Colorado,COM,commercial,9.92,1727.00441,cents per kilowatt-hour,million kilowatt hours,2016,10
CO,Colorado,IND,industrial,7.4,1275.12222,cents per kilowatt-hour,million kilowatt hours,2016,10
CO,Colorado,RES,residential,12.1,1334.58792,cents per kilowatt-hour,million kilowatt hours,2016,10
IL,Illinois,COM,commercial,9.17,4049.65216,cents per kilowatt-hour,million kilowatt hours,2016,10
IL,Illinois,IND,industrial,6.67,3613.75326,cents per kilowatt-hour,million kilowatt hours,2016,10
IL,Illinois,RES,residential,13.03,2971.29254,cents per kilowatt-hour,million kilowatt hours,2016,10
NY,New York,COM,commercial,14.85,6145.48869,cents per kilowatt-hour,million kilowatt hours,2016,10
NY,New York,IND,industrial,5.95,1397.32239,cents per kilowatt-hour,million kilowatt hours,2016,10
NY,New York,RES,residential,18.26,3716.53721,cents per kilowatt-hour,million kilowatt hours,2016,10
TX,Texas,COM,commercial,8.35,12140.12396,cents per kilowatt-hour,million kilowatt hours,2016,10
TX,Texas,IND,industrial,5.34,9917.37382,cents per kilowatt-hour,million kilowatt hours,2016,10
TX,Texas,RES,residential,11.02,12149.4432,cents per kilowatt-hour,million kilowatt hours,2016,10
CA,California,COM,commercial,16.72,10712.21306,cents per kilowatt-hour,million kilowatt hours,2016,9
CA,California,IND,industrial,13.65,4951.04068,cents per kilowatt-hour,million kilowatt hours,2016,9
CA,California,RES,residential,18.22,8463.24689,cents per kilowatt-hour,million kilowatt hours,2016,9
CO,Colorado,COM,commercial,10.33,1808.67708,cents per kilowatt-hour,million kilowatt hours,2016,9
CO,Colorado,IND,industrial,7.82,1283.60196,cents per kilowatt-hour,million kilowatt hours,2016,9
CO,Colorado,RES,residential,12.84,1571.14899,cents per kilowatt-hour,million kilowatt hours,2016,9
IL,Illinois,COM,commercial,9.12,4502.70457,cents per kilowatt-hour,million kilowatt hours,2016,9
IL,Illinois,IND,industrial,6.63,3702.13431,cents per kilowatt-hour,million kilowatt hours,2016,9
IL,Illinois,RES,residential,12.53,3945.17437,cents per kilowatt-hour,million kilowatt hours,2016,9
NY,New York,COM,commercial,15.76,7204.13879,cents per kilowatt-hour,million kilowatt hours,2016,9
NY,New York,IND,industrial,6.18,1499.38651,cents per kilowatt-hour,million kilowatt hours,2016,9
NY,New York,RES,residential,18.36,5108.5693,cents per kilowatt-hour,million kilowatt hours,2016,9
TX,Texas,COM,commercial,8.23,13398.84805,cents per kilowatt-hour,million kilowatt hours,2016,9
TX,Texas,IND,industrial,5.52,9739.35484,cents per kilowatt-hour,million kilowatt hours,2016,9
TX,Texas,RES,residential,11.11,15412.97716,cents per kilowatt-hour,million kilowatt hours,2016,9
CA,California,COM,commercial,16.92,11631.44662,cents per kilowatt-hour,million kilowatt hours,2016,8
CA,California,IND,industrial,13.93,5137.64995,cents per kilowatt-hour,million kilowatt hours,2016,8
CA,California,RES,residential,18.87,10181.05612,cents per kilowatt-hour,million kilowatt hours,2016,8
CO,Colorado,COM,commercial,10.12,1928.10455,cents per kilowatt-hour,million kilowatt hours,2016,8
CO,Colorado,IND,industrial,7.62,1424.70391,cents per kilowatt-hour,million kilowatt hours,2016,8
CO,Colorado,RES,residential,12.83,1900.09347,cents per kilowatt-hour,million kilowatt hours,2016,8
IL,Illinois,COM,commercial,9.13,4968.41821,cents per kilowatt-hour,million kilowatt hours,2016,8
IL,Illinois,IND,industrial,6.72,4080.15956,cents per kilowatt-hour,million kilowatt hours,2016,8
IL,Illinois,RES,residential,12.24,5405.32293,cents per kilowatt-hour,million kilowatt hours,2016,8
NY,New York,COM,commercial,15.56,7559.33705,cents per kilowatt-hour,million kilowatt hours,2016,8
NY,New York,IND,industrial,6.28,1566.91034,cents per kilowatt-hour,million kilowatt hours,2016,8
NY,New York,RES,residential,17.99,5908.40722,cents per kilowatt-hour,million kilowatt hours,2016,8
TX,Texas,COM,commercial,8.12,14327.56614,cents per kilowatt-hour,million kilowatt hours,2016,8
TX,Texas,IND,industrial,5.45,10090.05017,cents per kilowatt-hour,million kilowatt hours,2016,8
TX,Texas,RES,residential,10.91,17705.20849,cents per kilowatt-hour,million kilowatt hours,2016,8
CA,California,COM,commercial,16.84,10160.72199,cents per kilowatt-hour,million kilowatt hours,2016,7
CA,California,IND,industrial,13.93,4790.6074,cents per kilowatt-hour,million kilowatt hours,2016,7
CA,California,RES,residential,18.47,8886.25282,cents per kilowatt-hour,million kilowatt hours,2016,7
CO,Colorado,COM,commercial,9.94,1998.55817,cents per kilowatt-hour,million kilowatt hours,2016,7
CO,Colorado,IND,industrial,7.7,1340.93958,cents per kilowatt-hour,million kilowatt hours,2016,7
CO,Colorado,RES,residential,12.46,2062.01651,cents per kilowatt-hour,million kilowatt hours,2016,7
IL,Illinois,COM,commercial,9.28,4764.65453,cents per kilowatt-hour,million kilowatt hours,2016,7
IL,Illinois,IND,industrial,6.61,4037.24943,cents per kilowatt-hour,million kilowatt hours,2016,7
IL,Illinois,RES,residential,12.35,5271.96521,cents per kilowatt-hour,million kilowatt hours,2016,7
NY,New York,COM,commercial,15.66,7257.73226,cents per kilowatt-hour,million kilowatt hours,2016,7
NY,New York,IND,industrial,5.59,1552.2876,cents per kilowatt-hour,million kilowatt hours,2016,7
NY,New York,RES,residential,17.93,5379.17528,cents per kilowatt-hour,million kilowatt hours,2016,7
TX,Texas,COM,commercial,8.13,13438.67085,cents per kilowatt-hour,million kilowatt hours,2016,7
TX,Texas,IND,industrial,5.47,9909.67098,cents per kilowatt-hour,million kilowatt hours,2016,7
TX,Texas,RES,residential,10.83,17614.42456,cents per kilowatt-hour,million kilowatt hours,2016,7
CA,California,COM,commercial,15.96,10124.18951,cents per kilowatt-hour,million kilowatt hours,2016,6
CA,California,IND,industrial,13.44,4595.74921,cents per kilowatt-hour,million kilowatt hours,2016,6
CA,California,RES,residential,18.09,7567.75588,cents per kilowatt-hour,million kilowatt hours,2016,6
CO,Colorado,COM,commercial,10.17,1794.02144,cents per kilowatt-hour,million kilowatt hours,2016,6
CO,Colorado,IND,industrial,7.65,1276.37016,cents per kilowatt-hour,million kilowatt hours,2016,6
CO,Colorado,RES,residential,12.59,1707.63518,cents per kilowatt-hour,million kilowatt hours,2016,6
IL,Illinois,COM,commercial,8.99,4467.98391,cents per kilowatt-hour,million kilowatt hours,2016,6
IL,Illinois,IND,industrial,6.48,3576.05237,cents per kilowatt-hour,million kilowatt hours,2016,6
IL,Illinois,RES,residential,12.54,4455.68725,cents per kilowatt-hour,million kilowatt hours,2016,6
NY,New York,COM,commercial,15.1,6487.5428,cents per kilowatt-hour,million kilowatt hours,2016,6
NY,New York,IND,industrial,6.7,1501.03568,cents per kilowatt-hour,million kilowatt hours,2016,6
NY,New York,RES,residential,17.87,4083.39757,cents per kilowatt-hour,million kilowatt hours,2016,6
TX,Texas,COM,commercial,8.3,12479.53785,cents per kilowatt-hour,million kilowatt hours,2016,6
TX,Texas,IND,industrial,5.4,9543.28954,cents per kilowatt-hour,million kilowatt hours,2016,6
TX,Texas,RES,residential,10.95,13698.76023,cents per kilowatt-hour,million kilowatt hours,2016,6
CA,California,COM,commercial,14.54,9226.33494,cents per kilowatt-hour,million kilowatt hours,2016,5
CA,California,IND,industrial,11.51,4124.66908,cents per kilowatt-hour,million kilowatt hours,2016,5
CA,California,RES,residential,17.71,5979.71073,cents per kilowatt-hour,million kilowatt hours,2016,5
CO,Colorado,COM,commercial,9.49,1656.2322,cents per kilowatt-hour,million kilowatt hours,2016,5
CO,Colorado,IND,industrial,7.06,1227.49041,cents per kilowatt-hour,million kilowatt hours,2016,5
CO,Colorado,RES,residential,11.69,1357.35313,cents per kilowatt-hour,million kilowatt hours,2016,5
IL,Illinois,COM,commercial,9.3,3923.25805,cents per kilowatt-hour,million kilowatt hours,2016,5
IL,Illinois,IND,industrial,6.48,3613.39991,cents per kilowatt-hour,million kilowatt hours,2016,5
IL,Illinois,RES,residential,13.61,3004.4814,cents per kilowatt-hour,million kilowatt hours,2016,5
NY,New York,COM,commercial,13.57,5767.40429,cents per kilowatt-hour,million kilowatt hours,2016,5
NY,New York,IND,industrial,5.72,1466.35758,cents per kilowatt-hour,million kilowatt hours,2016,5
NY,New York,RES,residential,17.71,3323.30219,cents per kilowatt-hour,million kilowatt hours,2016,5
TX,Texas,COM,commercial,8.26,10956.52403,cents per kilowatt-hour,million kilowatt hours,2016,5
TX,Texas,IND,industrial,5.21,9270.07894,cents per kilowatt-hour,million kilowatt hours,2016,5
TX,Texas,RES,residential,11.1,9964.08107,cents per kilowatt-hour,million kilowatt hours,2016,5
CA,California,COM,commercial,13.7,9105.54028,cents per kilowatt-hour,million kilowatt hours,2016,4
CA,California,IND,industrial,10.49,4057.44691,cents per kilowatt-hour,million kilowatt hours,2016,4
CA,California,RES,residential,12.39,5918.56689,cents per kilowatt-hour,million kilowatt hours,2016,4
CO,Colorado,COM,commercial,9.41,1540.53603,cents per kilowatt-hour,million kilowatt hours,2016,4
CO,Colorado,IND,industrial,7.11,1185.50786,cents per kilowatt-hour,million kilowatt hours,2016,4
CO,Colorado,RES,residential,11.82,1281.63323,cents per kilowatt-hour,million kilowatt hours,2016,4
IL,Illinois,COM,commercial,8.95,3827.57731,cents per kilowatt-hour,million kilowatt hours,2016,4
IL,Illinois,IND,industrial,6.45,3447.82362,cents per kilowatt-hour,million kilowatt hours,2016,4
IL,Illinois,RES,residential,13.09,2814.26104,cents per kilowatt-hour,million kilowatt hours,2016,4
NY,New York,COM,commercial,13.77,5674.9022,cents per kilowatt-hour,million kilowatt hours,2016,4
NY,New York,IND,industrial,5.94,1461.07282,cents per kilowatt-hour,million kilowatt hours,2016,4
NY,New York,RES,residential,17.38,3379.1624,cents per kilowatt-hour,million kilowatt hours,2016,4
TX,Texas,COM,commercial,8.22,10222.56787,cents per kilowatt-hour,million kilowatt hours,2016,4
TX,Texas,IND,industrial,5.12,9116.78702,cents per kilowatt-hour,million kilowatt hours,2016,4
TX,Texas,RES,residential,11.26,8486.35561,cents per kilowatt-hour,million kilowatt hours,2016,4
CA,California,COM,commercial,13.78,9474.35786,cents per kilowatt-hour,million kilowatt hours,2016,3
CA,California,IND,industrial,10.24,4237.69272,cents per kilowatt-hour,million kilowatt hours,2016,3
CA,California,RES,residential,17.65,6446.87739,cents per kilowatt-hour,million kilowatt hours,2016,3
CO,Colorado,COM,commercial,8.94,1669.38569,cents per kilowatt-hour,million kilowatt hours,2016,3
CO,Colorado,IND,industrial,6.91,1187.32016,cents per kilowatt-hour,million kilowatt hours,2016,3
CO,Colorado,RES,residential,11.4,1425.39872,cents per kilowatt-hour,million kilowatt hours,2016,3
IL,Illinois,COM,commercial,8.92,3907.78165,cents per kilowatt-hour,million kilowatt hours,2016,3
IL,Illinois,IND,industrial,6.42,3642.55313,cents per kilowatt-hour,million kilowatt hours,2016,3
IL,Illinois,RES,residential,12.88,3180.57465,cents per kilowatt-hour,million kilowatt hours,2016,3
NY,New York,COM,commercial,13.54,6120.76333,cents per kilowatt-hour,million kilowatt hours,2016,3
NY,New York,IND,industrial,5.97,1407.4461,cents per kilowatt-hour,million kilowatt hours,2016,3
NY,New York,RES,residential,16.79,3871.53938,cents per kilowatt-hour,million kilowatt hours,2016,3
TX,Texas,COM,commercial,8.38,10191.05737,cents per kilowatt-hour,million kilowatt hours,2016,3
TX,Texas,IND,industrial,5.23,9139.62811,cents per kilowatt-hour,million kilowatt hours,2016,3
TX,Texas,RES,residential,11.19,8743.34671,cents per kilowatt-hour,million kilowatt hours,2016,3
CA,California,COM,commercial,13.75,8591.01838,cents per kilowatt-hour,million kilowatt hours,2016,2
CA,California,IND,industrial,10.24,3462.98081,cents per kilowatt-hour,million kilowatt hours,2016,2
CA,California,RES,residential,17.68,6480.6286,cents per kilowatt-hour,million kilowatt hours,2016,2
CO,Colorado,COM,commercial,8.87,1584.34148,cents per kilowatt-hour,million kilowatt hours,2016,2
CO,Colorado,IND,industrial,6.94,1164.46926,cents per kilowatt-hour,million kilowatt hours,2016,2
CO,Colorado,RES,residential,11.44,1441.84287,cents per kilowatt-hour,million kilowatt hours,2016,2
IL,Illinois,COM,commercial,8.75,3958.07961,cents per kilowatt-hour,million kilowatt hours,2016,2
IL,Illinois,IND,industrial,6.54,3470.97013,cents per kilowatt-hour,million kilowatt hours,2016,2
IL,Illinois,RES,residential,12.27,3616.92363,cents per kilowatt-hour,million kilowatt hours,2016,2
NY,New York,COM,commercial,13.57,6054.60698,cents per kilowatt-hour,million kilowatt hours,2016,2
NY,New York,IND,industrial,6.08,1449.25203,cents per kilowatt-hour,million kilowatt hours,2016,2
NY,New York,RES,residential,16.76,4083.64345,cents per kilowatt-hour,million kilowatt hours,2016,2
TX,Texas,COM,commercial,8.4,9947.19035,cents per kilowatt-hour,million kilowatt hours,2016,2
TX,Texas,IND,industrial,5.21,8750.48525,cents per kilowatt-hour,million kilowatt hours,2016,2
TX,Texas,RES,residential,10.99,10363.05456,cents per kilowatt-hour,million kilowatt hours,2016,2
CA,California,COM,commercial,13.66,8813.43573,cents per kilowatt-hour,million kilowatt hours,2016,1
CA,California,IND,industrial,10.38,3450.48908,cents per kilowatt-hour,million kilowatt hours,2016,1
CA,California,RES,residential,17.77,7789.17903,cents per kilowatt-hour,million kilowatt hours,2016,1
CO,Colorado,COM,commercial,8.54,1725.92767,cents per kilowatt-hour,million kilowatt hours,2016,1
CO,Colorado,IND,industrial,6.86,1204.17622,cents per kilowatt-hour,million kilowatt hours,2016,1
CO,Colorado,RES,residential,11.15,1718.96706,cents per kilowatt-hour,million kilowatt hours,2016,1
IL,Illinois,COM,commercial,8.69,4399.52341,cents per kilowatt-hour,million kilowatt hours,2016,1
IL,Illinois,IND,industrial,6.46,3449.63267,cents per kilowatt-hour,million kilowatt hours,2016,1
IL,Illinois,RES,residential,11.77,4208.79148,cents per kilowatt-hour,million kilowatt hours,2016,1
NY,New York,COM,commercial,13.41,6240.17301,cents per kilowatt-hour,million kilowatt hours,2016,1
NY,New York,IND,industrial,5.51,1473.56571,cents per kilowatt-hour,million kilowatt hours,2016,1
NY,New York,RES,residential,16.56,4341.8894,cents per kilowatt-hour,million kilowatt hours,2016,1
TX,Texas,COM,commercial,8.32,10620.43891,cents per kilowatt-hour,million kilowatt hours,2016,1
TX,Texas,IND,industrial,5.25,9417.28771,cents per kilowatt-hour,million kilowatt hours,2016,1
TX,Texas,RES,residential,10.88,12089.40158,cents per kilowatt-hour,million kilowatt hours,2016,1
CA,California,COM,commercial,13.73,9726.12798,cents per kilowatt-hour,million kilowatt hours,2015,12
CA,California,IND,industrial,10.51,3946.44339,cents per kilowatt-hour,million kilowatt hours,2015,12
CA,California,RES,residential,17.29,7801.41998,cents per kilowatt-hour,million kilowatt hours,2015,12
CO,Colorado,COM,commercial,9.41,1685.4569,cents per kilowatt-hour,million kilowatt hours,2015,12
CO,Colorado,IND,industrial,7.17,1234.03809,cents per kilowatt-hour,million kilowatt hours,2015,12
CO,Colorado,RES,residential,11.6,1685.3337,cents per kilowatt-hour,million kilowatt hours,2015,12
IL,Illinois,COM,commercial,8.53,4041.88621,cents per kilowatt-hour,million kilowatt hours,2015,12
IL,Illinois,IND,industrial,6.41,3315.87439,cents per kilowatt-hour,million kilowatt hours,2015,12
IL,Illinois,RES,residential,11.82,3720.99587,cents per kilowatt-hour,million kilowatt hours,2015,12
NY,New York,COM,commercial,13.91,6130.81084,cents per kilowatt-hour,million kilowatt hours,2015,12
NY,New York,IND,industrial,5.72,1445.99794,cents per kilowatt-hour,million kilowatt hours,2015,12
NY,New York,RES,residential,17.5,3978.74351,cents per kilowatt-hour,million kilowatt hours,2015,12
TX,Texas,COM,commercial,7.89,10084.76803,cents per kilowatt-hour,million kilowatt hours,2015,12
TX,Texas,IND,industrial,5.29,9049.90024,cents per kilowatt-hour,million kilowatt hours,2015,12
TX,Texas,RES,residential,11.19,10065.33957,cents per kilowatt-hour,million kilowatt hours,2015,12
CA,California,COM,commercial,14.76,9367.6962,cents per kilowatt-hour,million kilowatt hours,2015,11
CA,California,IND,industrial,12.07,4019.473,cents per kilowatt-hour,million kilowatt hours,2015,11
CA,California,RES,residential,17.33,6432.32709,cents per kilowatt-hour,million kilowatt hours,2015,11
CO,Colorado,COM,commercial,9.86,1632.09951,cents per kilowatt-hour,million kilowatt hours,2015,11
CO,Colorado,IND,industrial,7.14,1258.36946,cents per kilowatt-hour,million kilowatt hours,2015,11
CO,Colorado,RES,residential,11.72,1412.32354,cents per kilowatt-hour,million kilowatt hours,2015,11
IL,Illinois,COM,commercial,8.99,3821.51677,cents per kilowatt-hour,million kilowatt hours,2015,11
IL,Illinois,IND,industrial,6.45,3319.46215,cents per kilowatt-hour,million kilowatt hours,2015,11
IL,Illinois,RES,residential,13.27,3144.7352,cents per kilowatt-hour,million kilowatt hours,2015,11
NY,New York,COM,commercial,14.04,5813.20097,cents per kilowatt-hour,million kilowatt hours,2015,11
NY,New York,IND,industrial,5.87,1483.19383,cents per kilowatt-hour,million kilowatt hours,2015,11
NY,New York,RES,residential,18.23,3380.1843,cents per kilowatt-hour,million kilowatt hours,2015,11
TX,Texas,COM,commercial,7.95,10009.08874,cents per kilowatt-hour,million kilowatt hours,2015,11
TX,Texas,IND,industrial,5.23,8809.43133,cents per kilowatt-hour,million kilowatt hours,2015,11
TX,Texas,RES,residential,11.38,8391.00308,cents per kilowatt-hour,million kilowatt hours,2015,11
CA,California,COM,commercial,17.07,11048.66021,cents per kilowatt-hour,million kilowatt hours,2015,10
CA,California,IND,industrial,13.56,4786.31084,cents per kilowatt-hour,million kilowatt hours,2015,10
CA,California,RES,residential,14.96,8418.08959,cents per kilowatt-hour,million kilowatt hours,2015,10
CO,Colorado,COM,commercial,9.91,1724.24333,cents per kilowatt-hour,million kilowatt hours,2015,10
CO,Colorado,IND,industrial,7.44,1306.50871,cents per kilowatt-hour,million kilowatt hours,2015,10
CO,Colorado,RES,residential,11.88,1426.28353,cents per kilowatt-hour,million kilowatt hours,2015,10
IL,Illinois,COM,commercial,9.1,3998.59602,cents per kilowatt-hour,million kilowatt hours,2015,10
IL,Illinois,IND,industrial,6.61,3475.63741,cents per kilowatt-hour,million kilowatt hours,2015,10
IL,Illinois,RES,residential,13.58,2857.29835,cents per kilowatt-hour,million kilowatt hours,2015,10
NY,New York,COM,commercial,15.33,6169.12205,cents per kilowatt-hour,million kilowatt hours,2015,10
NY,New York,IND,industrial,6.3,1499.34374,cents per kilowatt-hour,million kilowatt hours,2015,10
NY,New York,RES,residential,18.3,3775.68335,cents per kilowatt-hour,million kilowatt hours,2015,10
TX,Texas,COM,commercial,7.92,12098.29462,cents per kilowatt-hour,million kilowatt hours,2015,10
TX,Texas,IND,industrial,5.32,9791.55368,cents per kilowatt-hour,million kilowatt hours,2015,10
TX,Texas,RES,residential,11.35,11673.44023,cents per kilowatt-hour,million kilowatt hours,2015,10
CA,California,COM,commercial,18.14,11123.15109,cents per kilowatt-hour,million kilowatt hours,2015,9
CA,California,IND,industrial,13.76,4883.25928,cents per kilowatt-hour,million kilowatt hours,2015,9
CA,California,RES,residential,18.35,9469.76352,cents per kilowatt-hour,million kilowatt hours,2015,9
CO,Colorado,COM,commercial,10.21,1819.73391,cents per kilowatt-hour,million kilowatt hours,2015,9
CO,Colorado,IND,industrial,7.56,1361.09066,cents per kilowatt-hour,million kilowatt hours,2015,9
CO,Colorado,RES,residential,12.57,1586.79669,cents per kilowatt-hour,million kilowatt hours,2015,9
IL,Illinois,COM,commercial,9.19,4371.27544,cents per kilowatt-hour,million kilowatt hours,2015,9
IL,Illinois,IND,industrial,6.66,3770.2755,cents per kilowatt-hour,million kilowatt hours,2015,9
IL,Illinois,RES,residential,12.8,3790.16287,cents per kilowatt-hour,million kilowatt hours,2015,9
NY,New York,COM,commercial,16.13,7158.92221,cents per kilowatt-hour,million kilowatt hours,2015,9
NY,New York,IND,industrial,6.53,1596.84764,cents per kilowatt-hour,million kilowatt hours,2015,9
NY,New York,RES,residential,18.38,4949.53156,cents per kilowatt-hour,million kilowatt hours,2015,9
TX,Texas,COM,commercial,8.11,12797.16859,cents per kilowatt-hour,million kilowatt hours,2015,9
TX,Texas,IND,industrial,5.53,9747.82575,cents per kilowatt-hour,million kilowatt hours,2015,9
TX,Texas,RES,residential,11.51,15031.7611,cents per kilowatt-hour,million kilowatt hours,2015,9
CA,California,COM,commercial,18.06,10601.32438,cents per kilowatt-hour,million kilowatt hours,2015,8
CA,California,IND,industrial,13.68,5001.47127,cents per kilowatt-hour,million kilowatt hours,2015,8
CA,California,RES,residential,18.2,8880.26306,cents per kilowatt-hour,million kilowatt hours,2015,8
CO,Colorado,COM,commercial,10.23,1938.21512,cents per kilowatt-hour,million kilowatt hours,2015,8
CO,Colorado,IND,industrial,7.67,1397.88247,cents per kilowatt-hour,million kilowatt hours,2015,8
CO,Colorado,RES,residential,12.58,1910.80101,cents per kilowatt-hour,million kilowatt hours,2015,8
IL,Illinois,COM,commercial,9.22,4675.55921,cents per kilowatt-hour,million kilowatt hours,2015,8
IL,Illinois,IND,industrial,6.85,3732.68956,cents per kilowatt-hour,million kilowatt hours,2015,8
IL,Illinois,RES,residential,12.52,4656.09442,cents per kilowatt-hour,million kilowatt hours,2015,8
NY,New York,COM,commercial,15.96,7287.37175,cents per kilowatt-hour,million kilowatt hours,2015,8
NY,New York,IND,industrial,6.33,1589.21251,cents per kilowatt-hour,million kilowatt hours,2015,8
NY,New York,RES,residential,18.38,5337.1559,cents per kilowatt-hour,million kilowatt hours,2015,8
TX,Texas,COM,commercial,8.12,13519.97126,cents per kilowatt-hour,million kilowatt hours,2015,8
TX,Texas,IND,industrial,5.81,9789.55942,cents per kilowatt-hour,million kilowatt hours,2015,8
TX,Texas,RES,residential,11.43,17396.11059,cents per kilowatt-hour,million kilowatt hours,2015,8
CA,California,COM,commercial,18.32,10907.02977,cents per kilowatt-hour,million kilowatt hours,2015,7
CA,California,IND,industrial,14.07,5056.12428,cents per kilowatt-hour,million kilowatt hours,2015,7
CA,California,RES,residential,17.96,9157.52983,cents per kilowatt-hour,million kilowatt hours,2015,7
CO,Colorado,COM,commercial,10.28,1842.29114,cents per kilowatt-hour,million kilowatt hours,2015,7
CO,Colorado,IND,industrial,7.76,1367.07143,cents per kilowatt-hour,million kilowatt hours,2015,7
CO,Colorado,RES,residential,12.71,1803.96733,cents per kilowatt-hour,million kilowatt hours,2015,7
IL,Illinois,COM,commercial,9.13,4677.38787,cents per kilowatt-hour,million kilowatt hours,2015,7
IL,Illinois,IND,industrial,6.71,3852.41122,cents per kilowatt-hour,million kilowatt hours,2015,7
IL,Illinois,RES,residential,12.56,4740.48992,cents per kilowatt-hour,million kilowatt hours,2015,7
NY,New York,COM,commercial,16.2,7125.7338,cents per kilowatt-hour,million kilowatt hours,2015,7
NY,New York,IND,industrial,6.25,1563.92819,cents per kilowatt-hour,million kilowatt hours,2015,7
NY,New York,RES,residential,18.71,4864.37581,cents per kilowatt-hour,million kilowatt hours,2015,7
TX,Texas,COM,commercial,8.07,13316.79372,cents per kilowatt-hour,million kilowatt hours,2015,7
TX,Texas,IND,industrial,5.71,10140.12367,cents per kilowatt-hour,million kilowatt hours,2015,7
TX,Texas,RES,residential,11.5,16701.29352,cents per kilowatt-hour,million kilowatt hours,2015,7
CA,California,COM,commercial,16.85,10051.10054,cents per kilowatt-hour,million kilowatt hours,2015,6
CA,California,IND,industrial,13.1,4787.0745,cents per kilowatt-hour,million kilowatt hours,2015,6
CA,California,RES,residential,17.19,7182.28028,cents per kilowatt-hour,million kilowatt hours,2015,6
CO,Colorado,COM,commercial,9.71,1687.65488,cents per kilowatt-hour,million kilowatt hours,2015,6
CO,Colorado,IND,industrial,7.57,1293.0825,cents per kilowatt-hour,million kilowatt hours,2015,6
CO,Colorado,RES,residential,12.57,1550.42461,cents per kilowatt-hour,million kilowatt hours,2015,6
IL,Illinois,COM,commercial,8.92,4285.42253,cents per kilowatt-hour,million kilowatt hours,2015,6
IL,Illinois,IND,industrial,6.49,3648.29494,cents per kilowatt-hour,million kilowatt hours,2015,6
IL,Illinois,RES,residential,12.58,3772.23523,cents per kilowatt-hour,million kilowatt hours,2015,6
NY,New York,COM,commercial,16.29,6458.80922,cents per kilowatt-hour,million kilowatt hours,2015,6
NY,New York,IND,industrial,6.01,1938.19839,cents per kilowatt-hour,million kilowatt hours,2015,6
NY,New York,RES,residential,18.76,4010.41835,cents per kilowatt-hour,million kilowatt hours,2015,6
TX,Texas,COM,commercial,8.26,12081.41208,cents per kilowatt-hour,million kilowatt hours,2015,6
TX,Texas,IND,industrial,5.6,9635.01036,cents per kilowatt-hour,million kilowatt hours,2015,6
TX,Texas,RES,residential,11.78,12990.15865,cents per kilowatt-hour,million kilowatt hours,2015,6
CA,California,COM,commercial,14.81,9061.86732,cents per kilowatt-hour,million kilowatt hours,2015,5
CA,California,IND,industrial,11.32,4392.0454,cents per kilowatt-hour,million kilowatt hours,2015,5
CA,California,RES,residential,17.31,5923.0277,cents per kilowatt-hour,million kilowatt hours,2015,5
CO,Colorado,COM,commercial,10.03,1659.88473,cents per kilowatt-hour,million kilowatt hours,2015,5
CO,Colorado,IND,industrial,7.38,1215.22675,cents per kilowatt-hour,million kilowatt hours,2015,5
CO,Colorado,RES,residential,12.1,1290.89022,cents per kilowatt-hour,million kilowatt hours,2015,5
IL,Illinois,COM,commercial,8.93,4064.75232,cents per kilowatt-hour,million kilowatt hours,2015,5
IL,Illinois,IND,industrial,6.23,3638.85084,cents per kilowatt-hour,million kilowatt hours,2015,5
IL,Illinois,RES,residential,13.26,3004.835,cents per kilowatt-hour,million kilowatt hours,2015,5
NY,New York,COM,commercial,14.51,5899.78202,cents per kilowatt-hour,million kilowatt hours,2015,5
NY,New York,IND,industrial,5.76,1080.42278,cents per kilowatt-hour,million kilowatt hours,2015,5
NY,New York,RES,residential,18.06,3444.00853,cents per kilowatt-hour,million kilowatt hours,2015,5
TX,Texas,COM,commercial,8.21,10588.54603,cents per kilowatt-hour,million kilowatt hours,2015,5
TX,Texas,IND,industrial,5.56,9122.37774,cents per kilowatt-hour,million kilowatt hours,2015,5
TX,Texas,RES,residential,12.04,9523.39753,cents per kilowatt-hour,million kilowatt hours,2015,5
CA,California,COM,commercial,13.85,9480.84142,cents per kilowatt-hour,million kilowatt hours,2015,4
CA,California,IND,industrial,10.39,4436.8213,cents per kilowatt-hour,million kilowatt hours,2015,4
CA,California,RES,residential,12.45,6018.94978,cents per kilowatt-hour,million kilowatt hours,2015,4
CO,Colorado,COM,commercial,9.97,1563.85909,cents per kilowatt-hour,million kilowatt hours,2015,4
CO,Colorado,IND,industrial,7.4,1211.43734,cents per kilowatt-hour,million kilowatt hours,2015,4
CO,Colorado,RES,residential,12.14,1245.47431,cents per kilowatt-hour,million kilowatt hours,2015,4
IL,Illinois,COM,commercial,8.95,3712.01979,cents per kilowatt-hour,million kilowatt hours,2015,4
IL,Illinois,IND,industrial,6.39,3413.52305,cents per kilowatt-hour,million kilowatt hours,2015,4
IL,Illinois,RES,residential,13.31,2763.49173,cents per kilowatt-hour,million kilowatt hours,2015,4
NY,New York,COM,commercial,14.46,5868.8348,cents per kilowatt-hour,million kilowatt hours,2015,4
NY,New York,IND,industrial,6.31,1520.35198,cents per kilowatt-hour,million kilowatt hours,2015,4
NY,New York,RES,residential,17.72,3689.89376,cents per kilowatt-hour,million kilowatt hours,2015,4
TX,Texas,COM,commercial,7.98,10540.04355,cents per kilowatt-hour,million kilowatt hours,2015,4
TX,Texas,IND,industrial,5.54,8870.68519,cents per kilowatt-hour,million kilowatt hours,2015,4
TX,Texas,RES,residential,12.1,8528.28087,cents per kilowatt-hour,million kilowatt hours,2015,4
CA,California,COM,commercial,13.87,9471.76769,cents per kilowatt-hour,million kilowatt hours,2015,3
CA,California,IND,industrial,10.63,3957.84147,cents per kilowatt-hour,million kilowatt hours,2015,3
CA,California,RES,residential,17.01,6408.48868,cents per kilowatt-hour,million kilowatt hours,2015,3
CO,Colorado,COM,commercial,9.84,1642.96588,cents per kilowatt-hour,million kilowatt hours,2015,3
CO,Colorado,IND,industrial,7.27,1227.00657,cents per kilowatt-hour,million kilowatt hours,2015,3
CO,Colorado,RES,residential,11.93,1396.69084,cents per kilowatt-hour,million kilowatt hours,2015,3
IL,Illinois,COM,commercial,9.45,4121.2744,cents per kilowatt-hour,million kilowatt hours,2015,3
IL,Illinois,IND,industrial,7.35,3861.02365,cents per kilowatt-hour,million kilowatt hours,2015,3
IL,Illinois,RES,residential,11.94,3715.63681,cents per kilowatt-hour,million kilowatt hours,2015,3
NY,New York,COM,commercial,15.81,6388.222,cents per kilowatt-hour,million kilowatt hours,2015,3
NY,New York,IND,industrial,7.51,1413.79018,cents per kilowatt-hour,million kilowatt hours,2015,3
NY,New York,RES,residential,18.92,4427.01344,cents per kilowatt-hour,million kilowatt hours,2015,3
TX,Texas,COM,commercial,8.49,10548.75206,cents per kilowatt-hour,million kilowatt hours,2015,3
TX,Texas,IND,industrial,5.79,8667.54624,cents per kilowatt-hour,million kilowatt hours,2015,3
TX,Texas,RES,residential,11.56,11122.51458,cents per kilowatt-hour,million kilowatt hours,2015,3
CA,California,COM,commercial,13.91,8419.06219,cents per kilowatt-hour,million kilowatt hours,2015,2
CA,California,IND,industrial,10.54,3640.99122,cents per kilowatt-hour,million kilowatt hours,2015,2
CA,California,RES,residential,17.13,6100.72632,cents per kilowatt-hour,million kilowatt hours,2015,2
CO,Colorado,COM,commercial,9.77,1522.58504,cents per kilowatt-hour,million kilowatt hours,2015,2
CO,Colorado,IND,industrial,7.35,1161.98478,cents per kilowatt-hour,million kilowatt hours,2015,2
CO,Colorado,RES,residential,11.89,1399.93821,cents per kilowatt-hour,million kilowatt hours,2015,2
IL,Illinois,COM,commercial,9.01,4102.73414,cents per kilowatt-hour,million kilowatt hours,2015,2
IL,Illinois,IND,industrial,6.96,3497.81069,cents per kilowatt-hour,million kilowatt hours,2015,2
IL,Illinois,RES,residential,11.88,4071.21052,cents per kilowatt-hour,million kilowatt hours,2015,2
NY,New York,COM,commercial,15.73,6326.25866,cents per kilowatt-hour,million kilowatt hours,2015,2
NY,New York,IND,industrial,6.85,1469.56424,cents per kilowatt-hour,million kilowatt hours,2015,2
NY,New York,RES,residential,19.75,4495.93463,cents per kilowatt-hour,million kilowatt hours,2015,2
TX,Texas,COM,commercial,8.5,9903.83625,cents per kilowatt-hour,million kilowatt hours,2015,2
TX,Texas,IND,industrial,5.84,8076.96359,cents per kilowatt-hour,million kilowatt hours,2015,2
TX,Texas,RES,residential,11.62,10984.75318,cents per kilowatt-hour,million kilowatt hours,2015,2
CA,California,COM,commercial,13.8,9125.4642,cents per kilowatt-hour,million kilowatt hours,2015,1
CA,California,IND,industrial,10.61,3654.35406,cents per kilowatt-hour,million kilowatt hours,2015,1
CA,California,RES,residential,17.4,7593.50718,cents per kilowatt-hour,million kilowatt hours,2015,1
CO,Colorado,COM,commercial,9.24,1689.09546,cents per kilowatt-hour,million kilowatt hours,2015,1
CO,Colorado,IND,industrial,6.98,1225.06225,cents per kilowatt-hour,million kilowatt hours,2015,1
CO,Colorado,RES,residential,11.52,1676.01201,cents per kilowatt-hour,million kilowatt hours,2015,1
IL,Illinois,COM,commercial,8.81,4447.39034,cents per kilowatt-hour,million kilowatt hours,2015,1
IL,Illinois,IND,industrial,6.8,3604.81759,cents per kilowatt-hour,million kilowatt hours,2015,1
IL,Illinois,RES,residential,11.45,4408.45208,cents per kilowatt-hour,million kilowatt hours,2015,1
NY,New York,COM,commercial,14.68,6378.5567,cents per kilowatt-hour,million kilowatt hours,2015,1
NY,New York,IND,industrial,6.24,1478.34862,cents per kilowatt-hour,million kilowatt hours,2015,1
NY,New York,RES,residential,19.28,4659.80187,cents per kilowatt-hour,million kilowatt hours,2015,1
TX,Texas,COM,commercial,8.4,10834.88707,cents per kilowatt-hour,million kilowatt hours,2015,1
TX,Texas,IND,industrial,5.93,8481.2878,cents per kilowatt-hour,million kilowatt hours,2015,1
TX,Texas,RES,residential,11.49,13243.86011,cents per kilowatt-hour,million kilowatt hours,2015,1
CA,California,COM,commercial,14.04,9949.1835,cents per kilowatt-hour,million kilowatt hours,2014,12
CA,California,IND,industrial,10.95,4021.80791,cents per kilowatt-hour,million kilowatt hours,2014,12
CA,California,RES,residential,17.03,7274.53115,cents per kilowatt-hour,million kilowatt hours,2014,12
CO,Colorado,COM,commercial,9.36,1697.32623,cents per kilowatt-hour,million kilowatt hours,2014,12
CO,Colorado,IND,industrial,6.95,1230.61495,cents per kilowatt-hour,million kilowatt hours,2014,12
CO,Colorado,RES,residential,11.47,1622.09633,cents per kilowatt-hour,million kilowatt hours,2014,12
IL,Illinois,COM,commercial,9.28,4277.14287,cents per kilowatt-hour,million kilowatt hours,2014,12
IL,Illinois,IND,industrial,6.93,3502.08961,cents per kilowatt-hour,million kilowatt hours,2014,12
IL,Illinois,RES,residential,11.78,4046.70667,cents per kilowatt-hour,million kilowatt hours,2014,12
NY,New York,COM,commercial,14.89,6304.6698,cents per kilowatt-hour,million kilowatt hours,2014,12
NY,New York,IND,industrial,6.17,1375.75241,cents per kilowatt-hour,million kilowatt hours,2014,12
NY,New York,RES,residential,19.26,4183.06576,cents per kilowatt-hour,million kilowatt hours,2014,12
TX,Texas,COM,commercial,8.03,10653.37999,cents per kilowatt-hour,million kilowatt hours,2014,12
TX,Texas,IND,industrial,6.25,8715.70977,cents per kilowatt-hour,million kilowatt hours,2014,12
TX,Texas,RES,residential,11.81,10200.42502,cents per kilowatt-hour,million kilowatt hours,2014,12
CA,California,COM,commercial,15.16,8829.36596,cents per kilowatt-hour,million kilowatt hours,2014,11
CA,California,IND,industrial,12.52,3901.50696,cents per kilowatt-hour,million kilowatt hours,2014,11
CA,California,RES,residential,17.0,5873.32115,cents per kilowatt-hour,million kilowatt hours,2014,11
CO,Colorado,COM,commercial,9.74,1671.50518,cents per kilowatt-hour,million kilowatt hours,2014,11
CO,Colorado,IND,industrial,7.03,1233.3103,cents per kilowatt-hour,million kilowatt hours,2014,11
CO,Colorado,RES,residential,11.64,1398.86972,cents per kilowatt-hour,million kilowatt hours,2014,11
IL,Illinois,COM,commercial,9.15,3969.93496,cents per kilowatt-hour,million kilowatt hours,2014,11
IL,Illinois,IND,industrial,6.56,3698.18686,cents per kilowatt-hour,million kilowatt hours,2014,11
IL,Illinois,RES,residential,12.62,3622.7588,cents per kilowatt-hour,million kilowatt hours,2014,11
NY,New York,COM,commercial,15.29,5873.75515,cents per kilowatt-hour,million kilowatt hours,2014,11
NY,New York,IND,industrial,6.24,1516.10949,cents per kilowatt-hour,million kilowatt hours,2014,11
NY,New York,RES,residential,19.45,3597.50771,cents per kilowatt-hour,million kilowatt hours,2014,11
TX,Texas,COM,commercial,8.28,10168.18718,cents per kilowatt-hour,million kilowatt hours,2014,11
TX,Texas,IND,industrial,6.04,8779.52676,cents per kilowatt-hour,million kilowatt hours,2014,11
TX,Texas,RES,residential,11.98,8813.12895,cents per kilowatt-hour,million kilowatt hours,2014,11
CA,California,COM,commercial,17.46,11130.04489,cents per kilowatt-hour,million kilowatt hours,2014,10
CA,California,IND,industrial,13.99,4814.90389,cents per kilowatt-hour,million kilowatt hours,2014,10
CA,California,RES,residential,13.35,8186.52108,cents per kilowatt-hour,million kilowatt hours,2014,10
CO,Colorado,COM,commercial,9.95,1667.63629,cents per kilowatt-hour,million kilowatt hours,2014,10
CO,Colorado,IND,industrial,7.37,1283.9677,cents per kilowatt-hour,million kilowatt hours,2014,10
CO,Colorado,RES,residential,11.81,1352.02483,cents per kilowatt-hour,million kilowatt hours,2014,10
IL,Illinois,COM,commercial,9.66,3976.15804,cents per kilowatt-hour,million kilowatt hours,2014,10
IL,Illinois,IND,industrial,6.93,3638.99269,cents per kilowatt-hour,million kilowatt hours,2014,10
IL,Illinois,RES,residential,13.52,2951.35921,cents per kilowatt-hour,million kilowatt hours,2014,10
NY,New York,COM,commercial,15.84,6134.2772,cents per kilowatt-hour,million kilowatt hours,2014,10
NY,New York,IND,industrial,6.09,1528.76723,cents per kilowatt-hour,million kilowatt hours,2014,10
NY,New York,RES,residential,19.43,3514.73577,cents per kilowatt-hour,million kilowatt hours,2014,10
TX,Texas,COM,commercial,8.16,12361.47324,cents per kilowatt-hour,million kilowatt hours,2014,10
TX,Texas,IND,industrial,6.29,9204.61844,cents per kilowatt-hour,million kilowatt hours,2014,10
TX,Texas,RES,residential,12.07,10981.72343,cents per kilowatt-hour,million kilowatt hours,2014,10
CA,California,COM,commercial,18.3,11220.93935,cents per kilowatt-hour,million kilowatt hours,2014,9
CA,California,IND,industrial,13.94,5042.99958,cents per kilowatt-hour,million kilowatt hours,2014,9
CA,California,RES,residential,17.97,9202.31091,cents per kilowatt-hour,million kilowatt hours,2014,9
CO,Colorado,COM,commercial,10.65,1762.54679,cents per kilowatt-hour,million kilowatt hours,2014,9
CO,Colorado,IND,industrial,7.88,1313.78614,cents per kilowatt-hour,million kilowatt hours,2014,9
CO,Colorado,RES,residential,12.78,1516.65653,cents per kilowatt-hour,million kilowatt hours,2014,9
IL,Illinois,COM,commercial,8.27,4179.67523,cents per kilowatt-hour,million kilowatt hours,2014,9
IL,Illinois,IND,industrial,7.46,3644.78642,cents per kilowatt-hour,million kilowatt hours,2014,9
IL,Illinois,RES,residential,12.05,3306.05648,cents per kilowatt-hour,million kilowatt hours,2014,9
NY,New York,COM,commercial,16.82,6883.52266,cents per kilowatt-hour,million kilowatt hours,2014,9
NY,New York,IND,industrial,6.47,1603.25459,cents per kilowatt-hour,million kilowatt hours,2014,9
NY,New York,RES,residential,19.41,4331.59337,cents per kilowatt-hour,million kilowatt hours,2014,9
TX,Texas,COM,commercial,8.04,13771.50157,cents per kilowatt-hour,million kilowatt hours,2014,9
TX,Texas,IND,industrial,6.28,9288.55873,cents per kilowatt-hour,million kilowatt hours,2014,9
TX,Texas,RES,residential,12.03,14647.86555,cents per kilowatt-hour,million kilowatt hours,2014,9
CA,California,COM,commercial,18.21,10762.93546,cents per kilowatt-hour,million kilowatt hours,2014,8
CA,California,IND,industrial,13.86,5124.8398,cents per kilowatt-hour,million kilowatt hours,2014,8
CA,California,RES,residential,18.07,9319.78406,cents per kilowatt-hour,million kilowatt hours,2014,8
CO,Colorado,COM,commercial,10.74,1812.82857,cents per kilowatt-hour,million kilowatt hours,2014,8
CO,Colorado,IND,industrial,7.95,1404.27575,cents per kilowatt-hour,million kilowatt hours,2014,8
CO,Colorado,RES,residential,12.89,1736.7564,cents per kilowatt-hour,million kilowatt hours,2014,8
IL,Illinois,COM,commercial,9.55,4657.72354,cents per kilowatt-hour,million kilowatt hours,2014,8
IL,Illinois,IND,industrial,6.82,3887.20162,cents per kilowatt-hour,million kilowatt hours,2014,8
IL,Illinois,RES,residential,12.41,4691.41452,cents per kilowatt-hour,million kilowatt hours,2014,8
NY,New York,COM,commercial,16.37,6941.49477,cents per kilowatt-hour,million kilowatt hours,2014,8
NY,New York,IND,industrial,6.42,1565.81646,cents per kilowatt-hour,million kilowatt hours,2014,8
NY,New York,RES,residential,19.51,4681.9831,cents per kilowatt-hour,million kilowatt hours,2014,8
TX,Texas,COM,commercial,8.16,13491.43069,cents per kilowatt-hour,million kilowatt hours,2014,8
TX,Texas,IND,industrial,6.38,9683.33201,cents per kilowatt-hour,million kilowatt hours,2014,8
TX,Texas,RES,residential,12.05,15573.03539,cents per kilowatt-hour,million kilowatt hours,2014,8
CA,California,COM,commercial,18.09,11050.38035,cents per kilowatt-hour,million kilowatt hours,2014,7
CA,California,IND,industrial,14.0,5327.01238,cents per kilowatt-hour,million kilowatt hours,2014,7
CA,California,RES,residential,17.63,9182.80279,cents per kilowatt-hour,million kilowatt hours,2014,7
CO,Colorado,COM,commercial,10.68,1881.797,cents per kilowatt-hour,million kilowatt hours,2014,7
CO,Colorado,IND,industrial,8.01,1401.19609,cents per kilowatt-hour,million kilowatt hours,2014,7
CO,Colorado,RES,residential,13.14,1825.88163,cents per kilowatt-hour,million kilowatt hours,2014,7
IL,Illinois,COM,commercial,9.45,4446.57485,cents per kilowatt-hour,million kilowatt hours,2014,7
IL,Illinois,IND,industrial,6.76,3941.01745,cents per kilowatt-hour,million kilowatt hours,2014,7
IL,Illinois,RES,residential,12.09,4228.22884,cents per kilowatt-hour,million kilowatt hours,2014,7
NY,New York,COM,commercial,16.78,7175.5311,cents per kilowatt-hour,million kilowatt hours,2014,7
NY,New York,IND,industrial,6.47,1561.20655,cents per kilowatt-hour,million kilowatt hours,2014,7
NY,New York,RES,residential,20.48,4902.12835,cents per kilowatt-hour,million kilowatt hours,2014,7
TX,Texas,COM,commercial,8.24,13270.06126,cents per kilowatt-hour,million kilowatt hours,2014,7
TX,Texas,IND,industrial,6.53,9444.45097,cents per kilowatt-hour,million kilowatt hours,2014,7
TX,Texas,RES,residential,12.05,15087.20827,cents per kilowatt-hour,million kilowatt hours,2014,7
CA,California,COM,commercial,16.63,10166.07523,cents per kilowatt-hour,million kilowatt hours,2014,6
CA,California,IND,industrial,13.3,4802.50436,cents per kilowatt-hour,million kilowatt hours,2014,6
CA,California,RES,residential,16.9,7592.3833,cents per kilowatt-hour,million kilowatt hours,2014,6
CO,Colorado,COM,commercial,10.99,1654.64718,cents per kilowatt-hour,million kilowatt hours,2014,6
CO,Colorado,IND,industrial,8.01,1291.20613,cents per kilowatt-hour,million kilowatt hours,2014,6
CO,Colorado,RES,residential,13.06,1478.38619,cents per kilowatt-hour,million kilowatt hours,2014,6
IL,Illinois,COM,commercial,9.45,4364.20035,cents per kilowatt-hour,million kilowatt hours,2014,6
IL,Illinois,IND,industrial,6.74,3721.96295,cents per kilowatt-hour,million kilowatt hours,2014,6
IL,Illinois,RES,residential,12.15,4095.84241,cents per kilowatt-hour,million kilowatt hours,2014,6
NY,New York,COM,commercial,16.4,6355.47495,cents per kilowatt-hour,million kilowatt hours,2014,6
NY,New York,IND,industrial,6.33,1554.30101,cents per kilowatt-hour,million kilowatt hours,2014,6
NY,New York,RES,residential,20.88,3914.49248,cents per kilowatt-hour,million kilowatt hours,2014,6
TX,Texas,COM,commercial,8.26,12571.52102,cents per kilowatt-hour,million kilowatt hours,2014,6
TX,Texas,IND,industrial,6.34,9260.10822,cents per kilowatt-hour,million kilowatt hours,2014,6
TX,Texas,RES,residential,12.17,12861.13669,cents per kilowatt-hour,million kilowatt hours,2014,6
CA,California,COM,commercial,14.65,9731.0894,cents per kilowatt-hour,million kilowatt hours,2014,5
CA,California,IND,industrial,11.35,4512.08648,cents per kilowatt-hour,million kilowatt hours,2014,5
CA,California,RES,residential,16.46,6398.63671,cents per kilowatt-hour,million kilowatt hours,2014,5
CO,Colorado,COM,commercial,10.19,1635.54012,cents per kilowatt-hour,million kilowatt hours,2014,5
CO,Colorado,IND,industrial,7.47,1292.19425,cents per kilowatt-hour,million kilowatt hours,2014,5
CO,Colorado,RES,residential,12.14,1314.16238,cents per kilowatt-hour,million kilowatt hours,2014,5
IL,Illinois,COM,commercial,9.45,4030.68593,cents per kilowatt-hour,million kilowatt hours,2014,5
IL,Illinois,IND,industrial,6.47,3759.19244,cents per kilowatt-hour,million kilowatt hours,2014,5
IL,Illinois,RES,residential,12.48,3152.52815,cents per kilowatt-hour,million kilowatt hours,2014,5
NY,New York,COM,commercial,15.05,5921.94387,cents per kilowatt-hour,million kilowatt hours,2014,5
NY,New York,IND,industrial,5.93,1538.5711,cents per kilowatt-hour,million kilowatt hours,2014,5
NY,New York,RES,residential,20.59,3458.45056,cents per kilowatt-hour,million kilowatt hours,2014,5
TX,Texas,COM,commercial,8.17,11272.89142,cents per kilowatt-hour,million kilowatt hours,2014,5
TX,Texas,IND,industrial,5.73,9676.7739,cents per kilowatt-hour,million kilowatt hours,2014,5
TX,Texas,RES,residential,11.93,9345.75633,cents per kilowatt-hour,million kilowatt hours,2014,5
CA,California,COM,commercial,13.37,9435.82226,cents per kilowatt-hour,million kilowatt hours,2014,4
CA,California,IND,industrial,10.51,4196.02258,cents per kilowatt-hour,million kilowatt hours,2014,4
CA,California,RES,residential,10.12,6146.23267,cents per kilowatt-hour,million kilowatt hours,2014,4
CO,Colorado,COM,commercial,9.98,1567.98248,cents per kilowatt-hour,million kilowatt hours,2014,4
CO,Colorado,IND,industrial,7.34,1199.35373,cents per kilowatt-hour,million kilowatt hours,2014,4
CO,Colorado,RES,residential,12.11,1275.24719,cents per kilowatt-hour,million kilowatt hours,2014,4
IL,Illinois,COM,commercial,9.26,3809.79312,cents per kilowatt-hour,million kilowatt hours,2014,4
IL,Illinois,IND,industrial,6.52,3407.60489,cents per kilowatt-hour,million kilowatt hours,2014,4
IL,Illinois,RES,residential,12.31,2939.16195,cents per kilowatt-hour,million kilowatt hours,2014,4
NY,New York,COM,commercial,14.91,5894.03256,cents per kilowatt-hour,million kilowatt hours,2014,4
NY,New York,IND,industrial,6.21,1426.9308,cents per kilowatt-hour,million kilowatt hours,2014,4
NY,New York,RES,residential,19.54,3669.00972,cents per kilowatt-hour,million kilowatt hours,2014,4
TX,Texas,COM,commercial,8.21,10173.13175,cents per kilowatt-hour,million kilowatt hours,2014,4
TX,Texas,IND,industrial,5.86,9461.31874,cents per kilowatt-hour,million kilowatt hours,2014,4
TX,Texas,RES,residential,12.06,8199.58641,cents per kilowatt-hour,million kilowatt hours,2014,4
CA,California,COM,commercial,13.3,9091.76039,cents per kilowatt-hour,million kilowatt hours,2014,3
CA,California,IND,industrial,10.62,3685.81112,cents per kilowatt-hour,million kilowatt hours,2014,3
CA,California,RES,residential,15.86,6151.65902,cents per kilowatt-hour,million kilowatt hours,2014,3
CO,Colorado,COM,commercial,9.64,1625.07799,cents per kilowatt-hour,million kilowatt hours,2014,3
CO,Colorado,IND,industrial,7.16,1182.77725,cents per kilowatt-hour,million kilowatt hours,2014,3
CO,Colorado,RES,residential,11.71,1423.23234,cents per kilowatt-hour,million kilowatt hours,2014,3
IL,Illinois,COM,commercial,9.38,4242.61412,cents per kilowatt-hour,million kilowatt hours,2014,3
IL,Illinois,IND,industrial,6.96,3731.77779,cents per kilowatt-hour,million kilowatt hours,2014,3
IL,Illinois,RES,residential,11.27,3869.22688,cents per kilowatt-hour,million kilowatt hours,2014,3
NY,New York,COM,commercial,16.84,6231.00096,cents per kilowatt-hour,million kilowatt hours,2014,3
NY,New York,IND,industrial,6.84,1379.24144,cents per kilowatt-hour,million kilowatt hours,2014,3
NY,New York,RES,residential,20.9,4301.04552,cents per kilowatt-hour,million kilowatt hours,2014,3
TX,Texas,COM,commercial,8.35,10200.14825,cents per kilowatt-hour,million kilowatt hours,2014,3
TX,Texas,IND,industrial,6.08,8983.0483,cents per kilowatt-hour,million kilowatt hours,2014,3
TX,Texas,RES,residential,11.75,9811.56776,cents per kilowatt-hour,million kilowatt hours,2014,3
CA,California,COM,commercial,13.24,8700.58861,cents per kilowatt-hour,million kilowatt hours,2014,2
CA,California,IND,industrial,10.56,3704.62072,cents per kilowatt-hour,million kilowatt hours,2014,2
CA,California,RES,residential,16.11,6259.92434,cents per kilowatt-hour,million kilowatt hours,2014,2
CO,Colorado,COM,commercial,9.55,1513.42413,cents per kilowatt-hour,million kilowatt hours,2014,2
CO,Colorado,IND,industrial,7.21,1098.3524,cents per kilowatt-hour,million kilowatt hours,2014,2
CO,Colorado,RES,residential,11.69,1451.31177,cents per kilowatt-hour,million kilowatt hours,2014,2
IL,Illinois,COM,commercial,9.27,4023.84447,cents per kilowatt-hour,million kilowatt hours,2014,2
IL,Illinois,IND,industrial,7.18,3618.40661,cents per kilowatt-hour,million kilowatt hours,2014,2
IL,Illinois,RES,residential,10.94,4314.96365,cents per kilowatt-hour,million kilowatt hours,2014,2
NY,New York,COM,commercial,17.48,6390.26468,cents per kilowatt-hour,million kilowatt hours,2014,2
NY,New York,IND,industrial,8.19,1497.61854,cents per kilowatt-hour,million kilowatt hours,2014,2
NY,New York,RES,residential,21.69,4550.07621,cents per kilowatt-hour,million kilowatt hours,2014,2
TX,Texas,COM,commercial,8.04,10282.5238,cents per kilowatt-hour,million kilowatt hours,2014,2
TX,Texas,IND,industrial,6.35,7987.54637,cents per kilowatt-hour,million kilowatt hours,2014,2
TX,Texas,RES,residential,11.25,11797.37397,cents per kilowatt-hour,million kilowatt hours,2014,2
CA,California,COM,commercial,13.07,9425.87661,cents per kilowatt-hour,million kilowatt hours,2014,1
CA,California,IND,industrial,10.35,3764.31422,cents per kilowatt-hour,million kilowatt hours,2014,1
CA,California,RES,residential,16.57,7772.57282,cents per kilowatt-hour,million kilowatt hours,2014,1
CO,Colorado,COM,commercial,9.27,1639.04805,cents per kilowatt-hour,million kilowatt hours,2014,1
CO,Colorado,IND,industrial,7.06,1179.1533,cents per kilowatt-hour,million kilowatt hours,2014,1
CO,Colorado,RES,residential,11.46,1698.30671,cents per kilowatt-hour,million kilowatt hours,2014,1
IL,Illinois,COM,commercial,8.97,4641.13255,cents per kilowatt-hour,million kilowatt hours,2014,1
IL,Illinois,IND,industrial,6.9,3778.46368,cents per kilowatt-hour,million kilowatt hours,2014,1
IL,Illinois,RES,residential,10.34,4791.21043,cents per kilowatt-hour,million kilowatt hours,2014,1
NY,New York,COM,commercial,16.4,6434.84533,cents per kilowatt-hour,million kilowatt hours,2014,1
NY,New York,IND,industrial,7.64,1455.40638,cents per kilowatt-hour,million kilowatt hours,2014,1
NY,New York,RES,residential,19.57,4870.82545,cents per kilowatt-hour,million kilowatt hours,2014,1
TX,Texas,COM,commercial,8.02,11215.84484,cents per kilowatt-hour,million kilowatt hours,2014,1
TX,Texas,IND,industrial,5.83,8680.5028,cents per kilowatt-hour,million kilowatt hours,2014,1
TX,Texas,RES,residential,11.22,13580.93622,cents per kilowatt-hour,million kilowatt hours,2014,1
CA,California,COM,commercial,12.35,9458.92989,cents per kilowatt-hour,million kilowatt hours,2013,12
CA,California,IND,industrial,9.81,4149.68483,cents per kilowatt-hour,million kilowatt hours,2013,12
CA,California,RES,residential,16.22,7659.71213,cents per kilowatt-hour,million kilowatt hours,2013,12
CO,Colorado,COM,commercial,9.5,1663.2906,cents per kilowatt-hour,million kilowatt hours,2013,12
CO,Colorado,IND,industrial,6.89,1230.83303,cents per kilowatt-hour,million kilowatt hours,2013,12
CO,Colorado,RES,residential,11.46,1660.04783,cents per kilowatt-hour,million kilowatt hours,2013,12
IL,Illinois,COM,commercial,7.8,4388.63153,cents per kilowatt-hour,million kilowatt hours,2013,12
IL,Illinois,IND,industrial,5.68,3559.13673,cents per kilowatt-hour,million kilowatt hours,2013,12
IL,Illinois,RES,residential,9.84,4451.21049,cents per kilowatt-hour,million kilowatt hours,2013,12
NY,New York,COM,commercial,14.45,6280.51189,cents per kilowatt-hour,million kilowatt hours,2013,12
NY,New York,IND,industrial,5.97,1460.22237,cents per kilowatt-hour,million kilowatt hours,2013,12
NY,New York,RES,residential,18.18,4407.30351,cents per kilowatt-hour,million kilowatt hours,2013,12
TX,Texas,COM,commercial,8.0,10736.86445,cents per kilowatt-hour,million kilowatt hours,2013,12
TX,Texas,IND,industrial,5.79,8269.47366,cents per kilowatt-hour,million kilowatt hours,2013,12
TX,Texas,RES,residential,11.27,11901.12226,cents per kilowatt-hour,million kilowatt hours,2013,12
CA,California,COM,commercial,13.57,8823.21284,cents per kilowatt-hour,million kilowatt hours,2013,11
CA,California,IND,industrial,11.59,4223.60272,cents per kilowatt-hour,million kilowatt hours,2013,11
CA,California,RES,residential,16.53,5875.82297,cents per kilowatt-hour,million kilowatt hours,2013,11
CO,Colorado,COM,commercial,9.76,1603.8413,cents per kilowatt-hour,million kilowatt hours,2013,11
CO,Colorado,IND,industrial,7.42,1184.77114,cents per kilowatt-hour,million kilowatt hours,2013,11
CO,Colorado,RES,residential,11.66,1372.17856,cents per kilowatt-hour,million kilowatt hours,2013,11
IL,Illinois,COM,commercial,8.04,3872.09336,cents per kilowatt-hour,million kilowatt hours,2013,11
IL,Illinois,IND,industrial,5.79,3551.22486,cents per kilowatt-hour,million kilowatt hours,2013,11
IL,Illinois,RES,residential,10.61,3492.92344,cents per kilowatt-hour,million kilowatt hours,2013,11
NY,New York,COM,commercial,13.76,5866.0672,cents per kilowatt-hour,million kilowatt hours,2013,11
NY,New York,IND,industrial,5.49,1445.0876,cents per kilowatt-hour,million kilowatt hours,2013,11
NY,New York,RES,residential,18.49,3468.76403,cents per kilowatt-hour,million kilowatt hours,2013,11
TX,Texas,COM,commercial,7.9,10267.96752,cents per kilowatt-hour,million kilowatt hours,2013,11
TX,Texas,IND,industrial,5.64,8311.84125,cents per kilowatt-hour,million kilowatt hours,2013,11
TX,Texas,RES,residential,11.67,8493.28681,cents per kilowatt-hour,million kilowatt hours,2013,11
CA,California,COM,commercial,14.62,10254.18049,cents per kilowatt-hour,million kilowatt hours,2013,10
CA,California,IND,industrial,12.49,4811.26368,cents per kilowatt-hour,million kilowatt hours,2013,10
CA,California,RES,residential,16.19,7022.47926,cents per kilowatt-hour,million kilowatt hours,2013,10
CO,Colorado,COM,commercial,10.06,1615.37502,cents per kilowatt-hour,million kilowatt hours,2013,10
CO,Colorado,IND,industrial,7.16,1217.27358,cents per kilowatt-hour,million kilowatt hours,2013,10
CO,Colorado,RES,residential,11.84,1377.1402,cents per kilowatt-hour,million kilowatt hours,2013,10
IL,Illinois,COM,commercial,8.26,4165.01376,cents per kilowatt-hour,million kilowatt hours,2013,10
IL,Illinois,IND,industrial,5.98,3678.87073,cents per kilowatt-hour,million kilowatt hours,2013,10
IL,Illinois,RES,residential,11.22,3119.07512,cents per kilowatt-hour,million kilowatt hours,2013,10
NY,New York,COM,commercial,15.36,6126.68286,cents per kilowatt-hour,million kilowatt hours,2013,10
NY,New York,IND,industrial,5.95,1519.2785,cents per kilowatt-hour,million kilowatt hours,2013,10
NY,New York,RES,residential,18.88,3573.59477,cents per kilowatt-hour,million kilowatt hours,2013,10
TX,Texas,COM,commercial,8.0,12133.62947,cents per kilowatt-hour,million kilowatt hours,2013,10
TX,Texas,IND,industrial,5.74,8890.3356,cents per kilowatt-hour,million kilowatt hours,2013,10
TX,Texas,RES,residential,11.68,10925.08679,cents per kilowatt-hour,million kilowatt hours,2013,10
CA,California,COM,commercial,15.96,10319.30358,cents per kilowatt-hour,million kilowatt hours,2013,9
CA,California,IND,industrial,12.72,4966.46427,cents per kilowatt-hour,million kilowatt hours,2013,9
CA,California,RES,residential,16.99,8952.03497,cents per kilowatt-hour,million kilowatt hours,2013,9
CO,Colorado,COM,commercial,10.26,1747.36536,cents per kilowatt-hour,million kilowatt hours,2013,9
CO,Colorado,IND,industrial,7.74,1260.18877,cents per kilowatt-hour,million kilowatt hours,2013,9
CO,Colorado,RES,residential,12.65,1580.15233,cents per kilowatt-hour,million kilowatt hours,2013,9
IL,Illinois,COM,commercial,8.01,4288.78089,cents per kilowatt-hour,million kilowatt hours,2013,9
IL,Illinois,IND,industrial,6.13,3626.42326,cents per kilowatt-hour,million kilowatt hours,2013,9
IL,Illinois,RES,residential,10.09,3710.81082,cents per kilowatt-hour,million kilowatt hours,2013,9
NY,New York,COM,commercial,16.62,6864.58373,cents per kilowatt-hour,million kilowatt hours,2013,9
NY,New York,IND,industrial,5.82,1551.37279,cents per kilowatt-hour,million kilowatt hours,2013,9
NY,New York,RES,residential,19.56,4464.40742,cents per kilowatt-hour,million kilowatt hours,2013,9
TX,Texas,COM,commercial,7.84,13206.86851,cents per kilowatt-hour,million kilowatt hours,2013,9
TX,Texas,IND,industrial,6.03,8978.14247,cents per kilowatt-hour,million kilowatt hours,2013,9
TX,Texas,RES,residential,11.36,14795.35498,cents per kilowatt-hour,million kilowatt hours,2013,9
CA,California,COM,commercial,16.63,11046.90141,cents per kilowatt-hour,million kilowatt hours,2013,8
CA,California,IND,industrial,12.65,5321.79941,cents per kilowatt-hour,million kilowatt hours,2013,8
CA,California,RES,residential,16.32,8703.10018,cents per kilowatt-hour,million kilowatt hours,2013,8
CO,Colorado,COM,commercial,10.4,1863.92421,cents per kilowatt-hour,million kilowatt hours,2013,8
CO,Colorado,IND,industrial,7.89,1380.65992,cents per kilowatt-hour,million kilowatt hours,2013,8
CO,Colorado,RES,residential,12.63,1843.04584,cents per kilowatt-hour,million kilowatt hours,2013,8
IL,Illinois,COM,commercial,8.42,4646.54263,cents per kilowatt-hour,million kilowatt hours,2013,8
IL,Illinois,IND,industrial,6.1,3939.01784,cents per kilowatt-hour,million kilowatt hours,2013,8
IL,Illinois,RES,residential,10.73,4703.03092,cents per kilowatt-hour,million kilowatt hours,2013,8
NY,New York,COM,commercial,16.38,7300.00996,cents per kilowatt-hour,million kilowatt hours,2013,8
NY,New York,IND,industrial,6.04,1534.89586,cents per kilowatt-hour,million kilowatt hours,2013,8
NY,New York,RES,residential,19.14,5212.44967,cents per kilowatt-hour,million kilowatt hours,2013,8
TX,Texas,COM,commercial,7.98,13664.82927,cents per kilowatt-hour,million kilowatt hours,2013,8
TX,Texas,IND,industrial,6.14,9210.12974,cents per kilowatt-hour,million kilowatt hours,2013,8
TX,Texas,RES,residential,11.45,16446.01833,cents per kilowatt-hour,million kilowatt hours,2013,8
CA,California,COM,commercial,16.35,10956.15581,cents per kilowatt-hour,million kilowatt hours,2013,7
CA,California,IND,industrial,12.92,5348.87366,cents per kilowatt-hour,million kilowatt hours,2013,7
CA,California,RES,residential,16.83,9256.05459,cents per kilowatt-hour,million kilowatt hours,2013,7
CO,Colorado,COM,commercial,10.29,1849.11879,cents per kilowatt-hour,million kilowatt hours,2013,7
CO,Colorado,IND,industrial,7.57,1364.60499,cents per kilowatt-hour,million kilowatt hours,2013,7
CO,Colorado,RES,residential,12.87,1854.29028,cents per kilowatt-hour,million kilowatt hours,2013,7
IL,Illinois,COM,commercial,8.25,4693.53452,cents per kilowatt-hour,million kilowatt hours,2013,7
IL,Illinois,IND,industrial,6.09,3861.60531,cents per kilowatt-hour,million kilowatt hours,2013,7
IL,Illinois,RES,residential,10.44,4904.85091,cents per kilowatt-hour,million kilowatt hours,2013,7
NY,New York,COM,commercial,16.75,7350.69881,cents per kilowatt-hour,million kilowatt hours,2013,7
NY,New York,IND,industrial,7.01,1519.84229,cents per kilowatt-hour,million kilowatt hours,2013,7
NY,New York,RES,residential,20.03,5550.4565,cents per kilowatt-hour,million kilowatt hours,2013,7
TX,Texas,COM,commercial,8.06,13491.83748,cents per kilowatt-hour,million kilowatt hours,2013,7
TX,Texas,IND,industrial,6.14,8720.98384,cents per kilowatt-hour,million kilowatt hours,2013,7
TX,Texas,RES,residential,11.41,15670.16328,cents per kilowatt-hour,million kilowatt hours,2013,7
CA,California,COM,commercial,16.58,9834.95559,cents per kilowatt-hour,million kilowatt hours,2013,6
CA,California,IND,industrial,12.63,4944.81815,cents per kilowatt-hour,million kilowatt hours,2013,6
CA,California,RES,residential,17.13,7128.34782,cents per kilowatt-hour,million kilowatt hours,2013,6
CO,Colorado,COM,commercial,10.5,1775.98667,cents per kilowatt-hour,million kilowatt hours,2013,6
CO,Colorado,IND,industrial,7.86,1276.72789,cents per kilowatt-hour,million kilowatt hours,2013,6
CO,Colorado,RES,residential,12.49,1566.95436,cents per kilowatt-hour,million kilowatt hours,2013,6
IL,Illinois,COM,commercial,8.03,4257.93763,cents per kilowatt-hour,million kilowatt hours,2013,6
IL,Illinois,IND,industrial,6.03,3567.98893,cents per kilowatt-hour,million kilowatt hours,2013,6
IL,Illinois,RES,residential,10.57,3819.58272,cents per kilowatt-hour,million kilowatt hours,2013,6
NY,New York,COM,commercial,16.05,6478.03692,cents per kilowatt-hour,million kilowatt hours,2013,6
NY,New York,IND,industrial,7.08,1494.68595,cents per kilowatt-hour,million kilowatt hours,2013,6
NY,New York,RES,residential,19.32,4155.00117,cents per kilowatt-hour,million kilowatt hours,2013,6
TX,Texas,COM,commercial,8.09,12347.66982,cents per kilowatt-hour,million kilowatt hours,2013,6
TX,Texas,IND,industrial,6.05,8741.4539,cents per kilowatt-hour,million kilowatt hours,2013,6
TX,Texas,RES,residential,11.44,13539.86259,cents per kilowatt-hour,million kilowatt hours,2013,6
CA,California,COM,commercial,13.82,9866.91154,cents per kilowatt-hour,million kilowatt hours,2013,5
CA,California,IND,industrial,10.9,4782.35446,cents per kilowatt-hour,million kilowatt hours,2013,5
CA,California,RES,residential,15.92,6603.77692,cents per kilowatt-hour,million kilowatt hours,2013,5
CO,Colorado,COM,commercial,9.77,1633.88891,cents per kilowatt-hour,million kilowatt hours,2013,5
CO,Colorado,IND,industrial,7.21,1244.54257,cents per kilowatt-hour,million kilowatt hours,2013,5
CO,Colorado,RES,residential,11.65,1339.52988,cents per kilowatt-hour,million kilowatt hours,2013,5
IL,Illinois,COM,commercial,8.68,3935.17974,cents per kilowatt-hour,million kilowatt hours,2013,5
IL,Illinois,IND,industrial,6.1,3831.53728,cents per kilowatt-hour,million kilowatt hours,2013,5
IL,Illinois,RES,residential,11.89,3164.20106,cents per kilowatt-hour,million kilowatt hours,2013,5
NY,New York,COM,commercial,14.54,5826.30523,cents per kilowatt-hour,million kilowatt hours,2013,5
NY,New York,IND,industrial,6.64,1443.28093,cents per kilowatt-hour,million kilowatt hours,2013,5
NY,New York,RES,residential,18.35,3531.24394,cents per kilowatt-hour,million kilowatt hours,2013,5
TX,Texas,COM,commercial,8.19,10975.23135,cents per kilowatt-hour,million kilowatt hours,2013,5
TX,Texas,IND,industrial,5.8,8697.98306,cents per kilowatt-hour,million kilowatt hours,2013,5
TX,Texas,RES,residential,11.57,9588.19956,cents per kilowatt-hour,million kilowatt hours,2013,5
CA,California,COM,commercial,12.7,9214.55738,cents per kilowatt-hour,million kilowatt hours,2013,4
CA,California,IND,industrial,10.29,4080.18999,cents per kilowatt-hour,million kilowatt hours,2013,4
CA,California,RES,residential,15.28,6029.36082,cents per kilowatt-hour,million kilowatt hours,2013,4
CO,Colorado,COM,commercial,9.48,1584.03579,cents per kilowatt-hour,million kilowatt hours,2013,4
CO,Colorado,IND,industrial,7.02,1166.46119,cents per kilowatt-hour,million kilowatt hours,2013,4
CO,Colorado,RES,residential,11.64,1302.3648,cents per kilowatt-hour,million kilowatt hours,2013,4
IL,Illinois,COM,commercial,8.21,3979.7069,cents per kilowatt-hour,million kilowatt hours,2013,4
IL,Illinois,IND,industrial,5.94,3586.84242,cents per kilowatt-hour,million kilowatt hours,2013,4
IL,Illinois,RES,residential,10.92,3177.40538,cents per kilowatt-hour,million kilowatt hours,2013,4
NY,New York,COM,commercial,14.12,5772.91364,cents per kilowatt-hour,million kilowatt hours,2013,4
NY,New York,IND,industrial,6.83,1580.08658,cents per kilowatt-hour,million kilowatt hours,2013,4
NY,New York,RES,residential,17.67,3682.23118,cents per kilowatt-hour,million kilowatt hours,2013,4
TX,Texas,COM,commercial,8.06,10150.98801,cents per kilowatt-hour,million kilowatt hours,2013,4
TX,Texas,IND,industrial,5.65,8441.65986,cents per kilowatt-hour,million kilowatt hours,2013,4
TX,Texas,RES,residential,11.43,8572.43707,cents per kilowatt-hour,million kilowatt hours,2013,4
CA,California,COM,commercial,12.4,9054.85944,cents per kilowatt-hour,million kilowatt hours,2013,3
CA,California,IND,industrial,9.96,4030.84532,cents per kilowatt-hour,million kilowatt hours,2013,3
CA,California,RES,residential,15.25,6669.61937,cents per kilowatt-hour,million kilowatt hours,2013,3
CO,Colorado,COM,commercial,9.52,1601.38054,cents per kilowatt-hour,million kilowatt hours,2013,3
CO,Colorado,IND,industrial,6.99,1162.66924,cents per kilowatt-hour,million kilowatt hours,2013,3
CO,Colorado,RES,residential,11.42,1445.57302,cents per kilowatt-hour,million kilowatt hours,2013,3
IL,Illinois,COM,commercial,8.08,4093.13272,cents per kilowatt-hour,million kilowatt hours,2013,3
IL,Illinois,IND,industrial,5.89,3698.98976,cents per kilowatt-hour,million kilowatt hours,2013,3
IL,Illinois,RES,residential,10.46,3763.45716,cents per kilowatt-hour,million kilowatt hours,2013,3
NY,New York,COM,commercial,14.88,6024.40747,cents per kilowatt-hour,million kilowatt hours,2013,3
NY,New York,IND,industrial,7.27,1396.62687,cents per kilowatt-hour,million kilowatt hours,2013,3
NY,New York,RES,residential,18.16,4035.96933,cents per kilowatt-hour,million kilowatt hours,2013,3
TX,Texas,COM,commercial,8.07,9701.54024,cents per kilowatt-hour,million kilowatt hours,2013,3
TX,Texas,IND,industrial,5.52,8011.79097,cents per kilowatt-hour,million kilowatt hours,2013,3
TX,Texas,RES,residential,11.03,9077.84071,cents per kilowatt-hour,million kilowatt hours,2013,3
CA,California,COM,commercial,12.48,8569.92913,cents per kilowatt-hour,million kilowatt hours,2013,2
CA,California,IND,industrial,10.05,3792.65834,cents per kilowatt-hour,million kilowatt hours,2013,2
CA,California,RES,residential,15.31,6785.98274,cents per kilowatt-hour,million kilowatt hours,2013,2
CO,Colorado,COM,commercial,9.45,1521.46178,cents per kilowatt-hour,million kilowatt hours,2013,2
CO,Colorado,IND,industrial,7.23,1096.95957,cents per kilowatt-hour,million kilowatt hours,2013,2
CO,Colorado,RES,residential,11.32,1471.17808,cents per kilowatt-hour,million kilowatt hours,2013,2
IL,Illinois,COM,commercial,8.12,3935.43834,cents per kilowatt-hour,million kilowatt hours,2013,2
IL,Illinois,IND,industrial,5.81,3676.57221,cents per kilowatt-hour,million kilowatt hours,2013,2
IL,Illinois,RES,residential,10.85,3789.5734,cents per kilowatt-hour,million kilowatt hours,2013,2
NY,New York,COM,commercial,15.7,6187.00308,cents per kilowatt-hour,million kilowatt hours,2013,2
NY,New York,IND,industrial,7.72,1472.36575,cents per kilowatt-hour,million kilowatt hours,2013,2
NY,New York,RES,residential,19.1,4229.7745,cents per kilowatt-hour,million kilowatt hours,2013,2
TX,Texas,COM,commercial,8.03,9505.31204,cents per kilowatt-hour,million kilowatt hours,2013,2
TX,Texas,IND,industrial,5.59,7532.18617,cents per kilowatt-hour,million kilowatt hours,2013,2
TX,Texas,RES,residential,11.05,9185.4979,cents per kilowatt-hour,million kilowatt hours,2013,2
CA,California,COM,commercial,11.65,9457.95591,cents per kilowatt-hour,million kilowatt hours,2013,1
CA,California,IND,industrial,9.65,3944.44418,cents per kilowatt-hour,million kilowatt hours,2013,1
CA,California,RES,residential,16.16,8555.64221,cents per kilowatt-hour,million kilowatt hours,2013,1
CO,Colorado,COM,commercial,9.11,1638.54905,cents per kilowatt-hour,million kilowatt hours,2013,1
CO,Colorado,IND,industrial,6.93,1167.16713,cents per kilowatt-hour,million kilowatt hours,2013,1
CO,Colorado,RES,residential,11.11,1716.45284,cents per kilowatt-hour,million kilowatt hours,2013,1
IL,Illinois,COM,commercial,7.83,4216.71399,cents per kilowatt-hour,million kilowatt hours,2013,1
IL,Illinois,IND,industrial,5.74,3808.56068,cents per kilowatt-hour,million kilowatt hours,2013,1
IL,Illinois,RES,residential,10.42,4276.11259,cents per kilowatt-hour,million kilowatt hours,2013,1
NY,New York,COM,commercial,14.83,6265.09822,cents per kilowatt-hour,million kilowatt hours,2013,1
NY,New York,IND,industrial,7.26,1493.20452,cents per kilowatt-hour,million kilowatt hours,2013,1
NY,New York,RES,residential,17.93,4466.17297,cents per kilowatt-hour,million kilowatt hours,2013,1
TX,Texas,COM,commercial,8.02,10333.29885,cents per kilowatt-hour,million kilowatt hours,2013,1
TX,Texas,IND,industrial,5.45,8161.86249,cents per kilowatt-hour,million kilowatt hours,2013,1
TX,Texas,RES,residential,10.84,12077.73677,cents per kilowatt-hour,million kilowatt hours,2013,1
CA,California,COM,commercial,11.81,9410.81506,cents per kilowatt-hour,million kilowatt hours,2012,12
CA,California,IND,industrial,9.54,3726.08111,cents per kilowatt-hour,million kilowatt hours,2012,12
CA,California,RES,residential,15.49,7140.63542,cents per kilowatt-hour,million kilowatt hours,2012,12
CO,Colorado,COM,commercial,9.19,1624.91812,cents per kilowatt-hour,million kilowatt hours,2012,12
CO,Colorado,IND,industrial,6.68,1247.23675,cents per kilowatt-hour,million kilowatt hours,2012,12
CO,Colorado,RES,residential,11.07,1554.71588,cents per kilowatt-hour,million kilowatt hours,2012,12
IL,Illinois,COM,commercial,7.64,4114.48318,cents per kilowatt-hour,million kilowatt hours,2012,12
IL,Illinois,IND,industrial,5.54,3640.32989,cents per kilowatt-hour,million kilowatt hours,2012,12
IL,Illinois,RES,residential,10.62,3872.11682,cents per kilowatt-hour,million kilowatt hours,2012,12
NY,New York,COM,commercial,14.48,6038.02413,cents per kilowatt-hour,million kilowatt hours,2012,12
NY,New York,IND,industrial,6.16,1164.53929,cents per kilowatt-hour,million kilowatt hours,2012,12
NY,New York,RES,residential,17.47,4210.73573,cents per kilowatt-hour,million kilowatt hours,2012,12
TX,Texas,COM,commercial,7.97,9947.3441,cents per kilowatt-hour,million kilowatt hours,2012,12
TX,Texas,IND,industrial,5.54,7432.94536,cents per kilowatt-hour,million kilowatt hours,2012,12
TX,Texas,RES,residential,10.99,9581.71762,cents per kilowatt-hour,million kilowatt hours,2012,12
CA,California,COM,commercial,12.66,9680.20064,cents per kilowatt-hour,million kilowatt hours,2012,11
CA,California,IND,industrial,10.24,3886.2694,cents per kilowatt-hour,million kilowatt hours,2012,11
CA,California,RES,residential,14.88,6402.46289,cents per kilowatt-hour,million kilowatt hours,2012,11
CO,Colorado,COM,commercial,9.53,1570.7835,cents per kilowatt-hour,million kilowatt hours,2012,11
CO,Colorado,IND,industrial,7.0,1245.47478,cents per kilowatt-hour,million kilowatt hours,2012,11
CO,Colorado,RES,residential,11.38,1344.76784,cents per kilowatt-hour,million kilowatt hours,2012,11
IL,Illinois,COM,commercial,7.88,3859.48997,cents per kilowatt-hour,million kilowatt hours,2012,11
IL,Illinois,IND,industrial,5.62,3541.69624,cents per kilowatt-hour,million kilowatt hours,2012,11
IL,Illinois,RES,residential,11.35,3243.14751,cents per kilowatt-hour,million kilowatt hours,2012,11
NY,New York,COM,commercial,14.25,5682.95357,cents per kilowatt-hour,million kilowatt hours,2012,11
NY,New York,IND,industrial,6.18,1185.31015,cents per kilowatt-hour,million kilowatt hours,2012,11
NY,New York,RES,residential,17.44,3666.34259,cents per kilowatt-hour,million kilowatt hours,2012,11
TX,Texas,COM,commercial,7.96,10293.15975,cents per kilowatt-hour,million kilowatt hours,2012,11
TX,Texas,IND,industrial,5.49,7565.39394,cents per kilowatt-hour,million kilowatt hours,2012,11
TX,Texas,RES,residential,11.11,8519.96849,cents per kilowatt-hour,million kilowatt hours,2012,11
CA,California,COM,commercial,13.52,11313.04607,cents per kilowatt-hour,million kilowatt hours,2012,10
CA,California,IND,industrial,10.95,4253.06193,cents per kilowatt-hour,million kilowatt hours,2012,10
CA,California,RES,residential,14.22,8190.79068,cents per kilowatt-hour,million kilowatt hours,2012,10
CO,Colorado,COM,commercial,9.7,1598.62853,cents per kilowatt-hour,million kilowatt hours,2012,10
CO,Colorado,IND,industrial,7.32,1295.33091,cents per kilowatt-hour,million kilowatt hours,2012,10
CO,Colorado,RES,residential,11.33,1355.29769,cents per kilowatt-hour,million kilowatt hours,2012,10
IL,Illinois,COM,commercial,7.79,4173.52988,cents per kilowatt-hour,million kilowatt hours,2012,10
IL,Illinois,IND,industrial,5.69,3685.84594,cents per kilowatt-hour,million kilowatt hours,2012,10
IL,Illinois,RES,residential,11.91,3022.48394,cents per kilowatt-hour,million kilowatt hours,2012,10
NY,New York,COM,commercial,15.14,6140.38186,cents per kilowatt-hour,million kilowatt hours,2012,10
NY,New York,IND,industrial,6.09,1201.14986,cents per kilowatt-hour,million kilowatt hours,2012,10
NY,New York,RES,residential,18.44,3599.86639,cents per kilowatt-hour,million kilowatt hours,2012,10
TX,Texas,COM,commercial,8.06,11434.02578,cents per kilowatt-hour,million kilowatt hours,2012,10
TX,Texas,IND,industrial,5.51,8049.57222,cents per kilowatt-hour,million kilowatt hours,2012,10
TX,Texas,RES,residential,11.16,10215.87513,cents per kilowatt-hour,million kilowatt hours,2012,10
CA,California,COM,commercial,15.86,11009.3335,cents per kilowatt-hour,million kilowatt hours,2012,9
CA,California,IND,industrial,11.9,4161.53964,cents per kilowatt-hour,million kilowatt hours,2012,9
CA,California,RES,residential,16.82,8888.88202,cents per kilowatt-hour,million kilowatt hours,2012,9
CO,Colorado,COM,commercial,9.82,1747.52183,cents per kilowatt-hour,million kilowatt hours,2012,9
CO,Colorado,IND,industrial,7.26,1337.03528,cents per kilowatt-hour,million kilowatt hours,2012,9
CO,Colorado,RES,residential,12.11,1546.22579,cents per kilowatt-hour,million kilowatt hours,2012,9
IL,Illinois,COM,commercial,8.04,4302.71856,cents per kilowatt-hour,million kilowatt hours,2012,9
IL,Illinois,IND,industrial,5.71,3770.84814,cents per kilowatt-hour,million kilowatt hours,2012,9
IL,Illinois,RES,residential,11.36,3825.40687,cents per kilowatt-hour,million kilowatt hours,2012,9
NY,New York,COM,commercial,16.22,7248.95053,cents per kilowatt-hour,million kilowatt hours,2012,9
NY,New York,IND,industrial,6.24,1287.82373,cents per kilowatt-hour,million kilowatt hours,2012,9
NY,New York,RES,residential,18.52,4764.35277,cents per kilowatt-hour,million kilowatt hours,2012,9
TX,Texas,COM,commercial,8.14,12571.73675,cents per kilowatt-hour,million kilowatt hours,2012,9
TX,Texas,IND,industrial,5.71,8018.80343,cents per kilowatt-hour,million kilowatt hours,2012,9
TX,Texas,RES,residential,11.11,14009.27496,cents per kilowatt-hour,million kilowatt hours,2012,9
CA,California,COM,commercial,15.52,11910.68906,cents per kilowatt-hour,million kilowatt hours,2012,8
CA,California,IND,industrial,11.72,4479.72089,cents per kilowatt-hour,million kilowatt hours,2012,8
CA,California,RES,residential,16.46,9781.8335,cents per kilowatt-hour,million kilowatt hours,2012,8
CO,Colorado,COM,commercial,9.83,1851.95714,cents per kilowatt-hour,million kilowatt hours,2012,8
CO,Colorado,IND,industrial,7.32,1434.07779,cents per kilowatt-hour,million kilowatt hours,2012,8
CO,Colorado,RES,residential,12.15,1905.38886,cents per kilowatt-hour,million kilowatt hours,2012,8
IL,Illinois,COM,commercial,7.99,4821.31577,cents per kilowatt-hour,million kilowatt hours,2012,8
IL,Illinois,IND,industrial,5.93,4047.84088,cents per kilowatt-hour,million kilowatt hours,2012,8
IL,Illinois,RES,residential,10.78,5149.12373,cents per kilowatt-hour,million kilowatt hours,2012,8
NY,New York,COM,commercial,15.31,7302.88557,cents per kilowatt-hour,million kilowatt hours,2012,8
NY,New York,IND,industrial,7.38,1156.31606,cents per kilowatt-hour,million kilowatt hours,2012,8
NY,New York,RES,residential,18.12,5652.10707,cents per kilowatt-hour,million kilowatt hours,2012,8
TX,Texas,COM,commercial,8.15,13644.55234,cents per kilowatt-hour,million kilowatt hours,2012,8
TX,Texas,IND,industrial,5.9,8643.33762,cents per kilowatt-hour,million kilowatt hours,2012,8
TX,Texas,RES,residential,10.96,16932.27557,cents per kilowatt-hour,million kilowatt hours,2012,8
CA,California,COM,commercial,14.8,10817.4663,cents per kilowatt-hour,million kilowatt hours,2012,7
CA,California,IND,industrial,11.21,4320.57809,cents per kilowatt-hour,million kilowatt hours,2012,7
CA,California,RES,residential,15.22,8137.82118,cents per kilowatt-hour,million kilowatt hours,2012,7
CO,Colorado,COM,commercial,9.8,1942.00309,cents per kilowatt-hour,million kilowatt hours,2012,7
CO,Colorado,IND,industrial,7.31,1424.63352,cents per kilowatt-hour,million kilowatt hours,2012,7
CO,Colorado,RES,residential,12.32,1971.8882,cents per kilowatt-hour,million kilowatt hours,2012,7
IL,Illinois,COM,commercial,7.98,5057.89215,cents per kilowatt-hour,million kilowatt hours,2012,7
IL,Illinois,IND,industrial,5.85,4200.10489,cents per kilowatt-hour,million kilowatt hours,2012,7
IL,Illinois,RES,residential,10.81,6329.7579,cents per kilowatt-hour,million kilowatt hours,2012,7
NY,New York,COM,commercial,16.46,7347.84037,cents per kilowatt-hour,million kilowatt hours,2012,7
NY,New York,IND,industrial,7.27,1156.30158,cents per kilowatt-hour,million kilowatt hours,2012,7
NY,New York,RES,residential,18.38,5485.30637,cents per kilowatt-hour,million kilowatt hours,2012,7
TX,Texas,COM,commercial,8.08,13131.07173,cents per kilowatt-hour,million kilowatt hours,2012,7
TX,Texas,IND,industrial,5.87,8320.95201,cents per kilowatt-hour,million kilowatt hours,2012,7
TX,Texas,RES,residential,10.87,16050.08613,cents per kilowatt-hour,million kilowatt hours,2012,7
CA,California,COM,commercial,15.19,10769.44726,cents per kilowatt-hour,million kilowatt hours,2012,6
CA,California,IND,industrial,11.19,4039.22755,cents per kilowatt-hour,million kilowatt hours,2012,6
CA,California,RES,residential,15.92,7148.50528,cents per kilowatt-hour,million kilowatt hours,2012,6
CO,Colorado,COM,commercial,9.93,1828.31279,cents per kilowatt-hour,million kilowatt hours,2012,6
CO,Colorado,IND,industrial,7.03,1354.13698,cents per kilowatt-hour,million kilowatt hours,2012,6
CO,Colorado,RES,residential,12.01,1596.88057,cents per kilowatt-hour,million kilowatt hours,2012,6
IL,Illinois,COM,commercial,7.76,4486.97696,cents per kilowatt-hour,million kilowatt hours,2012,6
IL,Illinois,IND,industrial,5.67,3818.27334,cents per kilowatt-hour,million kilowatt hours,2012,6
IL,Illinois,RES,residential,11.24,4530.62735,cents per kilowatt-hour,million kilowatt hours,2012,6
NY,New York,COM,commercial,15.93,6546.23294,cents per kilowatt-hour,million kilowatt hours,2012,6
NY,New York,IND,industrial,7.12,1147.90666,cents per kilowatt-hour,million kilowatt hours,2012,6
NY,New York,RES,residential,18.31,4135.25376,cents per kilowatt-hour,million kilowatt hours,2012,6
TX,Texas,COM,commercial,8.15,12050.55829,cents per kilowatt-hour,million kilowatt hours,2012,6
TX,Texas,IND,industrial,5.6,8037.94625,cents per kilowatt-hour,million kilowatt hours,2012,6
TX,Texas,RES,residential,10.97,13993.38328,cents per kilowatt-hour,million kilowatt hours,2012,6
CA,California,COM,commercial,12.65,10036.52623,cents per kilowatt-hour,million kilowatt hours,2012,5
CA,California,IND,industrial,9.92,3926.72285,cents per kilowatt-hour,million kilowatt hours,2012,5
CA,California,RES,residential,15.02,6579.55241,cents per kilowatt-hour,million kilowatt hours,2012,5
CO,Colorado,COM,commercial,9.27,1636.55766,cents per kilowatt-hour,million kilowatt hours,2012,5
CO,Colorado,IND,industrial,6.92,1306.27019,cents per kilowatt-hour,million kilowatt hours,2012,5
CO,Colorado,RES,residential,11.27,1267.87863,cents per kilowatt-hour,million kilowatt hours,2012,5
IL,Illinois,COM,commercial,8.26,4056.67059,cents per kilowatt-hour,million kilowatt hours,2012,5
IL,Illinois,IND,industrial,6.0,3824.82993,cents per kilowatt-hour,million kilowatt hours,2012,5
IL,Illinois,RES,residential,12.73,3205.65642,cents per kilowatt-hour,million kilowatt hours,2012,5
NY,New York,COM,commercial,14.61,5843.52288,cents per kilowatt-hour,million kilowatt hours,2012,5
NY,New York,IND,industrial,6.71,1098.93096,cents per kilowatt-hour,million kilowatt hours,2012,5
NY,New York,RES,residential,17.33,3548.2811,cents per kilowatt-hour,million kilowatt hours,2012,5
TX,Texas,COM,commercial,8.09,11161.92457,cents per kilowatt-hour,million kilowatt hours,2012,5
TX,Texas,IND,industrial,5.37,8060.81972,cents per kilowatt-hour,million kilowatt hours,2012,5
TX,Texas,RES,residential,10.84,10826.49089,cents per kilowatt-hour,million kilowatt hours,2012,5
CA,California,COM,commercial,11.93,8991.37118,cents per kilowatt-hour,million kilowatt hours,2012,4
CA,California,IND,industrial,9.65,3665.53549,cents per kilowatt-hour,million kilowatt hours,2012,4
CA,California,RES,residential,14.66,6235.68229,cents per kilowatt-hour,million kilowatt hours,2012,4
CO,Colorado,COM,commercial,9.04,1522.33396,cents per kilowatt-hour,million kilowatt hours,2012,4
CO,Colorado,IND,industrial,6.71,1210.92291,cents per kilowatt-hour,million kilowatt hours,2012,4
CO,Colorado,RES,residential,11.04,1226.44472,cents per kilowatt-hour,million kilowatt hours,2012,4
IL,Illinois,COM,commercial,8.16,3694.69177,cents per kilowatt-hour,million kilowatt hours,2012,4
IL,Illinois,IND,industrial,5.78,3643.8404,cents per kilowatt-hour,million kilowatt hours,2012,4
IL,Illinois,RES,residential,12.45,2722.09273,cents per kilowatt-hour,million kilowatt hours,2012,4
NY,New York,COM,commercial,14.53,5738.79456,cents per kilowatt-hour,million kilowatt hours,2012,4
NY,New York,IND,industrial,6.68,1114.88889,cents per kilowatt-hour,million kilowatt hours,2012,4
NY,New York,RES,residential,16.71,3394.31305,cents per kilowatt-hour,million kilowatt hours,2012,4
TX,Texas,COM,commercial,8.18,9982.14133,cents per kilowatt-hour,million kilowatt hours,2012,4
TX,Texas,IND,industrial,5.23,7684.04677,cents per kilowatt-hour,million kilowatt hours,2012,4
TX,Texas,RES,residential,11.02,8666.9289,cents per kilowatt-hour,million kilowatt hours,2012,4
CA,California,COM,commercial,11.7,9591.1277,cents per kilowatt-hour,million kilowatt hours,2012,3
CA,California,IND,industrial,9.54,3675.20703,cents per kilowatt-hour,million kilowatt hours,2012,3
CA,California,RES,residential,14.7,6855.42007,cents per kilowatt-hour,million kilowatt hours,2012,3
CO,Colorado,COM,commercial,8.94,1551.69844,cents per kilowatt-hour,million kilowatt hours,2012,3
CO,Colorado,IND,industrial,6.69,1211.82693,cents per kilowatt-hour,million kilowatt hours,2012,3
CO,Colorado,RES,residential,10.84,1369.26562,cents per kilowatt-hour,million kilowatt hours,2012,3
IL,Illinois,COM,commercial,8.1,3985.62254,cents per kilowatt-hour,million kilowatt hours,2012,3
IL,Illinois,IND,industrial,5.8,3711.63684,cents per kilowatt-hour,million kilowatt hours,2012,3
IL,Illinois,RES,residential,11.97,3218.69527,cents per kilowatt-hour,million kilowatt hours,2012,3
NY,New York,COM,commercial,14.3,5934.97766,cents per kilowatt-hour,million kilowatt hours,2012,3
NY,New York,IND,industrial,6.84,1100.56431,cents per kilowatt-hour,million kilowatt hours,2012,3
NY,New York,RES,residential,16.64,3791.74235,cents per kilowatt-hour,million kilowatt hours,2012,3
TX,Texas,COM,commercial,8.27,9706.68656,cents per kilowatt-hour,million kilowatt hours,2012,3
TX,Texas,IND,industrial,5.41,7868.18589,cents per kilowatt-hour,million kilowatt hours,2012,3
TX,Texas,RES,residential,11.01,8584.69875,cents per kilowatt-hour,million kilowatt hours,2012,3
CA,California,COM,commercial,11.99,8841.36145,cents per kilowatt-hour,million kilowatt hours,2012,2
CA,California,IND,industrial,9.65,3431.59313,cents per kilowatt-hour,million kilowatt hours,2012,2
CA,California,RES,residential,14.56,6724.11704,cents per kilowatt-hour,million kilowatt hours,2012,2
CO,Colorado,COM,commercial,8.86,1527.46552,cents per kilowatt-hour,million kilowatt hours,2012,2
CO,Colorado,IND,industrial,6.45,1159.55646,cents per kilowatt-hour,million kilowatt hours,2012,2
CO,Colorado,RES,residential,10.76,1454.01723,cents per kilowatt-hour,million kilowatt hours,2012,2
IL,Illinois,COM,commercial,8.24,3946.78884,cents per kilowatt-hour,million kilowatt hours,2012,2
IL,Illinois,IND,industrial,5.91,3649.2517,cents per kilowatt-hour,million kilowatt hours,2012,2
IL,Illinois,RES,residential,11.45,3630.5961,cents per kilowatt-hour,million kilowatt hours,2012,2
NY,New York,COM,commercial,14.25,5987.17098,cents per kilowatt-hour,million kilowatt hours,2012,2
NY,New York,IND,industrial,6.75,1049.61165,cents per kilowatt-hour,million kilowatt hours,2012,2
NY,New York,RES,residential,16.51,4046.41341,cents per kilowatt-hour,million kilowatt hours,2012,2
TX,Texas,COM,commercial,8.51,9340.3418,cents per kilowatt-hour,million kilowatt hours,2012,2
TX,Texas,IND,industrial,5.58,7218.4825,cents per kilowatt-hour,million kilowatt hours,2012,2
TX,Texas,RES,residential,11.05,9164.53118,cents per kilowatt-hour,million kilowatt hours,2012,2
CA,California,COM,commercial,11.73,9420.15156,cents per kilowatt-hour,million kilowatt hours,2012,1
CA,California,IND,industrial,9.59,3386.17687,cents per kilowatt-hour,million kilowatt hours,2012,1
CA,California,RES,residential,15.29,8024.29224,cents per kilowatt-hour,million kilowatt hours,2012,1
CO,Colorado,COM,commercial,8.49,1595.04544,cents per kilowatt-hour,million kilowatt hours,2012,1
CO,Colorado,IND,industrial,6.44,1188.73251,cents per kilowatt-hour,million kilowatt hours,2012,1
CO,Colorado,RES,residential,10.61,1627.59397,cents per kilowatt-hour,million kilowatt hours,2012,1
IL,Illinois,COM,commercial,8.06,4307.73282,cents per kilowatt-hour,million kilowatt hours,2012,1
IL,Illinois,IND,industrial,6.05,3742.94579,cents per kilowatt-hour,million kilowatt hours,2012,1
IL,Illinois,RES,residential,11.21,4152.16537,cents per kilowatt-hour,million kilowatt hours,2012,1
NY,New York,COM,commercial,14.44,6206.22696,cents per kilowatt-hour,million kilowatt hours,2012,1
NY,New York,IND,industrial,7.07,1041.98686,cents per kilowatt-hour,million kilowatt hours,2012,1
NY,New York,RES,residential,16.79,4396.7914,cents per kilowatt-hour,million kilowatt hours,2012,1
TX,Texas,COM,commercial,8.41,9841.451,cents per kilowatt-hour,million kilowatt hours,2012,1
TX,Texas,IND,industrial,5.58,7616.83729,cents per kilowatt-hour,million kilowatt hours,2012,1
TX,Texas,RES,residential,10.77,10866.4021,cents per kilowatt-hour,million kilowatt hours,2012,1
CA,California,COM,commercial,11.16,9954.72719,cents per kilowatt-hour,million kilowatt hours,2011,12
CA,California,IND,industrial,8.94,4041.35424,cents per kilowatt-hour,million kilowatt hours,2011,12
CA,California,RES,residential,14.78,7744.68379,cents per kilowatt-hour,million kilowatt hours,2011,12
CO,Colorado,COM,commercial,9.01,1636.67164,cents per kilowatt-hour,million kilowatt hours,2011,12
CO,Colorado,IND,industrial,6.69,1240.25449,cents per kilowatt-hour,million kilowatt hours,2011,12
CO,Colorado,RES,residential,10.78,1645.9158,cents per kilowatt-hour,million kilowatt hours,2011,12
IL,Illinois,COM,commercial,8.13,4103.33416,cents per kilowatt-hour,million kilowatt hours,2011,12
IL,Illinois,IND,industrial,6.22,3711.46065,cents per kilowatt-hour,million kilowatt hours,2011,12
IL,Illinois,RES,residential,11.14,3863.67144,cents per kilowatt-hour,million kilowatt hours,2011,12
NY,New York,COM,commercial,14.43,6083.36512,cents per kilowatt-hour,million kilowatt hours,2011,12
NY,New York,IND,industrial,7.24,1077.22758,cents per kilowatt-hour,million kilowatt hours,2011,12
NY,New York,RES,residential,17.26,4053.91841,cents per kilowatt-hour,million kilowatt hours,2011,12
TX,Texas,COM,commercial,8.49,9506.50287,cents per kilowatt-hour,million kilowatt hours,2011,12
TX,Texas,IND,industrial,5.82,7965.84069,cents per kilowatt-hour,million kilowatt hours,2011,12
TX,Texas,RES,residential,10.89,10249.01821,cents per kilowatt-hour,million kilowatt hours,2011,12
CA,California,COM,commercial,12.13,9840.7502,cents per kilowatt-hour,million kilowatt hours,2011,11
CA,California,IND,industrial,9.83,4074.52171,cents per kilowatt-hour,million kilowatt hours,2011,11
CA,California,RES,residential,14.87,6455.0218,cents per kilowatt-hour,million kilowatt hours,2011,11
CO,Colorado,COM,commercial,9.45,1583.81833,cents per kilowatt-hour,million kilowatt hours,2011,11
CO,Colorado,IND,industrial,7.31,1218.84798,cents per kilowatt-hour,million kilowatt hours,2011,11
CO,Colorado,RES,residential,11.01,1377.64363,cents per kilowatt-hour,million kilowatt hours,2011,11
IL,Illinois,COM,commercial,8.67,3854.64793,cents per kilowatt-hour,million kilowatt hours,2011,11
IL,Illinois,IND,industrial,6.45,3657.62703,cents per kilowatt-hour,million kilowatt hours,2011,11
IL,Illinois,RES,residential,12.38,3154.58265,cents per kilowatt-hour,million kilowatt hours,2011,11
NY,New York,COM,commercial,14.61,5786.54778,cents per kilowatt-hour,million kilowatt hours,2011,11
NY,New York,IND,industrial,6.94,1089.24214,cents per kilowatt-hour,million kilowatt hours,2011,11
NY,New York,RES,residential,17.93,3620.78169,cents per kilowatt-hour,million kilowatt hours,2011,11
TX,Texas,COM,commercial,8.62,9231.4882,cents per kilowatt-hour,million kilowatt hours,2011,11
TX,Texas,IND,industrial,5.94,8164.93201,cents per kilowatt-hour,million kilowatt hours,2011,11
TX,Texas,RES,residential,11.19,8100.96037,cents per kilowatt-hour,million kilowatt hours,2011,11
CA,California,COM,commercial,13.63,10547.79718,cents per kilowatt-hour,million kilowatt hours,2011,10
CA,California,IND,industrial,10.9,4365.85375,cents per kilowatt-hour,million kilowatt hours,2011,10
CA,California,RES,residential,14.16,7088.16811,cents per kilowatt-hour,million kilowatt hours,2011,10
CO,Colorado,COM,commercial,9.51,1630.1297,cents per kilowatt-hour,million kilowatt hours,2011,10
CO,Colorado,IND,industrial,7.13,1265.29477,cents per kilowatt-hour,million kilowatt hours,2011,10
CO,Colorado,RES,residential,11.04,1337.5157,cents per kilowatt-hour,million kilowatt hours,2011,10
IL,Illinois,COM,commercial,8.54,4018.62349,cents per kilowatt-hour,million kilowatt hours,2011,10
IL,Illinois,IND,industrial,6.07,3718.03769,cents per kilowatt-hour,million kilowatt hours,2011,10
IL,Illinois,RES,residential,12.85,2931.3978,cents per kilowatt-hour,million kilowatt hours,2011,10
NY,New York,COM,commercial,15.71,6192.30036,cents per kilowatt-hour,million kilowatt hours,2011,10
NY,New York,IND,industrial,7.4,1175.02245,cents per kilowatt-hour,million kilowatt hours,2011,10
NY,New York,RES,residential,18.78,3743.97916,cents per kilowatt-hour,million kilowatt hours,2011,10
TX,Texas,COM,commercial,8.6,10812.29126,cents per kilowatt-hour,million kilowatt hours,2011,10
TX,Texas,IND,industrial,5.96,8645.05717,cents per kilowatt-hour,million kilowatt hours,2011,10
TX,Texas,RES,residential,11.23,10291.5595,cents per kilowatt-hour,million kilowatt hours,2011,10
CA,California,COM,commercial,14.52,11684.22283,cents per kilowatt-hour,million kilowatt hours,2011,9
CA,California,IND,industrial,11.02,4565.91649,cents per kilowatt-hour,million kilowatt hours,2011,9
CA,California,RES,residential,14.8,8822.65174,cents per kilowatt-hour,million kilowatt hours,2011,9
CO,Colorado,COM,commercial,9.97,1734.8181,cents per kilowatt-hour,million kilowatt hours,2011,9
CO,Colorado,IND,industrial,7.6,1347.46926,cents per kilowatt-hour,million kilowatt hours,2011,9
CO,Colorado,RES,residential,11.98,1570.21987,cents per kilowatt-hour,million kilowatt hours,2011,9
IL,Illinois,COM,commercial,8.53,4248.52333,cents per kilowatt-hour,million kilowatt hours,2011,9
IL,Illinois,IND,industrial,6.23,3787.65968,cents per kilowatt-hour,million kilowatt hours,2011,9
IL,Illinois,RES,residential,12.76,3690.00024,cents per kilowatt-hour,million kilowatt hours,2011,9
NY,New York,COM,commercial,16.73,6876.6443,cents per kilowatt-hour,million kilowatt hours,2011,9
NY,New York,IND,industrial,7.37,1098.94022,cents per kilowatt-hour,million kilowatt hours,2011,9
NY,New York,RES,residential,18.84,4600.36815,cents per kilowatt-hour,million kilowatt hours,2011,9
TX,Texas,COM,commercial,9.03,12619.25474,cents per kilowatt-hour,million kilowatt hours,2011,9
TX,Texas,IND,industrial,6.69,8870.96008,cents per kilowatt-hour,million kilowatt hours,2011,9
TX,Texas,RES,residential,11.16,15104.07099,cents per kilowatt-hour,million kilowatt hours,2011,9
CA,California,COM,commercial,14.73,12177.68794,cents per kilowatt-hour,million kilowatt hours,2011,8
CA,California,IND,industrial,11.28,4738.05168,cents per kilowatt-hour,million kilowatt hours,2011,8
CA,California,RES,residential,15.15,9083.99875,cents per kilowatt-hour,million kilowatt hours,2011,8
CO,Colorado,COM,commercial,10.25,1905.99148,cents per kilowatt-hour,million kilowatt hours,2011,8
CO,Colorado,IND,industrial,7.4,1469.6842,cents per kilowatt-hour,million kilowatt hours,2011,8
CO,Colorado,RES,residential,12.16,1910.09443,cents per kilowatt-hour,million kilowatt hours,2011,8
IL,Illinois,COM,commercial,9.16,4830.34724,cents per kilowatt-hour,million kilowatt hours,2011,8
IL,Illinois,IND,industrial,6.85,4131.58408,cents per kilowatt-hour,million kilowatt hours,2011,8
IL,Illinois,RES,residential,11.55,5168.26973,cents per kilowatt-hour,million kilowatt hours,2011,8
NY,New York,COM,commercial,17.05,7322.46612,cents per kilowatt-hour,million kilowatt hours,2011,8
NY,New York,IND,industrial,8.36,1195.39967,cents per kilowatt-hour,million kilowatt hours,2011,8
NY,New York,RES,residential,19.25,5406.84549,cents per kilowatt-hour,million kilowatt hours,2011,8
TX,Texas,COM,commercial,9.14,13643.81284,cents per kilowatt-hour,million kilowatt hours,2011,8
TX,Texas,IND,industrial,7.27,9396.64667,cents per kilowatt-hour,million kilowatt hours,2011,8
TX,Texas,RES,residential,11.15,18620.65655,cents per kilowatt-hour,million kilowatt hours,2011,8
CA,California,COM,commercial,15.19,10804.38473,cents per kilowatt-hour,million kilowatt hours,2011,7
CA,California,IND,industrial,11.35,4287.17112,cents per kilowatt-hour,million kilowatt hours,2011,7
CA,California,RES,residential,15.7,8191.63935,cents per kilowatt-hour,million kilowatt hours,2011,7
CO,Colorado,COM,commercial,10.03,1898.22769,cents per kilowatt-hour,million kilowatt hours,2011,7
CO,Colorado,IND,industrial,7.8,1407.34177,cents per kilowatt-hour,million kilowatt hours,2011,7
CO,Colorado,RES,residential,12.16,1872.74812,cents per kilowatt-hour,million kilowatt hours,2011,7
IL,Illinois,COM,commercial,8.8,4889.51372,cents per kilowatt-hour,million kilowatt hours,2011,7
IL,Illinois,IND,industrial,6.5,3912.96149,cents per kilowatt-hour,million kilowatt hours,2011,7
IL,Illinois,RES,residential,11.91,5911.0063,cents per kilowatt-hour,million kilowatt hours,2011,7
NY,New York,COM,commercial,17.26,7388.96882,cents per kilowatt-hour,million kilowatt hours,2011,7
NY,New York,IND,industrial,8.09,1175.71155,cents per kilowatt-hour,million kilowatt hours,2011,7
NY,New York,RES,residential,19.22,5386.77154,cents per kilowatt-hour,million kilowatt hours,2011,7
TX,Texas,COM,commercial,8.84,12431.79896,cents per kilowatt-hour,million kilowatt hours,2011,7
TX,Texas,IND,industrial,6.47,8816.93127,cents per kilowatt-hour,million kilowatt hours,2011,7
TX,Texas,RES,residential,11.16,17285.91771,cents per kilowatt-hour,million kilowatt hours,2011,7
CA,California,COM,commercial,14.73,10584.21671,cents per kilowatt-hour,million kilowatt hours,2011,6
CA,California,IND,industrial,10.85,4332.08717,cents per kilowatt-hour,million kilowatt hours,2011,6
CA,California,RES,residential,14.81,6803.68542,cents per kilowatt-hour,million kilowatt hours,2011,6
CO,Colorado,COM,commercial,10.15,1663.58913,cents per kilowatt-hour,million kilowatt hours,2011,6
CO,Colorado,IND,industrial,7.27,1300.91002,cents per kilowatt-hour,million kilowatt hours,2011,6
CO,Colorado,RES,residential,11.95,1454.29244,cents per kilowatt-hour,million kilowatt hours,2011,6
IL,Illinois,COM,commercial,9.0,4307.39877,cents per kilowatt-hour,million kilowatt hours,2011,6
IL,Illinois,IND,industrial,6.68,3750.03677,cents per kilowatt-hour,million kilowatt hours,2011,6
IL,Illinois,RES,residential,12.06,4055.73492,cents per kilowatt-hour,million kilowatt hours,2011,6
NY,New York,COM,commercial,17.01,6591.36646,cents per kilowatt-hour,million kilowatt hours,2011,6
NY,New York,IND,industrial,7.87,1153.64767,cents per kilowatt-hour,million kilowatt hours,2011,6
NY,New York,RES,residential,19.07,4137.92826,cents per kilowatt-hour,million kilowatt hours,2011,6
TX,Texas,COM,commercial,8.95,11965.15064,cents per kilowatt-hour,million kilowatt hours,2011,6
TX,Texas,IND,industrial,6.44,8939.92055,cents per kilowatt-hour,million kilowatt hours,2011,6
TX,Texas,RES,residential,11.25,14819.56319,cents per kilowatt-hour,million kilowatt hours,2011,6
CA,California,COM,commercial,12.64,9906.69623,cents per kilowatt-hour,million kilowatt hours,2011,5
CA,California,IND,industrial,9.7,4056.19417,cents per kilowatt-hour,million kilowatt hours,2011,5
CA,California,RES,residential,14.62,6159.20064,cents per kilowatt-hour,million kilowatt hours,2011,5
CO,Colorado,COM,commercial,9.32,1576.9763,cents per kilowatt-hour,million kilowatt hours,2011,5
CO,Colorado,IND,industrial,6.94,1252.29189,cents per kilowatt-hour,million kilowatt hours,2011,5
CO,Colorado,RES,residential,11.15,1246.9824,cents per kilowatt-hour,million kilowatt hours,2011,5
IL,Illinois,COM,commercial,8.84,3935.9777,cents per kilowatt-hour,million kilowatt hours,2011,5
IL,Illinois,IND,industrial,6.35,3577.85036,cents per kilowatt-hour,million kilowatt hours,2011,5
IL,Illinois,RES,residential,12.37,3107.95703,cents per kilowatt-hour,million kilowatt hours,2011,5
NY,New York,COM,commercial,15.58,5821.56443,cents per kilowatt-hour,million kilowatt hours,2011,5
NY,New York,IND,industrial,7.65,1082.88023,cents per kilowatt-hour,million kilowatt hours,2011,5
NY,New York,RES,residential,18.3,3557.05379,cents per kilowatt-hour,million kilowatt hours,2011,5
TX,Texas,COM,commercial,8.8,10293.11519,cents per kilowatt-hour,million kilowatt hours,2011,5
TX,Texas,IND,industrial,6.0,8654.48682,cents per kilowatt-hour,million kilowatt hours,2011,5
TX,Texas,RES,residential,11.27,10221.16945,cents per kilowatt-hour,million kilowatt hours,2011,5
CA,California,COM,commercial,11.93,9093.10159,cents per kilowatt-hour,million kilowatt hours,2011,4
CA,California,IND,industrial,9.33,3992.00766,cents per kilowatt-hour,million kilowatt hours,2011,4
CA,California,RES,residential,14.12,6259.35391,cents per kilowatt-hour,million kilowatt hours,2011,4
CO,Colorado,COM,commercial,9.29,1542.21048,cents per kilowatt-hour,million kilowatt hours,2011,4
CO,Colorado,IND,industrial,6.96,1186.1159,cents per kilowatt-hour,million kilowatt hours,2011,4
CO,Colorado,RES,residential,11.1,1272.07009,cents per kilowatt-hour,million kilowatt hours,2011,4
IL,Illinois,COM,commercial,8.65,3779.85094,cents per kilowatt-hour,million kilowatt hours,2011,4
IL,Illinois,IND,industrial,6.33,3574.31307,cents per kilowatt-hour,million kilowatt hours,2011,4
IL,Illinois,RES,residential,11.88,3012.84189,cents per kilowatt-hour,million kilowatt hours,2011,4
NY,New York,COM,commercial,15.09,5709.89442,cents per kilowatt-hour,million kilowatt hours,2011,4
NY,New York,IND,industrial,7.55,1131.76561,cents per kilowatt-hour,million kilowatt hours,2011,4
NY,New York,RES,residential,17.63,3675.74012,cents per kilowatt-hour,million kilowatt hours,2011,4
TX,Texas,COM,commercial,8.68,9707.56697,cents per kilowatt-hour,million kilowatt hours,2011,4
TX,Texas,IND,industrial,5.87,8579.33162,cents per kilowatt-hour,million kilowatt hours,2011,4
TX,Texas,RES,residential,11.16,8670.98529,cents per kilowatt-hour,million kilowatt hours,2011,4
CA,California,COM,commercial,11.32,10030.89072,cents per kilowatt-hour,million kilowatt hours,2011,3
CA,California,IND,industrial,9.12,4015.31997,cents per kilowatt-hour,million kilowatt hours,2011,3
CA,California,RES,residential,14.27,7399.07879,cents per kilowatt-hour,million kilowatt hours,2011,3
CO,Colorado,COM,commercial,8.82,1549.17711,cents per kilowatt-hour,million kilowatt hours,2011,3
CO,Colorado,IND,industrial,6.5,1223.55551,cents per kilowatt-hour,million kilowatt hours,2011,3
CO,Colorado,RES,residential,10.58,1414.46205,cents per kilowatt-hour,million kilowatt hours,2011,3
IL,Illinois,COM,commercial,8.57,4029.25995,cents per kilowatt-hour,million kilowatt hours,2011,3
IL,Illinois,IND,industrial,6.48,3721.99055,cents per kilowatt-hour,million kilowatt hours,2011,3
IL,Illinois,RES,residential,11.9,3501.73965,cents per kilowatt-hour,million kilowatt hours,2011,3
NY,New York,COM,commercial,14.8,6147.99663,cents per kilowatt-hour,million kilowatt hours,2011,3
NY,New York,IND,industrial,7.89,1078.6432,cents per kilowatt-hour,million kilowatt hours,2011,3
NY,New York,RES,residential,17.58,4038.11024,cents per kilowatt-hour,million kilowatt hours,2011,3
TX,Texas,COM,commercial,8.92,9555.39003,cents per kilowatt-hour,million kilowatt hours,2011,3
TX,Texas,IND,industrial,6.08,8287.00978,cents per kilowatt-hour,million kilowatt hours,2011,3
TX,Texas,RES,residential,11.13,8617.85188,cents per kilowatt-hour,million kilowatt hours,2011,3
CA,California,COM,commercial,11.85,8805.89377,cents per kilowatt-hour,million kilowatt hours,2011,2
CA,California,IND,industrial,9.29,3681.85754,cents per kilowatt-hour,million kilowatt hours,2011,2
CA,California,RES,residential,14.38,6587.20953,cents per kilowatt-hour,million kilowatt hours,2011,2
CO,Colorado,COM,commercial,8.81,1526.88635,cents per kilowatt-hour,million kilowatt hours,2011,2
CO,Colorado,IND,industrial,6.61,1132.16294,cents per kilowatt-hour,million kilowatt hours,2011,2
CO,Colorado,RES,residential,10.47,1483.13235,cents per kilowatt-hour,million kilowatt hours,2011,2
IL,Illinois,COM,commercial,8.64,4076.08856,cents per kilowatt-hour,million kilowatt hours,2011,2
IL,Illinois,IND,industrial,6.43,3493.29855,cents per kilowatt-hour,million kilowatt hours,2011,2
IL,Illinois,RES,residential,11.19,3975.5713,cents per kilowatt-hour,million kilowatt hours,2011,2
NY,New York,COM,commercial,15.18,6141.51435,cents per kilowatt-hour,million kilowatt hours,2011,2
NY,New York,IND,industrial,8.67,1068.04828,cents per kilowatt-hour,million kilowatt hours,2011,2
NY,New York,RES,residential,17.45,4300.85056,cents per kilowatt-hour,million kilowatt hours,2011,2
TX,Texas,COM,commercial,8.93,8904.17997,cents per kilowatt-hour,million kilowatt hours,2011,2
TX,Texas,IND,industrial,6.3,7451.48433,cents per kilowatt-hour,million kilowatt hours,2011,2
TX,Texas,RES,residential,10.65,11584.00972,cents per kilowatt-hour,million kilowatt hours,2011,2
CA,California,COM,commercial,11.44,9350.54791,cents per kilowatt-hour,million kilowatt hours,2011,1
CA,California,IND,industrial,9.02,3785.44052,cents per kilowatt-hour,million kilowatt hours,2011,1
CA,California,RES,residential,15.24,7803.72418,cents per kilowatt-hour,million kilowatt hours,2011,1
CO,Colorado,COM,commercial,8.34,1640.73472,cents per kilowatt-hour,million kilowatt hours,2011,1
CO,Colorado,IND,industrial,6.2,1197.88529,cents per kilowatt-hour,million kilowatt hours,2011,1
CO,Colorado,RES,residential,10.37,1691.72212,cents per kilowatt-hour,million kilowatt hours,2011,1
IL,Illinois,COM,commercial,8.07,4394.47222,cents per kilowatt-hour,million kilowatt hours,2011,1
IL,Illinois,IND,industrial,6.4,3807.2911,cents per kilowatt-hour,million kilowatt hours,2011,1
IL,Illinois,RES,residential,10.31,4684.2291,cents per kilowatt-hour,million kilowatt hours,2011,1
NY,New York,COM,commercial,15.4,6343.17121,cents per kilowatt-hour,million kilowatt hours,2011,1
NY,New York,IND,industrial,8.97,1093.62442,cents per kilowatt-hour,million kilowatt hours,2011,1
NY,New York,RES,residential,17.25,4717.2516,cents per kilowatt-hour,million kilowatt hours,2011,1
TX,Texas,COM,commercial,8.69,9543.13831,cents per kilowatt-hour,million kilowatt hours,2011,1
TX,Texas,IND,industrial,5.81,8356.26801,cents per kilowatt-hour,million kilowatt hours,2011,1
TX,Texas,RES,residential,10.7,12088.46517,cents per kilowatt-hour,million kilowatt hours,2011,1
CA,California,COM,commercial,11.47,10109.24847,cents per kilowatt-hour,million kilowatt hours,2010,12
CA,California,IND,industrial,8.59,4153.63052,cents per kilowatt-hour,million kilowatt hours,2010,12
CA,California,RES,residential,14.96,7965.58849,cents per kilowatt-hour,million kilowatt hours,2010,12
CO,Colorado,COM,commercial,8.26,1592.534,cents per kilowatt-hour,million kilowatt hours,2010,12
CO,Colorado,IND,industrial,6.38,1261.89439,cents per kilowatt-hour,million kilowatt hours,2010,12
CO,Colorado,RES,residential,10.26,1560.41172,cents per kilowatt-hour,million kilowatt hours,2010,12
IL,Illinois,COM,commercial,8.02,4341.21684,cents per kilowatt-hour,million kilowatt hours,2010,12
IL,Illinois,IND,industrial,6.52,3717.57419,cents per kilowatt-hour,million kilowatt hours,2010,12
IL,Illinois,RES,residential,10.64,4382.51051,cents per kilowatt-hour,million kilowatt hours,2010,12
NY,New York,COM,commercial,15.63,6321.023,cents per kilowatt-hour,million kilowatt hours,2010,12
NY,New York,IND,industrial,8.48,1106.48514,cents per kilowatt-hour,million kilowatt hours,2010,12
NY,New York,RES,residential,17.72,4417.18431,cents per kilowatt-hour,million kilowatt hours,2010,12
TX,Texas,COM,commercial,8.92,8865.58149,cents per kilowatt-hour,million kilowatt hours,2010,12
TX,Texas,IND,industrial,6.32,7864.81787,cents per kilowatt-hour,million kilowatt hours,2010,12
TX,Texas,RES,residential,11.25,9920.10058,cents per kilowatt-hour,million kilowatt hours,2010,12
CA,California,COM,commercial,12.15,9665.59755,cents per kilowatt-hour,million kilowatt hours,2010,11
CA,California,IND,industrial,9.39,3996.23333,cents per kilowatt-hour,million kilowatt hours,2010,11
CA,California,RES,residential,14.67,6385.4984,cents per kilowatt-hour,million kilowatt hours,2010,11
CO,Colorado,COM,commercial,8.85,1581.89098,cents per kilowatt-hour,million kilowatt hours,2010,11
CO,Colorado,IND,industrial,6.41,1221.56734,cents per kilowatt-hour,million kilowatt hours,2010,11
CO,Colorado,RES,residential,10.39,1377.86918,cents per kilowatt-hour,million kilowatt hours,2010,11
IL,Illinois,COM,commercial,8.73,3933.17171,cents per kilowatt-hour,million kilowatt hours,2010,11
IL,Illinois,IND,industrial,6.6,3492.67549,cents per kilowatt-hour,million kilowatt hours,2010,11
IL,Illinois,RES,residential,11.98,3098.57206,cents per kilowatt-hour,million kilowatt hours,2010,11
NY,New York,COM,commercial,15.91,5758.27181,cents per kilowatt-hour,million kilowatt hours,2010,11
NY,New York,IND,industrial,8.3,1076.02154,cents per kilowatt-hour,million kilowatt hours,2010,11
NY,New York,RES,residential,18.25,3611.57084,cents per kilowatt-hour,million kilowatt hours,2010,11
TX,Texas,COM,commercial,8.75,8930.21184,cents per kilowatt-hour,million kilowatt hours,2010,11
TX,Texas,IND,industrial,6.07,8178.68889,cents per kilowatt-hour,million kilowatt hours,2010,11
TX,Texas,RES,residential,11.32,7623.61708,cents per kilowatt-hour,million kilowatt hours,2010,11
CA,California,COM,commercial,13.49,10677.02139,cents per kilowatt-hour,million kilowatt hours,2010,10
CA,California,IND,industrial,10.49,4372.16064,cents per kilowatt-hour,million kilowatt hours,2010,10
CA,California,RES,residential,14.11,7387.95087,cents per kilowatt-hour,million kilowatt hours,2010,10
CO,Colorado,COM,commercial,8.91,1614.24148,cents per kilowatt-hour,million kilowatt hours,2010,10
CO,Colorado,IND,industrial,7.06,1309.37469,cents per kilowatt-hour,million kilowatt hours,2010,10
CO,Colorado,RES,residential,10.53,1340.06039,cents per kilowatt-hour,million kilowatt hours,2010,10
IL,Illinois,COM,commercial,8.87,4102.19305,cents per kilowatt-hour,million kilowatt hours,2010,10
IL,Illinois,IND,industrial,6.61,3644.45434,cents per kilowatt-hour,million kilowatt hours,2010,10
IL,Illinois,RES,residential,12.22,2957.06827,cents per kilowatt-hour,million kilowatt hours,2010,10
NY,New York,COM,commercial,16.22,6155.3859,cents per kilowatt-hour,million kilowatt hours,2010,10
NY,New York,IND,industrial,8.71,1117.01476,cents per kilowatt-hour,million kilowatt hours,2010,10
NY,New York,RES,residential,18.36,3734.31173,cents per kilowatt-hour,million kilowatt hours,2010,10
TX,Texas,COM,commercial,9.06,10338.76492,cents per kilowatt-hour,million kilowatt hours,2010,10
TX,Texas,IND,industrial,6.43,8478.74267,cents per kilowatt-hour,million kilowatt hours,2010,10
TX,Texas,RES,residential,11.62,9710.77341,cents per kilowatt-hour,million kilowatt hours,2010,10
CA,California,COM,commercial,15.25,11235.99552,cents per kilowatt-hour,million kilowatt hours,2010,9
CA,California,IND,industrial,11.07,4436.06279,cents per kilowatt-hour,million kilowatt hours,2010,9
CA,California,RES,residential,14.85,8253.81587,cents per kilowatt-hour,million kilowatt hours,2010,9
CO,Colorado,COM,commercial,9.6,1718.31289,cents per kilowatt-hour,million kilowatt hours,2010,9
CO,Colorado,IND,industrial,7.26,1315.59543,cents per kilowatt-hour,million kilowatt hours,2010,9
CO,Colorado,RES,residential,11.66,1532.96586,cents per kilowatt-hour,million kilowatt hours,2010,9
IL,Illinois,COM,commercial,9.03,4370.8389,cents per kilowatt-hour,million kilowatt hours,2010,9
IL,Illinois,IND,industrial,6.89,3758.31723,cents per kilowatt-hour,million kilowatt hours,2010,9
IL,Illinois,RES,residential,11.75,3771.66374,cents per kilowatt-hour,million kilowatt hours,2010,9
NY,New York,COM,commercial,15.97,7115.38012,cents per kilowatt-hour,million kilowatt hours,2010,9
NY,New York,IND,industrial,8.66,1167.08177,cents per kilowatt-hour,million kilowatt hours,2010,9
NY,New York,RES,residential,20.09,4276.81483,cents per kilowatt-hour,million kilowatt hours,2010,9
TX,Texas,COM,commercial,9.12,11689.05722,cents per kilowatt-hour,million kilowatt hours,2010,9
TX,Texas,IND,industrial,6.19,9020.32466,cents per kilowatt-hour,million kilowatt hours,2010,9
TX,Texas,RES,residential,11.58,13939.14518,cents per kilowatt-hour,million kilowatt hours,2010,9
CA,California,COM,commercial,14.99,11473.49968,cents per kilowatt-hour,million kilowatt hours,2010,8
CA,California,IND,industrial,10.88,4514.07637,cents per kilowatt-hour,million kilowatt hours,2010,8
CA,California,RES,residential,15.19,8475.16363,cents per kilowatt-hour,million kilowatt hours,2010,8
CO,Colorado,COM,commercial,9.68,1828.80929,cents per kilowatt-hour,million kilowatt hours,2010,8
CO,Colorado,IND,industrial,7.51,1415.20862,cents per kilowatt-hour,million kilowatt hours,2010,8
CO,Colorado,RES,residential,11.7,1776.21152,cents per kilowatt-hour,million kilowatt hours,2010,8
IL,Illinois,COM,commercial,9.38,5167.30437,cents per kilowatt-hour,million kilowatt hours,2010,8
IL,Illinois,IND,industrial,7.29,4072.45483,cents per kilowatt-hour,million kilowatt hours,2010,8
IL,Illinois,RES,residential,11.96,5695.7056,cents per kilowatt-hour,million kilowatt hours,2010,8
NY,New York,COM,commercial,17.13,7503.30074,cents per kilowatt-hour,million kilowatt hours,2010,8
NY,New York,IND,industrial,9.12,1257.43744,cents per kilowatt-hour,million kilowatt hours,2010,8
NY,New York,RES,residential,19.35,5582.1128,cents per kilowatt-hour,million kilowatt hours,2010,8
TX,Texas,COM,commercial,9.15,12576.29288,cents per kilowatt-hour,million kilowatt hours,2010,8
TX,Texas,IND,industrial,6.68,9588.95063,cents per kilowatt-hour,million kilowatt hours,2010,8
TX,Texas,RES,residential,11.7,16560.19025,cents per kilowatt-hour,million kilowatt hours,2010,8
CA,California,COM,commercial,15.27,11041.97808,cents per kilowatt-hour,million kilowatt hours,2010,7
CA,California,IND,industrial,11.11,4398.78637,cents per kilowatt-hour,million kilowatt hours,2010,7
CA,California,RES,residential,15.03,8105.26747,cents per kilowatt-hour,million kilowatt hours,2010,7
CO,Colorado,COM,commercial,9.57,1872.42211,cents per kilowatt-hour,million kilowatt hours,2010,7
CO,Colorado,IND,industrial,7.54,1393.56573,cents per kilowatt-hour,million kilowatt hours,2010,7
CO,Colorado,RES,residential,11.7,1838.59055,cents per kilowatt-hour,million kilowatt hours,2010,7
IL,Illinois,COM,commercial,9.3,4820.39324,cents per kilowatt-hour,million kilowatt hours,2010,7
IL,Illinois,IND,industrial,6.96,3951.81076,cents per kilowatt-hour,million kilowatt hours,2010,7
IL,Illinois,RES,residential,12.13,5990.96496,cents per kilowatt-hour,million kilowatt hours,2010,7
NY,New York,COM,commercial,18.32,7605.76654,cents per kilowatt-hour,million kilowatt hours,2010,7
NY,New York,IND,industrial,9.51,1158.39762,cents per kilowatt-hour,million kilowatt hours,2010,7
NY,New York,RES,residential,20.11,5659.2416,cents per kilowatt-hour,million kilowatt hours,2010,7
TX,Texas,COM,commercial,9.05,11910.08472,cents per kilowatt-hour,million kilowatt hours,2010,7
TX,Texas,IND,industrial,6.54,9185.31594,cents per kilowatt-hour,million kilowatt hours,2010,7
TX,Texas,RES,residential,11.71,15285.6072,cents per kilowatt-hour,million kilowatt hours,2010,7
CA,California,COM,commercial,14.68,10628.79579,cents per kilowatt-hour,million kilowatt hours,2010,6
CA,California,IND,industrial,10.44,4405.36311,cents per kilowatt-hour,million kilowatt hours,2010,6
CA,California,RES,residential,15.0,6934.20802,cents per kilowatt-hour,million kilowatt hours,2010,6
CO,Colorado,COM,commercial,10.19,1685.02,cents per kilowatt-hour,million kilowatt hours,2010,6
CO,Colorado,IND,industrial,7.08,1316.00394,cents per kilowatt-hour,million kilowatt hours,2010,6
CO,Colorado,RES,residential,11.89,1535.1022,cents per kilowatt-hour,million kilowatt hours,2010,6
IL,Illinois,COM,commercial,9.19,4393.95789,cents per kilowatt-hour,million kilowatt hours,2010,6
IL,Illinois,IND,industrial,6.66,3751.80835,cents per kilowatt-hour,million kilowatt hours,2010,6
IL,Illinois,RES,residential,12.7,4327.16677,cents per kilowatt-hour,million kilowatt hours,2010,6
NY,New York,COM,commercial,17.56,6654.53269,cents per kilowatt-hour,million kilowatt hours,2010,6
NY,New York,IND,industrial,9.22,1178.46769,cents per kilowatt-hour,million kilowatt hours,2010,6
NY,New York,RES,residential,19.41,4214.01054,cents per kilowatt-hour,million kilowatt hours,2010,6
TX,Texas,COM,commercial,9.21,11208.95276,cents per kilowatt-hour,million kilowatt hours,2010,6
TX,Texas,IND,industrial,6.48,8742.28164,cents per kilowatt-hour,million kilowatt hours,2010,6
TX,Texas,RES,residential,11.85,13596.01164,cents per kilowatt-hour,million kilowatt hours,2010,6
CA,California,COM,commercial,12.65,9134.05792,cents per kilowatt-hour,million kilowatt hours,2010,5
CA,California,IND,industrial,9.42,3954.51441,cents per kilowatt-hour,million kilowatt hours,2010,5
CA,California,RES,residential,14.9,5861.58589,cents per kilowatt-hour,million kilowatt hours,2010,5
CO,Colorado,COM,commercial,9.57,1566.22147,cents per kilowatt-hour,million kilowatt hours,2010,5
CO,Colorado,IND,industrial,7.12,1238.34795,cents per kilowatt-hour,million kilowatt hours,2010,5
CO,Colorado,RES,residential,11.48,1250.77243,cents per kilowatt-hour,million kilowatt hours,2010,5
IL,Illinois,COM,commercial,8.77,4001.82012,cents per kilowatt-hour,million kilowatt hours,2010,5
IL,Illinois,IND,industrial,6.77,3704.6768,cents per kilowatt-hour,million kilowatt hours,2010,5
IL,Illinois,RES,residential,12.05,3123.27691,cents per kilowatt-hour,million kilowatt hours,2010,5
NY,New York,COM,commercial,16.39,5938.13951,cents per kilowatt-hour,million kilowatt hours,2010,5
NY,New York,IND,industrial,8.95,1096.69686,cents per kilowatt-hour,million kilowatt hours,2010,5
NY,New York,RES,residential,19.21,3409.43041,cents per kilowatt-hour,million kilowatt hours,2010,5
TX,Texas,COM,commercial,9.25,9598.77423,cents per kilowatt-hour,million kilowatt hours,2010,5
TX,Texas,IND,industrial,6.4,8279.60481,cents per kilowatt-hour,million kilowatt hours,2010,5
TX,Texas,RES,residential,11.94,9338.76703,cents per kilowatt-hour,million kilowatt hours,2010,5
CA,California,COM,commercial,11.55,9799.36197,cents per kilowatt-hour,million kilowatt hours,2010,4
CA,California,IND,industrial,9.03,3959.92863,cents per kilowatt-hour,million kilowatt hours,2010,4
CA,California,RES,residential,13.91,6429.30793,cents per kilowatt-hour,million kilowatt hours,2010,4
CO,Colorado,COM,commercial,9.28,1515.79502,cents per kilowatt-hour,million kilowatt hours,2010,4
CO,Colorado,IND,industrial,7.02,1194.39713,cents per kilowatt-hour,million kilowatt hours,2010,4
CO,Colorado,RES,residential,11.19,1277.61236,cents per kilowatt-hour,million kilowatt hours,2010,4
IL,Illinois,COM,commercial,8.71,3819.25843,cents per kilowatt-hour,million kilowatt hours,2010,4
IL,Illinois,IND,industrial,6.65,3517.53743,cents per kilowatt-hour,million kilowatt hours,2010,4
IL,Illinois,RES,residential,11.61,2846.32706,cents per kilowatt-hour,million kilowatt hours,2010,4
NY,New York,COM,commercial,15.57,5622.52243,cents per kilowatt-hour,million kilowatt hours,2010,4
NY,New York,IND,industrial,8.53,1110.44001,cents per kilowatt-hour,million kilowatt hours,2010,4
NY,New York,RES,residential,18.92,3346.92784,cents per kilowatt-hour,million kilowatt hours,2010,4
TX,Texas,COM,commercial,9.41,9025.93131,cents per kilowatt-hour,million kilowatt hours,2010,4
TX,Texas,IND,industrial,6.48,7763.73118,cents per kilowatt-hour,million kilowatt hours,2010,4
TX,Texas,RES,residential,12.12,7745.98697,cents per kilowatt-hour,million kilowatt hours,2010,4
CA,California,COM,commercial,11.67,9654.84816,cents per kilowatt-hour,million kilowatt hours,2010,3
CA,California,IND,industrial,8.9,4043.9571,cents per kilowatt-hour,million kilowatt hours,2010,3
CA,California,RES,residential,14.78,7093.13328,cents per kilowatt-hour,million kilowatt hours,2010,3
CO,Colorado,COM,commercial,8.61,1548.23015,cents per kilowatt-hour,million kilowatt hours,2010,3
CO,Colorado,IND,industrial,6.33,1203.20899,cents per kilowatt-hour,million kilowatt hours,2010,3
CO,Colorado,RES,residential,10.57,1469.05717,cents per kilowatt-hour,million kilowatt hours,2010,3
IL,Illinois,COM,commercial,8.92,3965.72624,cents per kilowatt-hour,million kilowatt hours,2010,3
IL,Illinois,IND,industrial,6.99,3271.89486,cents per kilowatt-hour,million kilowatt hours,2010,3
IL,Illinois,RES,residential,10.98,3523.25368,cents per kilowatt-hour,million kilowatt hours,2010,3
NY,New York,COM,commercial,15.17,5998.20839,cents per kilowatt-hour,million kilowatt hours,2010,3
NY,New York,IND,industrial,8.2,1075.28076,cents per kilowatt-hour,million kilowatt hours,2010,3
NY,New York,RES,residential,17.55,3914.83556,cents per kilowatt-hour,million kilowatt hours,2010,3
TX,Texas,COM,commercial,9.59,9166.11728,cents per kilowatt-hour,million kilowatt hours,2010,3
TX,Texas,IND,industrial,6.56,7951.45757,cents per kilowatt-hour,million kilowatt hours,2010,3
TX,Texas,RES,residential,11.51,9557.71231,cents per kilowatt-hour,million kilowatt hours,2010,3
CA,California,COM,commercial,11.23,8710.49648,cents per kilowatt-hour,million kilowatt hours,2010,2
CA,California,IND,industrial,8.84,3528.43959,cents per kilowatt-hour,million kilowatt hours,2010,2
CA,California,RES,residential,14.21,6735.97362,cents per kilowatt-hour,million kilowatt hours,2010,2
CO,Colorado,COM,commercial,8.6,1457.51781,cents per kilowatt-hour,million kilowatt hours,2010,2
CO,Colorado,IND,industrial,6.41,1157.21686,cents per kilowatt-hour,million kilowatt hours,2010,2
CO,Colorado,RES,residential,10.56,1431.78484,cents per kilowatt-hour,million kilowatt hours,2010,2
IL,Illinois,COM,commercial,8.69,4036.97878,cents per kilowatt-hour,million kilowatt hours,2010,2
IL,Illinois,IND,industrial,6.78,3641.08926,cents per kilowatt-hour,million kilowatt hours,2010,2
IL,Illinois,RES,residential,10.56,4033.06274,cents per kilowatt-hour,million kilowatt hours,2010,2
NY,New York,COM,commercial,15.54,6143.96873,cents per kilowatt-hour,million kilowatt hours,2010,2
NY,New York,IND,industrial,8.79,1052.4183,cents per kilowatt-hour,million kilowatt hours,2010,2
NY,New York,RES,residential,18.05,4110.00612,cents per kilowatt-hour,million kilowatt hours,2010,2
TX,Texas,COM,commercial,9.52,8715.71417,cents per kilowatt-hour,million kilowatt hours,2010,2
TX,Texas,IND,industrial,6.68,7139.92543,cents per kilowatt-hour,million kilowatt hours,2010,2
TX,Texas,RES,residential,11.34,10656.54,cents per kilowatt-hour,million kilowatt hours,2010,2
CA,California,COM,commercial,11.27,9020.79599,cents per kilowatt-hour,million kilowatt hours,2010,1
CA,California,IND,industrial,8.74,3537.87215,cents per kilowatt-hour,million kilowatt hours,2010,1
CA,California,RES,residential,15.18,7629.45256,cents per kilowatt-hour,million kilowatt hours,2010,1
CO,Colorado,COM,commercial,8.18,1616.22679,cents per kilowatt-hour,million kilowatt hours,2010,1
CO,Colorado,IND,industrial,6.46,1145.46194,cents per kilowatt-hour,million kilowatt hours,2010,1
CO,Colorado,RES,residential,10.29,1711.94778,cents per kilowatt-hour,million kilowatt hours,2010,1
IL,Illinois,COM,commercial,8.68,4484.55443,cents per kilowatt-hour,million kilowatt hours,2010,1
IL,Illinois,IND,industrial,7.01,3655.83146,cents per kilowatt-hour,million kilowatt hours,2010,1
IL,Illinois,RES,residential,9.94,4833.41172,cents per kilowatt-hour,million kilowatt hours,2010,1
NY,New York,COM,commercial,15.5,6459.17613,cents per kilowatt-hour,million kilowatt hours,2010,1
NY,New York,IND,industrial,8.84,1084.72014,cents per kilowatt-hour,million kilowatt hours,2010,1
NY,New York,RES,residential,17.3,4669.20142,cents per kilowatt-hour,million kilowatt hours,2010,1
TX,Texas,COM,commercial,9.34,9441.80919,cents per kilowatt-hour,million kilowatt hours,2010,1
TX,Texas,IND,industrial,6.41,7560.57072,cents per kilowatt-hour,million kilowatt hours,2010,1
TX,Texas,RES,residential,11.21,13226.95034,cents per kilowatt-hour,million kilowatt hours,2010,1
CA,California,COM,commercial,11.31,10031.86284,cents per kilowatt-hour,million kilowatt hours,2009,12
CA,California,IND,industrial,9.3,3778.34141,cents per kilowatt-hour,million kilowatt hours,2009,12
CA,California,RES,residential,14.73,8064.31888,cents per kilowatt-hour,million kilowatt hours,2009,12
CO,Colorado,COM,commercial,8.2,1662.573,cents per kilowatt-hour,million kilowatt hours,2009,12
CO,Colorado,IND,industrial,6.14,1118.22603,cents per kilowatt-hour,million kilowatt hours,2009,12
CO,Colorado,RES,residential,10.2,1684.83867,cents per kilowatt-hour,million kilowatt hours,2009,12
IL,Illinois,COM,commercial,8.41,4455.73252,cents per kilowatt-hour,million kilowatt hours,2009,12
IL,Illinois,IND,industrial,6.64,3550.25767,cents per kilowatt-hour,million kilowatt hours,2009,12
IL,Illinois,RES,residential,10.3,4191.56433,cents per kilowatt-hour,million kilowatt hours,2009,12
NY,New York,COM,commercial,15.4,6256.24685,cents per kilowatt-hour,million kilowatt hours,2009,12
NY,New York,IND,industrial,8.44,1123.52669,cents per kilowatt-hour,million kilowatt hours,2009,12
NY,New York,RES,residential,17.51,4249.30196,cents per kilowatt-hour,million kilowatt hours,2009,12
TX,Texas,COM,commercial,9.35,9488.28928,cents per kilowatt-hour,million kilowatt hours,2009,12
TX,Texas,IND,industrial,6.59,8038.27055,cents per kilowatt-hour,million kilowatt hours,2009,12
TX,Texas,RES,residential,11.52,10319.43002,cents per kilowatt-hour,million kilowatt hours,2009,12
CA,California,COM,commercial,10.98,9172.50355,cents per kilowatt-hour,million kilowatt hours,2009,11
CA,California,IND,industrial,8.78,3795.37038,cents per kilowatt-hour,million kilowatt hours,2009,11
CA,California,RES,residential,13.56,6122.28539,cents per kilowatt-hour,million kilowatt hours,2009,11
CO,Colorado,COM,commercial,8.76,1620.45585,cents per kilowatt-hour,million kilowatt hours,2009,11
CO,Colorado,IND,industrial,6.45,1053.9846,cents per kilowatt-hour,million kilowatt hours,2009,11
CO,Colorado,RES,residential,10.39,1369.80945,cents per kilowatt-hour,million kilowatt hours,2009,11
IL,Illinois,COM,commercial,8.71,3857.72298,cents per kilowatt-hour,million kilowatt hours,2009,11
IL,Illinois,IND,industrial,6.81,3304.44068,cents per kilowatt-hour,million kilowatt hours,2009,11
IL,Illinois,RES,residential,11.11,3221.55699,cents per kilowatt-hour,million kilowatt hours,2009,11
NY,New York,COM,commercial,14.62,5742.04303,cents per kilowatt-hour,million kilowatt hours,2009,11
NY,New York,IND,industrial,8.51,1132.66744,cents per kilowatt-hour,million kilowatt hours,2009,11
NY,New York,RES,residential,16.82,3564.89398,cents per kilowatt-hour,million kilowatt hours,2009,11
TX,Texas,COM,commercial,9.54,8366.35557,cents per kilowatt-hour,million kilowatt hours,2009,11
TX,Texas,IND,industrial,6.24,7658.76245,cents per kilowatt-hour,million kilowatt hours,2009,11
TX,Texas,RES,residential,12.08,7192.88166,cents per kilowatt-hour,million kilowatt hours,2009,11
CA,California,COM,commercial,13.49,10914.11964,cents per kilowatt-hour,million kilowatt hours,2009,10
CA,California,IND,industrial,11.51,4135.24624,cents per kilowatt-hour,million kilowatt hours,2009,10
CA,California,RES,residential,13.85,7602.6465,cents per kilowatt-hour,million kilowatt hours,2009,10
CO,Colorado,COM,commercial,8.78,1658.87523,cents per kilowatt-hour,million kilowatt hours,2009,10
CO,Colorado,IND,industrial,6.83,1171.95385,cents per kilowatt-hour,million kilowatt hours,2009,10
CO,Colorado,RES,residential,10.51,1342.83035,cents per kilowatt-hour,million kilowatt hours,2009,10
IL,Illinois,COM,commercial,8.87,4004.60926,cents per kilowatt-hour,million kilowatt hours,2009,10
IL,Illinois,IND,industrial,6.92,3502.41955,cents per kilowatt-hour,million kilowatt hours,2009,10
IL,Illinois,RES,residential,11.42,3087.17874,cents per kilowatt-hour,million kilowatt hours,2009,10
NY,New York,COM,commercial,15.84,5942.17477,cents per kilowatt-hour,million kilowatt hours,2009,10
NY,New York,IND,industrial,8.46,1147.33119,cents per kilowatt-hour,million kilowatt hours,2009,10
NY,New York,RES,residential,18.17,3623.61264,cents per kilowatt-hour,million kilowatt hours,2009,10
TX,Texas,COM,commercial,9.49,10347.46331,cents per kilowatt-hour,million kilowatt hours,2009,10
TX,Texas,IND,industrial,6.32,8170.1932,cents per kilowatt-hour,million kilowatt hours,2009,10
TX,Texas,RES,residential,11.97,9348.50812,cents per kilowatt-hour,million kilowatt hours,2009,10
CA,California,COM,commercial,15.26,11394.51214,cents per kilowatt-hour,million kilowatt hours,2009,9
CA,California,IND,industrial,11.73,4360.59691,cents per kilowatt-hour,million kilowatt hours,2009,9
CA,California,RES,residential,15.53,9038.17346,cents per kilowatt-hour,million kilowatt hours,2009,9
CO,Colorado,COM,commercial,8.8,1717.59769,cents per kilowatt-hour,million kilowatt hours,2009,9
CO,Colorado,IND,industrial,6.94,1201.98021,cents per kilowatt-hour,million kilowatt hours,2009,9
CO,Colorado,RES,residential,10.67,1492.1451,cents per kilowatt-hour,million kilowatt hours,2009,9
IL,Illinois,COM,commercial,9.06,4279.30122,cents per kilowatt-hour,million kilowatt hours,2009,9
IL,Illinois,IND,industrial,6.98,3546.60215,cents per kilowatt-hour,million kilowatt hours,2009,9
IL,Illinois,RES,residential,11.48,3431.14598,cents per kilowatt-hour,million kilowatt hours,2009,9
NY,New York,COM,commercial,16.48,6641.86634,cents per kilowatt-hour,million kilowatt hours,2009,9
NY,New York,IND,industrial,9.05,1270.98562,cents per kilowatt-hour,million kilowatt hours,2009,9
NY,New York,RES,residential,18.78,4162.9077,cents per kilowatt-hour,million kilowatt hours,2009,9
TX,Texas,COM,commercial,9.4,11151.16144,cents per kilowatt-hour,million kilowatt hours,2009,9
TX,Texas,IND,industrial,6.37,8404.98929,cents per kilowatt-hour,million kilowatt hours,2009,9
TX,Texas,RES,residential,12.05,12531.66822,cents per kilowatt-hour,million kilowatt hours,2009,9
CA,California,COM,commercial,15.51,11163.88994,cents per kilowatt-hour,million kilowatt hours,2009,8
CA,California,IND,industrial,11.5,4507.3881,cents per kilowatt-hour,million kilowatt hours,2009,8
CA,California,RES,residential,15.93,8938.46972,cents per kilowatt-hour,million kilowatt hours,2009,8
CO,Colorado,COM,commercial,8.73,1905.43265,cents per kilowatt-hour,million kilowatt hours,2009,8
CO,Colorado,IND,industrial,7.0,1266.62781,cents per kilowatt-hour,million kilowatt hours,2009,8
CO,Colorado,RES,residential,10.4,1694.88006,cents per kilowatt-hour,million kilowatt hours,2009,8
IL,Illinois,COM,commercial,9.0,4618.40029,cents per kilowatt-hour,million kilowatt hours,2009,8
IL,Illinois,IND,industrial,6.98,3626.56951,cents per kilowatt-hour,million kilowatt hours,2009,8
IL,Illinois,RES,residential,11.15,4333.57687,cents per kilowatt-hour,million kilowatt hours,2009,8
NY,New York,COM,commercial,16.41,7180.00018,cents per kilowatt-hour,million kilowatt hours,2009,8
NY,New York,IND,industrial,9.32,1095.52585,cents per kilowatt-hour,million kilowatt hours,2009,8
NY,New York,RES,residential,18.19,4947.39522,cents per kilowatt-hour,million kilowatt hours,2009,8
TX,Texas,COM,commercial,9.45,11809.33885,cents per kilowatt-hour,million kilowatt hours,2009,8
TX,Texas,IND,industrial,6.37,8864.58968,cents per kilowatt-hour,million kilowatt hours,2009,8
TX,Texas,RES,residential,12.15,15595.46462,cents per kilowatt-hour,million kilowatt hours,2009,8
CA,California,COM,commercial,15.67,11326.1343,cents per kilowatt-hour,million kilowatt hours,2009,7
CA,California,IND,industrial,12.0,4322.63282,cents per kilowatt-hour,million kilowatt hours,2009,7
CA,California,RES,residential,15.66,8689.81375,cents per kilowatt-hour,million kilowatt hours,2009,7
CO,Colorado,COM,commercial,8.83,1790.23454,cents per kilowatt-hour,million kilowatt hours,2009,7
CO,Colorado,IND,industrial,6.81,1279.18751,cents per kilowatt-hour,million kilowatt hours,2009,7
CO,Colorado,RES,residential,10.38,1673.97747,cents per kilowatt-hour,million kilowatt hours,2009,7
IL,Illinois,COM,commercial,9.06,4460.33778,cents per kilowatt-hour,million kilowatt hours,2009,7
IL,Illinois,IND,industrial,7.21,3523.20281,cents per kilowatt-hour,million kilowatt hours,2009,7
IL,Illinois,RES,residential,10.97,4128.30902,cents per kilowatt-hour,million kilowatt hours,2009,7
NY,New York,COM,commercial,16.46,6866.35934,cents per kilowatt-hour,million kilowatt hours,2009,7
NY,New York,IND,industrial,9.1,1126.66119,cents per kilowatt-hour,million kilowatt hours,2009,7
NY,New York,RES,residential,18.65,4305.00216,cents per kilowatt-hour,million kilowatt hours,2009,7
TX,Texas,COM,commercial,9.48,12037.83303,cents per kilowatt-hour,million kilowatt hours,2009,7
TX,Texas,IND,industrial,6.23,8418.62831,cents per kilowatt-hour,million kilowatt hours,2009,7
TX,Texas,RES,residential,12.38,16354.21885,cents per kilowatt-hour,million kilowatt hours,2009,7
CA,California,COM,commercial,14.85,10663.73699,cents per kilowatt-hour,million kilowatt hours,2009,6
CA,California,IND,industrial,11.29,4152.20597,cents per kilowatt-hour,million kilowatt hours,2009,6
CA,California,RES,residential,14.77,7141.05837,cents per kilowatt-hour,million kilowatt hours,2009,6
CO,Colorado,COM,commercial,8.02,1625.24954,cents per kilowatt-hour,million kilowatt hours,2009,6
CO,Colorado,IND,industrial,6.43,1121.1295,cents per kilowatt-hour,million kilowatt hours,2009,6
CO,Colorado,RES,residential,9.93,1323.26487,cents per kilowatt-hour,million kilowatt hours,2009,6
IL,Illinois,COM,commercial,9.12,4394.98435,cents per kilowatt-hour,million kilowatt hours,2009,6
IL,Illinois,IND,industrial,7.0,3443.12248,cents per kilowatt-hour,million kilowatt hours,2009,6
IL,Illinois,RES,residential,11.4,4063.31122,cents per kilowatt-hour,million kilowatt hours,2009,6
NY,New York,COM,commercial,16.05,6143.49944,cents per kilowatt-hour,million kilowatt hours,2009,6
NY,New York,IND,industrial,8.23,1139.22917,cents per kilowatt-hour,million kilowatt hours,2009,6
NY,New York,RES,residential,18.21,3544.2388,cents per kilowatt-hour,million kilowatt hours,2009,6
TX,Texas,COM,commercial,10.06,10682.22762,cents per kilowatt-hour,million kilowatt hours,2009,6
TX,Texas,IND,industrial,6.74,8017.14203,cents per kilowatt-hour,million kilowatt hours,2009,6
TX,Texas,RES,residential,12.66,12820.21651,cents per kilowatt-hour,million kilowatt hours,2009,6
CA,California,COM,commercial,13.21,9573.39078,cents per kilowatt-hour,million kilowatt hours,2009,5
CA,California,IND,industrial,10.12,3913.4633,cents per kilowatt-hour,million kilowatt hours,2009,5
CA,California,RES,residential,15.01,6314.64137,cents per kilowatt-hour,million kilowatt hours,2009,5
CO,Colorado,COM,commercial,7.87,1650.51495,cents per kilowatt-hour,million kilowatt hours,2009,5
CO,Colorado,IND,industrial,6.05,1130.9261,cents per kilowatt-hour,million kilowatt hours,2009,5
CO,Colorado,RES,residential,9.68,1262.18188,cents per kilowatt-hour,million kilowatt hours,2009,5
IL,Illinois,COM,commercial,9.15,3950.69392,cents per kilowatt-hour,million kilowatt hours,2009,5
IL,Illinois,IND,industrial,6.87,3385.3882,cents per kilowatt-hour,million kilowatt hours,2009,5
IL,Illinois,RES,residential,12.16,2910.31542,cents per kilowatt-hour,million kilowatt hours,2009,5
NY,New York,COM,commercial,14.76,5854.16079,cents per kilowatt-hour,million kilowatt hours,2009,5
NY,New York,IND,industrial,8.25,1028.98697,cents per kilowatt-hour,million kilowatt hours,2009,5
NY,New York,RES,residential,16.87,3471.60892,cents per kilowatt-hour,million kilowatt hours,2009,5
TX,Texas,COM,commercial,9.6,9305.82851,cents per kilowatt-hour,million kilowatt hours,2009,5
TX,Texas,IND,industrial,6.53,7675.43912,cents per kilowatt-hour,million kilowatt hours,2009,5
TX,Texas,RES,residential,12.84,9524.44488,cents per kilowatt-hour,million kilowatt hours,2009,5
CA,California,COM,commercial,12.02,9601.85428,cents per kilowatt-hour,million kilowatt hours,2009,4
CA,California,IND,industrial,9.74,3932.50887,cents per kilowatt-hour,million kilowatt hours,2009,4
CA,California,RES,residential,13.96,6379.28437,cents per kilowatt-hour,million kilowatt hours,2009,4
CO,Colorado,COM,commercial,7.81,1574.089,cents per kilowatt-hour,million kilowatt hours,2009,4
CO,Colorado,IND,industrial,6.07,1066.49473,cents per kilowatt-hour,million kilowatt hours,2009,4
CO,Colorado,RES,residential,9.54,1275.15388,cents per kilowatt-hour,million kilowatt hours,2009,4
IL,Illinois,COM,commercial,9.23,3819.52803,cents per kilowatt-hour,million kilowatt hours,2009,4
IL,Illinois,IND,industrial,6.97,3225.88355,cents per kilowatt-hour,million kilowatt hours,2009,4
IL,Illinois,RES,residential,11.97,3071.02414,cents per kilowatt-hour,million kilowatt hours,2009,4
NY,New York,COM,commercial,14.01,5776.48889,cents per kilowatt-hour,million kilowatt hours,2009,4
NY,New York,IND,industrial,7.4,1128.27626,cents per kilowatt-hour,million kilowatt hours,2009,4
NY,New York,RES,residential,16.5,3509.99653,cents per kilowatt-hour,million kilowatt hours,2009,4
TX,Texas,COM,commercial,9.56,9086.76984,cents per kilowatt-hour,million kilowatt hours,2009,4
TX,Texas,IND,industrial,7.06,8405.22049,cents per kilowatt-hour,million kilowatt hours,2009,4
TX,Texas,RES,residential,12.88,7732.38932,cents per kilowatt-hour,million kilowatt hours,2009,4
CA,California,COM,commercial,11.84,9301.0938,cents per kilowatt-hour,million kilowatt hours,2009,3
CA,California,IND,industrial,9.47,3629.07846,cents per kilowatt-hour,million kilowatt hours,2009,3
CA,California,RES,residential,14.14,6876.35436,cents per kilowatt-hour,million kilowatt hours,2009,3
CO,Colorado,COM,commercial,7.45,1588.56564,cents per kilowatt-hour,million kilowatt hours,2009,3
CO,Colorado,IND,industrial,5.76,1092.35931,cents per kilowatt-hour,million kilowatt hours,2009,3
CO,Colorado,RES,residential,9.37,1330.86301,cents per kilowatt-hour,million kilowatt hours,2009,3
IL,Illinois,COM,commercial,9.35,4052.84189,cents per kilowatt-hour,million kilowatt hours,2009,3
IL,Illinois,IND,industrial,7.14,3516.4856,cents per kilowatt-hour,million kilowatt hours,2009,3
IL,Illinois,RES,residential,11.74,3524.71052,cents per kilowatt-hour,million kilowatt hours,2009,3
NY,New York,COM,commercial,14.33,6026.17348,cents per kilowatt-hour,million kilowatt hours,2009,3
NY,New York,IND,industrial,7.57,1048.06293,cents per kilowatt-hour,million kilowatt hours,2009,3
NY,New York,RES,residential,16.39,3966.61644,cents per kilowatt-hour,million kilowatt hours,2009,3
TX,Texas,COM,commercial,9.8,8881.34306,cents per kilowatt-hour,million kilowatt hours,2009,3
TX,Texas,IND,industrial,7.25,8103.64794,cents per kilowatt-hour,million kilowatt hours,2009,3
TX,Texas,RES,residential,12.93,8389.59057,cents per kilowatt-hour,million kilowatt hours,2009,3
CA,California,COM,commercial,12.03,8739.56638,cents per kilowatt-hour,million kilowatt hours,2009,2
CA,California,IND,industrial,9.44,3646.39938,cents per kilowatt-hour,million kilowatt hours,2009,2
CA,California,RES,residential,14.14,6640.86473,cents per kilowatt-hour,million kilowatt hours,2009,2
CO,Colorado,COM,commercial,7.45,1557.04958,cents per kilowatt-hour,million kilowatt hours,2009,2
CO,Colorado,IND,industrial,5.93,1010.79952,cents per kilowatt-hour,million kilowatt hours,2009,2
CO,Colorado,RES,residential,9.44,1357.78327,cents per kilowatt-hour,million kilowatt hours,2009,2
IL,Illinois,COM,commercial,9.47,3894.7486,cents per kilowatt-hour,million kilowatt hours,2009,2
IL,Illinois,IND,industrial,7.25,3293.73061,cents per kilowatt-hour,million kilowatt hours,2009,2
IL,Illinois,RES,residential,11.47,3589.38313,cents per kilowatt-hour,million kilowatt hours,2009,2
NY,New York,COM,commercial,15.12,6230.82236,cents per kilowatt-hour,million kilowatt hours,2009,2
NY,New York,IND,industrial,8.02,1082.25899,cents per kilowatt-hour,million kilowatt hours,2009,2
NY,New York,RES,residential,16.75,4139.96898,cents per kilowatt-hour,million kilowatt hours,2009,2
TX,Texas,COM,commercial,10.4,8025.27999,cents per kilowatt-hour,million kilowatt hours,2009,2
TX,Texas,IND,industrial,7.47,7294.75075,cents per kilowatt-hour,million kilowatt hours,2009,2
TX,Texas,RES,residential,12.84,8912.34615,cents per kilowatt-hour,million kilowatt hours,2009,2
CA,California,COM,commercial,11.51,9222.74234,cents per kilowatt-hour,million kilowatt hours,2009,1
CA,California,IND,industrial,9.3,3661.92016,cents per kilowatt-hour,million kilowatt hours,2009,1
CA,California,RES,residential,14.7,7990.87812,cents per kilowatt-hour,million kilowatt hours,2009,1
CO,Colorado,COM,commercial,6.87,1657.82534,cents per kilowatt-hour,million kilowatt hours,2009,1
CO,Colorado,IND,industrial,5.97,1057.47884,cents per kilowatt-hour,million kilowatt hours,2009,1
CO,Colorado,RES,residential,9.21,1604.90199,cents per kilowatt-hour,million kilowatt hours,2009,1
IL,Illinois,COM,commercial,9.17,4540.37816,cents per kilowatt-hour,million kilowatt hours,2009,1
IL,Illinois,IND,industrial,7.39,3589.21119,cents per kilowatt-hour,million kilowatt hours,2009,1
IL,Illinois,RES,residential,10.79,4772.41565,cents per kilowatt-hour,million kilowatt hours,2009,1
NY,New York,COM,commercial,15.67,6687.28254,cents per kilowatt-hour,million kilowatt hours,2009,1
NY,New York,IND,industrial,7.95,1093.06871,cents per kilowatt-hour,million kilowatt hours,2009,1
NY,New York,RES,residential,16.86,4760.29767,cents per kilowatt-hour,million kilowatt hours,2009,1
TX,Texas,COM,commercial,9.98,9352.84447,cents per kilowatt-hour,million kilowatt hours,2009,1
TX,Texas,IND,industrial,7.84,7879.24423,cents per kilowatt-hour,million kilowatt hours,2009,1
TX,Texas,RES,residential,12.6,11093.74107,cents per kilowatt-hour,million kilowatt hours,2009,1
CA,California,COM,commercial,11.11,10297.13393,cents per kilowatt-hour,million kilowatt hours,2008,12
CA,California,IND,industrial,9.11,4174.65615,cents per kilowatt-hour,million kilowatt hours,2008,12
CA,California,RES,residential,13.7,7904.0588,cents per kilowatt-hour,million kilowatt hours,2008,12
CO,Colorado,COM,commercial,7.8,1690.02346,cents per kilowatt-hour,million kilowatt hours,2008,12
CO,Colorado,IND,industrial,6.13,1064.85317,cents per kilowatt-hour,million kilowatt hours,2008,12
CO,Colorado,RES,residential,9.46,1635.1967,cents per kilowatt-hour,million kilowatt hours,2008,12
IL,Illinois,COM,commercial,9.08,4425.94595,cents per kilowatt-hour,million kilowatt hours,2008,12
IL,Illinois,IND,industrial,7.25,3570.04448,cents per kilowatt-hour,million kilowatt hours,2008,12
IL,Illinois,RES,residential,10.82,4617.88351,cents per kilowatt-hour,million kilowatt hours,2008,12
NY,New York,COM,commercial,14.83,6505.56023,cents per kilowatt-hour,million kilowatt hours,2008,12
NY,New York,IND,industrial,7.99,1137.16624,cents per kilowatt-hour,million kilowatt hours,2008,12
NY,New York,RES,residential,16.63,4274.71153,cents per kilowatt-hour,million kilowatt hours,2008,12
TX,Texas,COM,commercial,10.61,8222.928,cents per kilowatt-hour,million kilowatt hours,2008,12
TX,Texas,IND,industrial,8.25,7984.29679,cents per kilowatt-hour,million kilowatt hours,2008,12
TX,Texas,RES,residential,13.08,9815.99017,cents per kilowatt-hour,million kilowatt hours,2008,12
CA,California,COM,commercial,12.42,9278.03523,cents per kilowatt-hour,million kilowatt hours,2008,11
CA,California,IND,industrial,10.13,4059.97884,cents per kilowatt-hour,million kilowatt hours,2008,11
CA,California,RES,residential,14.22,5969.99237,cents per kilowatt-hour,million kilowatt hours,2008,11
CO,Colorado,COM,commercial,8.3,1684.28175,cents per kilowatt-hour,million kilowatt hours,2008,11
CO,Colorado,IND,industrial,6.4,1131.76194,cents per kilowatt-hour,million kilowatt hours,2008,11
CO,Colorado,RES,residential,9.97,1294.1951,cents per kilowatt-hour,million kilowatt hours,2008,11
IL,Illinois,COM,commercial,9.55,3899.90538,cents per kilowatt-hour,million kilowatt hours,2008,11
IL,Illinois,IND,industrial,7.19,3521.74113,cents per kilowatt-hour,million kilowatt hours,2008,11
IL,Illinois,RES,residential,12.24,3564.28717,cents per kilowatt-hour,million kilowatt hours,2008,11
NY,New York,COM,commercial,15.37,5952.50958,cents per kilowatt-hour,million kilowatt hours,2008,11
NY,New York,IND,industrial,8.26,1230.82612,cents per kilowatt-hour,million kilowatt hours,2008,11
NY,New York,RES,residential,16.97,3546.39821,cents per kilowatt-hour,million kilowatt hours,2008,11
TX,Texas,COM,commercial,10.3,8337.36435,cents per kilowatt-hour,million kilowatt hours,2008,11
TX,Texas,IND,industrial,8.15,7973.70264,cents per kilowatt-hour,million kilowatt hours,2008,11
TX,Texas,RES,residential,13.28,7821.71367,cents per kilowatt-hour,million kilowatt hours,2008,11
CA,California,COM,commercial,12.82,11335.03905,cents per kilowatt-hour,million kilowatt hours,2008,10
CA,California,IND,industrial,10.57,4437.24377,cents per kilowatt-hour,million kilowatt hours,2008,10
CA,California,RES,residential,13.09,7675.6617,cents per kilowatt-hour,million kilowatt hours,2008,10
CO,Colorado,COM,commercial,7.99,1687.59582,cents per kilowatt-hour,million kilowatt hours,2008,10
CO,Colorado,IND,industrial,6.68,1164.00637,cents per kilowatt-hour,million kilowatt hours,2008,10
CO,Colorado,RES,residential,10.32,1291.16544,cents per kilowatt-hour,million kilowatt hours,2008,10
IL,Illinois,COM,commercial,9.52,4314.74238,cents per kilowatt-hour,million kilowatt hours,2008,10
IL,Illinois,IND,industrial,7.51,3854.56246,cents per kilowatt-hour,million kilowatt hours,2008,10
IL,Illinois,RES,residential,12.05,3128.42989,cents per kilowatt-hour,million kilowatt hours,2008,10
NY,New York,COM,commercial,16.28,6148.30207,cents per kilowatt-hour,million kilowatt hours,2008,10
NY,New York,IND,industrial,9.37,1217.69847,cents per kilowatt-hour,million kilowatt hours,2008,10
NY,New York,RES,residential,17.58,3618.47568,cents per kilowatt-hour,million kilowatt hours,2008,10
TX,Texas,COM,commercial,10.51,9481.83775,cents per kilowatt-hour,million kilowatt hours,2008,10
TX,Texas,IND,industrial,8.8,8506.85954,cents per kilowatt-hour,million kilowatt hours,2008,10
TX,Texas,RES,residential,13.53,9022.16813,cents per kilowatt-hour,million kilowatt hours,2008,10
CA,California,COM,commercial,13.79,11871.43797,cents per kilowatt-hour,million kilowatt hours,2008,9
CA,California,IND,industrial,10.83,4633.74547,cents per kilowatt-hour,million kilowatt hours,2008,9
CA,California,RES,residential,14.02,9002.51482,cents per kilowatt-hour,million kilowatt hours,2008,9
CO,Colorado,COM,commercial,9.4,1728.13352,cents per kilowatt-hour,million kilowatt hours,2008,9
CO,Colorado,IND,industrial,7.4,1153.05107,cents per kilowatt-hour,million kilowatt hours,2008,9
CO,Colorado,RES,residential,11.07,1415.66079,cents per kilowatt-hour,million kilowatt hours,2008,9
IL,Illinois,COM,commercial,9.52,4333.59043,cents per kilowatt-hour,million kilowatt hours,2008,9
IL,Illinois,IND,industrial,7.64,3882.62765,cents per kilowatt-hour,million kilowatt hours,2008,9
IL,Illinois,RES,residential,11.63,3430.71745,cents per kilowatt-hour,million kilowatt hours,2008,9
NY,New York,COM,commercial,18.05,6896.42014,cents per kilowatt-hour,million kilowatt hours,2008,9
NY,New York,IND,industrial,9.95,1318.39631,cents per kilowatt-hour,million kilowatt hours,2008,9
NY,New York,RES,residential,19.5,4274.67092,cents per kilowatt-hour,million kilowatt hours,2008,9
TX,Texas,COM,commercial,10.78,10022.21935,cents per kilowatt-hour,million kilowatt hours,2008,9
TX,Texas,IND,industrial,8.93,8564.72975,cents per kilowatt-hour,million kilowatt hours,2008,9
TX,Texas,RES,residential,13.51,11987.61196,cents per kilowatt-hour,million kilowatt hours,2008,9
CA,California,COM,commercial,14.81,11182.35134,cents per kilowatt-hour,million kilowatt hours,2008,8
CA,California,IND,industrial,11.4,4606.06217,cents per kilowatt-hour,million kilowatt hours,2008,8
CA,California,RES,residential,14.56,8944.44076,cents per kilowatt-hour,million kilowatt hours,2008,8
CO,Colorado,COM,commercial,9.65,1855.19614,cents per kilowatt-hour,million kilowatt hours,2008,8
CO,Colorado,IND,industrial,7.63,1277.45961,cents per kilowatt-hour,million kilowatt hours,2008,8
CO,Colorado,RES,residential,11.09,1726.60179,cents per kilowatt-hour,million kilowatt hours,2008,8
IL,Illinois,COM,commercial,9.69,4716.17444,cents per kilowatt-hour,million kilowatt hours,2008,8
IL,Illinois,IND,industrial,7.79,4006.51363,cents per kilowatt-hour,million kilowatt hours,2008,8
IL,Illinois,RES,residential,11.24,4621.27235,cents per kilowatt-hour,million kilowatt hours,2008,8
NY,New York,COM,commercial,18.89,7238.53441,cents per kilowatt-hour,million kilowatt hours,2008,8
NY,New York,IND,industrial,10.58,1214.05111,cents per kilowatt-hour,million kilowatt hours,2008,8
NY,New York,RES,residential,20.93,4972.70966,cents per kilowatt-hour,million kilowatt hours,2008,8
TX,Texas,COM,commercial,11.29,11288.64105,cents per kilowatt-hour,million kilowatt hours,2008,8
TX,Texas,IND,industrial,9.54,9367.09887,cents per kilowatt-hour,million kilowatt hours,2008,8
TX,Texas,RES,residential,13.84,14971.42047,cents per kilowatt-hour,million kilowatt hours,2008,8
CA,California,COM,commercial,13.97,12179.01299,cents per kilowatt-hour,million kilowatt hours,2008,7
CA,California,IND,industrial,11.24,4701.13355,cents per kilowatt-hour,million kilowatt hours,2008,7
CA,California,RES,residential,14.4,9334.13131,cents per kilowatt-hour,million kilowatt hours,2008,7
CO,Colorado,COM,commercial,9.76,1969.60337,cents per kilowatt-hour,million kilowatt hours,2008,7
CO,Colorado,IND,industrial,7.4,1313.79033,cents per kilowatt-hour,million kilowatt hours,2008,7
CO,Colorado,RES,residential,10.95,1840.56033,cents per kilowatt-hour,million kilowatt hours,2008,7
IL,Illinois,COM,commercial,9.55,4894.31152,cents per kilowatt-hour,million kilowatt hours,2008,7
IL,Illinois,IND,industrial,8.21,4032.75539,cents per kilowatt-hour,million kilowatt hours,2008,7
IL,Illinois,RES,residential,11.41,5056.74799,cents per kilowatt-hour,million kilowatt hours,2008,7
NY,New York,COM,commercial,19.87,7372.0378,cents per kilowatt-hour,million kilowatt hours,2008,7
NY,New York,IND,industrial,10.81,1233.87717,cents per kilowatt-hour,million kilowatt hours,2008,7
NY,New York,RES,residential,19.75,5072.55492,cents per kilowatt-hour,million kilowatt hours,2008,7
TX,Texas,COM,commercial,11.58,11531.25862,cents per kilowatt-hour,million kilowatt hours,2008,7
TX,Texas,IND,industrial,10.15,9523.52833,cents per kilowatt-hour,million kilowatt hours,2008,7
TX,Texas,RES,residential,14.06,14723.67213,cents per kilowatt-hour,million kilowatt hours,2008,7
CA,California,COM,commercial,14.32,10604.28917,cents per kilowatt-hour,million kilowatt hours,2008,6
CA,California,IND,industrial,10.87,4411.04841,cents per kilowatt-hour,million kilowatt hours,2008,6
CA,California,RES,residential,14.5,7216.17481,cents per kilowatt-hour,million kilowatt hours,2008,6
CO,Colorado,COM,commercial,9.04,1770.67328,cents per kilowatt-hour,million kilowatt hours,2008,6
CO,Colorado,IND,industrial,6.94,1215.62411,cents per kilowatt-hour,million kilowatt hours,2008,6
CO,Colorado,RES,residential,10.54,1404.24449,cents per kilowatt-hour,million kilowatt hours,2008,6
IL,Illinois,COM,commercial,9.73,4533.61814,cents per kilowatt-hour,million kilowatt hours,2008,6
IL,Illinois,IND,industrial,7.3,3786.56545,cents per kilowatt-hour,million kilowatt hours,2008,6
IL,Illinois,RES,residential,11.57,4186.25838,cents per kilowatt-hour,million kilowatt hours,2008,6
NY,New York,COM,commercial,18.75,6692.96729,cents per kilowatt-hour,million kilowatt hours,2008,6
NY,New York,IND,industrial,9.81,1266.13913,cents per kilowatt-hour,million kilowatt hours,2008,6
NY,New York,RES,residential,19.41,4088.49649,cents per kilowatt-hour,million kilowatt hours,2008,6
TX,Texas,COM,commercial,11.81,10791.31457,cents per kilowatt-hour,million kilowatt hours,2008,6
TX,Texas,IND,industrial,9.9,9433.90081,cents per kilowatt-hour,million kilowatt hours,2008,6
TX,Texas,RES,residential,13.43,13425.60751,cents per kilowatt-hour,million kilowatt hours,2008,6
CA,California,COM,commercial,11.98,10185.01759,cents per kilowatt-hour,million kilowatt hours,2008,5
CA,California,IND,industrial,9.84,4267.04642,cents per kilowatt-hour,million kilowatt hours,2008,5
CA,California,RES,residential,13.55,6418.98358,cents per kilowatt-hour,million kilowatt hours,2008,5
CO,Colorado,COM,commercial,8.86,1691.40925,cents per kilowatt-hour,million kilowatt hours,2008,5
CO,Colorado,IND,industrial,6.78,1168.16394,cents per kilowatt-hour,million kilowatt hours,2008,5
CO,Colorado,RES,residential,10.4,1251.58264,cents per kilowatt-hour,million kilowatt hours,2008,5
IL,Illinois,COM,commercial,9.12,4005.53193,cents per kilowatt-hour,million kilowatt hours,2008,5
IL,Illinois,IND,industrial,7.01,3752.72625,cents per kilowatt-hour,million kilowatt hours,2008,5
IL,Illinois,RES,residential,11.6,2902.61865,cents per kilowatt-hour,million kilowatt hours,2008,5
NY,New York,COM,commercial,16.59,5831.82644,cents per kilowatt-hour,million kilowatt hours,2008,5
NY,New York,IND,industrial,9.56,1255.84156,cents per kilowatt-hour,million kilowatt hours,2008,5
NY,New York,RES,residential,18.74,3275.64215,cents per kilowatt-hour,million kilowatt hours,2008,5
TX,Texas,COM,commercial,10.46,9929.72573,cents per kilowatt-hour,million kilowatt hours,2008,5
TX,Texas,IND,industrial,8.64,10240.16921,cents per kilowatt-hour,million kilowatt hours,2008,5
TX,Texas,RES,residential,12.94,9405.45269,cents per kilowatt-hour,million kilowatt hours,2008,5
CA,California,COM,commercial,11.15,9746.17886,cents per kilowatt-hour,million kilowatt hours,2008,4
CA,California,IND,industrial,8.88,4169.99327,cents per kilowatt-hour,million kilowatt hours,2008,4
CA,California,RES,residential,12.93,6379.40396,cents per kilowatt-hour,million kilowatt hours,2008,4
CO,Colorado,COM,commercial,8.96,1567.98023,cents per kilowatt-hour,million kilowatt hours,2008,4
CO,Colorado,IND,industrial,6.49,1118.54648,cents per kilowatt-hour,million kilowatt hours,2008,4
CO,Colorado,RES,residential,10.13,1249.85297,cents per kilowatt-hour,million kilowatt hours,2008,4
IL,Illinois,COM,commercial,9.19,3827.46132,cents per kilowatt-hour,million kilowatt hours,2008,4
IL,Illinois,IND,industrial,7.16,3695.47489,cents per kilowatt-hour,million kilowatt hours,2008,4
IL,Illinois,RES,residential,11.02,3023.17113,cents per kilowatt-hour,million kilowatt hours,2008,4
NY,New York,COM,commercial,16.02,5807.26282,cents per kilowatt-hour,million kilowatt hours,2008,4
NY,New York,IND,industrial,9.15,1194.74973,cents per kilowatt-hour,million kilowatt hours,2008,4
NY,New York,RES,residential,18.05,3442.15406,cents per kilowatt-hour,million kilowatt hours,2008,4
TX,Texas,COM,commercial,10.52,8471.71655,cents per kilowatt-hour,million kilowatt hours,2008,4
TX,Texas,IND,industrial,8.73,8958.31779,cents per kilowatt-hour,million kilowatt hours,2008,4
TX,Texas,RES,residential,12.53,7964.56444,cents per kilowatt-hour,million kilowatt hours,2008,4
CA,California,COM,commercial,11.2,9282.20723,cents per kilowatt-hour,million kilowatt hours,2008,3
CA,California,IND,industrial,9.27,3941.91075,cents per kilowatt-hour,million kilowatt hours,2008,3
CA,California,RES,residential,13.15,6633.66635,cents per kilowatt-hour,million kilowatt hours,2008,3
CO,Colorado,COM,commercial,7.71,1654.10581,cents per kilowatt-hour,million kilowatt hours,2008,3
CO,Colorado,IND,industrial,6.01,1089.09401,cents per kilowatt-hour,million kilowatt hours,2008,3
CO,Colorado,RES,residential,9.37,1392.31187,cents per kilowatt-hour,million kilowatt hours,2008,3
IL,Illinois,COM,commercial,8.84,4097.5969,cents per kilowatt-hour,million kilowatt hours,2008,3
IL,Illinois,IND,industrial,7.2,3852.98734,cents per kilowatt-hour,million kilowatt hours,2008,3
IL,Illinois,RES,residential,10.43,3563.22332,cents per kilowatt-hour,million kilowatt hours,2008,3
NY,New York,COM,commercial,15.08,6323.97778,cents per kilowatt-hour,million kilowatt hours,2008,3
NY,New York,IND,industrial,8.69,1160.0388,cents per kilowatt-hour,million kilowatt hours,2008,3
NY,New York,RES,residential,16.93,3953.30261,cents per kilowatt-hour,million kilowatt hours,2008,3
TX,Texas,COM,commercial,10.2,8245.4015,cents per kilowatt-hour,million kilowatt hours,2008,3
TX,Texas,IND,industrial,8.18,8705.14494,cents per kilowatt-hour,million kilowatt hours,2008,3
TX,Texas,RES,residential,11.97,8444.92439,cents per kilowatt-hour,million kilowatt hours,2008,3
CA,California,COM,commercial,11.08,9022.56365,cents per kilowatt-hour,million kilowatt hours,2008,2
CA,California,IND,industrial,9.25,3702.9269,cents per kilowatt-hour,million kilowatt hours,2008,2
CA,California,RES,residential,13.36,7175.46774,cents per kilowatt-hour,million kilowatt hours,2008,2
CO,Colorado,COM,commercial,7.62,1613.50355,cents per kilowatt-hour,million kilowatt hours,2008,2
CO,Colorado,IND,industrial,5.91,1045.36731,cents per kilowatt-hour,million kilowatt hours,2008,2
CO,Colorado,RES,residential,9.25,1479.40674,cents per kilowatt-hour,million kilowatt hours,2008,2
IL,Illinois,COM,commercial,8.57,4291.87314,cents per kilowatt-hour,million kilowatt hours,2008,2
IL,Illinois,IND,industrial,7.06,3750.86525,cents per kilowatt-hour,million kilowatt hours,2008,2
IL,Illinois,RES,residential,9.88,4103.9323,cents per kilowatt-hour,million kilowatt hours,2008,2
NY,New York,COM,commercial,15.13,6272.31966,cents per kilowatt-hour,million kilowatt hours,2008,2
NY,New York,IND,industrial,9.38,1244.1544,cents per kilowatt-hour,million kilowatt hours,2008,2
NY,New York,RES,residential,17.32,4068.43236,cents per kilowatt-hour,million kilowatt hours,2008,2
TX,Texas,COM,commercial,9.92,8707.28321,cents per kilowatt-hour,million kilowatt hours,2008,2
TX,Texas,IND,industrial,7.78,8185.08424,cents per kilowatt-hour,million kilowatt hours,2008,2
TX,Texas,RES,residential,11.35,9582.851,cents per kilowatt-hour,million kilowatt hours,2008,2
CA,California,COM,commercial,10.71,10043.05,cents per kilowatt-hour,million kilowatt hours,2008,1
CA,California,IND,industrial,9.01,3925.52432,cents per kilowatt-hour,million kilowatt hours,2008,1
CA,California,RES,residential,13.73,8576.32181,cents per kilowatt-hour,million kilowatt hours,2008,1
CO,Colorado,COM,commercial,7.38,1638.40985,cents per kilowatt-hour,million kilowatt hours,2008,1
CO,Colorado,IND,industrial,5.59,1080.76365,cents per kilowatt-hour,million kilowatt hours,2008,1
CO,Colorado,RES,residential,8.95,1739.71213,cents per kilowatt-hour,million kilowatt hours,2008,1
IL,Illinois,COM,commercial,8.49,4429.72748,cents per kilowatt-hour,million kilowatt hours,2008,1
IL,Illinois,IND,industrial,6.63,3796.3251,cents per kilowatt-hour,million kilowatt hours,2008,1
IL,Illinois,RES,residential,9.56,4581.80388,cents per kilowatt-hour,million kilowatt hours,2008,1
NY,New York,COM,commercial,15.48,6373.8778,cents per kilowatt-hour,million kilowatt hours,2008,1
NY,New York,IND,industrial,8.94,1212.37198,cents per kilowatt-hour,million kilowatt hours,2008,1
NY,New York,RES,residential,16.87,4446.40141,cents per kilowatt-hour,million kilowatt hours,2008,1
TX,Texas,COM,commercial,10.29,8607.92133,cents per kilowatt-hour,million kilowatt hours,2008,1
TX,Texas,IND,industrial,7.99,8425.61011,cents per kilowatt-hour,million kilowatt hours,2008,1
TX,Texas,RES,residential,11.65,11074.07145,cents per kilowatt-hour,million kilowatt hours,2008,1
CA,California,COM,commercial,11.24,9636.06462,cents per kilowatt-hour,million kilowatt hours,2007,12
CA,California,IND,industrial,9.21,3972.63395,cents per kilowatt-hour,million kilowatt hours,2007,12
CA,California,RES,residential,14.46,7347.15909,cents per kilowatt-hour,million kilowatt hours,2007,12
CO,Colorado,COM,commercial,7.37,1600.62952,cents per kilowatt-hour,million kilowatt hours,2007,12
CO,Colorado,IND,industrial,5.85,1082.39242,cents per kilowatt-hour,million kilowatt hours,2007,12
CO,Colorado,RES,residential,9.01,1600.36387,cents per kilowatt-hour,million kilowatt hours,2007,12
IL,Illinois,COM,commercial,8.89,4196.05441,cents per kilowatt-hour,million kilowatt hours,2007,12
IL,Illinois,IND,industrial,6.36,3475.38809,cents per kilowatt-hour,million kilowatt hours,2007,12
IL,Illinois,RES,residential,9.71,4423.18203,cents per kilowatt-hour,million kilowatt hours,2007,12
NY,New York,COM,commercial,15.73,6063.59244,cents per kilowatt-hour,million kilowatt hours,2007,12
NY,New York,IND,industrial,9.44,1653.09803,cents per kilowatt-hour,million kilowatt hours,2007,12
NY,New York,RES,residential,16.66,4276.37356,cents per kilowatt-hour,million kilowatt hours,2007,12
TX,Texas,COM,commercial,9.69,8305.85087,cents per kilowatt-hour,million kilowatt hours,2007,12
TX,Texas,IND,industrial,7.69,8734.86929,cents per kilowatt-hour,million kilowatt hours,2007,12
TX,Texas,RES,residential,11.75,8950.1273,cents per kilowatt-hour,million kilowatt hours,2007,12
CA,California,COM,commercial,12.0,9772.67308,cents per kilowatt-hour,million kilowatt hours,2007,11
CA,California,IND,industrial,9.78,4053.61929,cents per kilowatt-hour,million kilowatt hours,2007,11
CA,California,RES,residential,14.37,6330.14573,cents per kilowatt-hour,million kilowatt hours,2007,11
CO,Colorado,COM,commercial,7.74,1672.22822,cents per kilowatt-hour,million kilowatt hours,2007,11
CO,Colorado,IND,industrial,5.93,1090.73596,cents per kilowatt-hour,million kilowatt hours,2007,11
CO,Colorado,RES,residential,9.35,1321.94723,cents per kilowatt-hour,million kilowatt hours,2007,11
IL,Illinois,COM,commercial,8.46,4277.13549,cents per kilowatt-hour,million kilowatt hours,2007,11
IL,Illinois,IND,industrial,6.65,3438.30237,cents per kilowatt-hour,million kilowatt hours,2007,11
IL,Illinois,RES,residential,10.58,3477.88049,cents per kilowatt-hour,million kilowatt hours,2007,11
NY,New York,COM,commercial,15.48,5788.76789,cents per kilowatt-hour,million kilowatt hours,2007,11
NY,New York,IND,industrial,8.21,1717.06168,cents per kilowatt-hour,million kilowatt hours,2007,11
NY,New York,RES,residential,16.94,3713.09109,cents per kilowatt-hour,million kilowatt hours,2007,11
TX,Texas,COM,commercial,9.79,8521.15715,cents per kilowatt-hour,million kilowatt hours,2007,11
TX,Texas,IND,industrial,7.66,8984.10698,cents per kilowatt-hour,million kilowatt hours,2007,11
TX,Texas,RES,residential,12.03,7964.06815,cents per kilowatt-hour,million kilowatt hours,2007,11
CA,California,COM,commercial,13.49,11014.27891,cents per kilowatt-hour,million kilowatt hours,2007,10
CA,California,IND,industrial,10.66,4503.28875,cents per kilowatt-hour,million kilowatt hours,2007,10
CA,California,RES,residential,12.53,7078.10063,cents per kilowatt-hour,million kilowatt hours,2007,10
CO,Colorado,COM,commercial,8.22,1727.21067,cents per kilowatt-hour,million kilowatt hours,2007,10
CO,Colorado,IND,industrial,5.8,1135.64645,cents per kilowatt-hour,million kilowatt hours,2007,10
CO,Colorado,RES,residential,9.34,1309.92151,cents per kilowatt-hour,million kilowatt hours,2007,10
IL,Illinois,COM,commercial,9.01,4212.56018,cents per kilowatt-hour,million kilowatt hours,2007,10
IL,Illinois,IND,industrial,6.54,3749.94882,cents per kilowatt-hour,million kilowatt hours,2007,10
IL,Illinois,RES,residential,10.74,3241.84327,cents per kilowatt-hour,million kilowatt hours,2007,10
NY,New York,COM,commercial,15.83,6271.31814,cents per kilowatt-hour,million kilowatt hours,2007,10
NY,New York,IND,industrial,8.97,1749.38377,cents per kilowatt-hour,million kilowatt hours,2007,10
NY,New York,RES,residential,17.48,3894.78039,cents per kilowatt-hour,million kilowatt hours,2007,10
TX,Texas,COM,commercial,10.0,9844.66206,cents per kilowatt-hour,million kilowatt hours,2007,10
TX,Texas,IND,industrial,7.75,9546.9506,cents per kilowatt-hour,million kilowatt hours,2007,10
TX,Texas,RES,residential,12.42,10646.40214,cents per kilowatt-hour,million kilowatt hours,2007,10
CA,California,COM,commercial,14.05,11377.83433,cents per kilowatt-hour,million kilowatt hours,2007,9
CA,California,IND,industrial,10.96,4577.4398,cents per kilowatt-hour,million kilowatt hours,2007,9
CA,California,RES,residential,15.1,8947.72677,cents per kilowatt-hour,million kilowatt hours,2007,9
CO,Colorado,COM,commercial,7.24,1790.32547,cents per kilowatt-hour,million kilowatt hours,2007,9
CO,Colorado,IND,industrial,5.98,1095.24303,cents per kilowatt-hour,million kilowatt hours,2007,9
CO,Colorado,RES,residential,9.17,1530.92212,cents per kilowatt-hour,million kilowatt hours,2007,9
IL,Illinois,COM,commercial,8.64,4488.52212,cents per kilowatt-hour,million kilowatt hours,2007,9
IL,Illinois,IND,industrial,6.86,3639.07253,cents per kilowatt-hour,million kilowatt hours,2007,9
IL,Illinois,RES,residential,10.31,4078.48692,cents per kilowatt-hour,million kilowatt hours,2007,9
NY,New York,COM,commercial,16.8,6726.16281,cents per kilowatt-hour,million kilowatt hours,2007,9
NY,New York,IND,industrial,7.38,1805.15211,cents per kilowatt-hour,million kilowatt hours,2007,9
NY,New York,RES,residential,17.15,4439.62291,cents per kilowatt-hour,million kilowatt hours,2007,9
TX,Texas,COM,commercial,9.88,10376.50217,cents per kilowatt-hour,million kilowatt hours,2007,9
TX,Texas,IND,industrial,7.76,9494.21328,cents per kilowatt-hour,million kilowatt hours,2007,9
TX,Texas,RES,residential,12.44,13316.66212,cents per kilowatt-hour,million kilowatt hours,2007,9
CA,California,COM,commercial,14.32,12006.57676,cents per kilowatt-hour,million kilowatt hours,2007,8
CA,California,IND,industrial,11.02,4639.9234,cents per kilowatt-hour,million kilowatt hours,2007,8
CA,California,RES,residential,15.11,9203.57477,cents per kilowatt-hour,million kilowatt hours,2007,8
CO,Colorado,COM,commercial,7.04,1930.45037,cents per kilowatt-hour,million kilowatt hours,2007,8
CO,Colorado,IND,industrial,5.9,1257.67808,cents per kilowatt-hour,million kilowatt hours,2007,8
CO,Colorado,RES,residential,8.97,1797.75596,cents per kilowatt-hour,million kilowatt hours,2007,8
IL,Illinois,COM,commercial,8.75,5049.9103,cents per kilowatt-hour,million kilowatt hours,2007,8
IL,Illinois,IND,industrial,7.11,3890.32114,cents per kilowatt-hour,million kilowatt hours,2007,8
IL,Illinois,RES,residential,10.29,5602.64591,cents per kilowatt-hour,million kilowatt hours,2007,8
NY,New York,COM,commercial,17.2,6850.57563,cents per kilowatt-hour,million kilowatt hours,2007,8
NY,New York,IND,industrial,9.39,1841.88883,cents per kilowatt-hour,million kilowatt hours,2007,8
NY,New York,RES,residential,17.96,5071.8236,cents per kilowatt-hour,million kilowatt hours,2007,8
TX,Texas,COM,commercial,9.91,11083.22988,cents per kilowatt-hour,million kilowatt hours,2007,8
TX,Texas,IND,industrial,7.69,10038.64805,cents per kilowatt-hour,million kilowatt hours,2007,8
TX,Texas,RES,residential,12.4,14202.91476,cents per kilowatt-hour,million kilowatt hours,2007,8
CA,California,COM,commercial,14.85,11577.94391,cents per kilowatt-hour,million kilowatt hours,2007,7
CA,California,IND,industrial,10.35,4708.40133,cents per kilowatt-hour,million kilowatt hours,2007,7
CA,California,RES,residential,15.13,8644.33063,cents per kilowatt-hour,million kilowatt hours,2007,7
CO,Colorado,COM,commercial,7.13,1937.58505,cents per kilowatt-hour,million kilowatt hours,2007,7
CO,Colorado,IND,industrial,6.06,1222.92863,cents per kilowatt-hour,million kilowatt hours,2007,7
CO,Colorado,RES,residential,9.09,1824.02584,cents per kilowatt-hour,million kilowatt hours,2007,7
IL,Illinois,COM,commercial,8.63,4678.48618,cents per kilowatt-hour,million kilowatt hours,2007,7
IL,Illinois,IND,industrial,6.79,3906.17179,cents per kilowatt-hour,million kilowatt hours,2007,7
IL,Illinois,RES,residential,9.89,5048.00915,cents per kilowatt-hour,million kilowatt hours,2007,7
NY,New York,COM,commercial,16.95,6865.96101,cents per kilowatt-hour,million kilowatt hours,2007,7
NY,New York,IND,industrial,9.18,1788.51637,cents per kilowatt-hour,million kilowatt hours,2007,7
NY,New York,RES,residential,17.27,5062.42916,cents per kilowatt-hour,million kilowatt hours,2007,7
TX,Texas,COM,commercial,10.04,10204.47317,cents per kilowatt-hour,million kilowatt hours,2007,7
TX,Texas,IND,industrial,7.78,9461.24236,cents per kilowatt-hour,million kilowatt hours,2007,7
TX,Texas,RES,residential,12.51,13007.74511,cents per kilowatt-hour,million kilowatt hours,2007,7
CA,California,COM,commercial,14.21,10617.48731,cents per kilowatt-hour,million kilowatt hours,2007,6
CA,California,IND,industrial,10.66,4308.71258,cents per kilowatt-hour,million kilowatt hours,2007,6
CA,California,RES,residential,14.72,7040.1672,cents per kilowatt-hour,million kilowatt hours,2007,6
CO,Colorado,COM,commercial,8.29,1806.76303,cents per kilowatt-hour,million kilowatt hours,2007,6
CO,Colorado,IND,industrial,6.2,1100.5912,cents per kilowatt-hour,million kilowatt hours,2007,6
CO,Colorado,RES,residential,9.72,1400.38316,cents per kilowatt-hour,million kilowatt hours,2007,6
IL,Illinois,COM,commercial,8.36,4638.57549,cents per kilowatt-hour,million kilowatt hours,2007,6
IL,Illinois,IND,industrial,6.69,3892.50313,cents per kilowatt-hour,million kilowatt hours,2007,6
IL,Illinois,RES,residential,10.58,4301.24311,cents per kilowatt-hour,million kilowatt hours,2007,6
NY,New York,COM,commercial,16.64,6402.2997,cents per kilowatt-hour,million kilowatt hours,2007,6
NY,New York,IND,industrial,8.65,1750.96481,cents per kilowatt-hour,million kilowatt hours,2007,6
NY,New York,RES,residential,18.17,4087.22014,cents per kilowatt-hour,million kilowatt hours,2007,6
TX,Texas,COM,commercial,10.03,9739.0172,cents per kilowatt-hour,million kilowatt hours,2007,6
TX,Texas,IND,industrial,8.03,9344.08676,cents per kilowatt-hour,million kilowatt hours,2007,6
TX,Texas,RES,residential,12.73,11163.13909,cents per kilowatt-hour,million kilowatt hours,2007,6
CA,California,COM,commercial,12.19,10219.35642,cents per kilowatt-hour,million kilowatt hours,2007,5
CA,California,IND,industrial,9.58,4355.8898,cents per kilowatt-hour,million kilowatt hours,2007,5
CA,California,RES,residential,14.15,6531.45564,cents per kilowatt-hour,million kilowatt hours,2007,5
CO,Colorado,COM,commercial,7.8,1649.71996,cents per kilowatt-hour,million kilowatt hours,2007,5
CO,Colorado,IND,industrial,6.05,1110.21993,cents per kilowatt-hour,million kilowatt hours,2007,5
CO,Colorado,RES,residential,9.62,1241.23731,cents per kilowatt-hour,million kilowatt hours,2007,5
IL,Illinois,COM,commercial,8.34,4451.70982,cents per kilowatt-hour,million kilowatt hours,2007,5
IL,Illinois,IND,industrial,6.61,3970.0303,cents per kilowatt-hour,million kilowatt hours,2007,5
IL,Illinois,RES,residential,10.17,3234.82768,cents per kilowatt-hour,million kilowatt hours,2007,5
NY,New York,COM,commercial,16.05,5670.25177,cents per kilowatt-hour,million kilowatt hours,2007,5
NY,New York,IND,industrial,8.33,1755.86694,cents per kilowatt-hour,million kilowatt hours,2007,5
NY,New York,RES,residential,17.5,3612.65085,cents per kilowatt-hour,million kilowatt hours,2007,5
TX,Texas,COM,commercial,9.85,8983.18382,cents per kilowatt-hour,million kilowatt hours,2007,5
TX,Texas,IND,industrial,7.87,8996.50899,cents per kilowatt-hour,million kilowatt hours,2007,5
TX,Texas,RES,residential,12.62,8897.78288,cents per kilowatt-hour,million kilowatt hours,2007,5
CA,California,COM,commercial,11.52,9542.59994,cents per kilowatt-hour,million kilowatt hours,2007,4
CA,California,IND,industrial,9.28,3931.98972,cents per kilowatt-hour,million kilowatt hours,2007,4
CA,California,RES,residential,13.74,6038.48085,cents per kilowatt-hour,million kilowatt hours,2007,4
CO,Colorado,COM,commercial,7.83,1547.12668,cents per kilowatt-hour,million kilowatt hours,2007,4
CO,Colorado,IND,industrial,6.07,1027.46357,cents per kilowatt-hour,million kilowatt hours,2007,4
CO,Colorado,RES,residential,9.46,1198.30924,cents per kilowatt-hour,million kilowatt hours,2007,4
IL,Illinois,COM,commercial,8.4,3832.79585,cents per kilowatt-hour,million kilowatt hours,2007,4
IL,Illinois,IND,industrial,6.11,4194.37708,cents per kilowatt-hour,million kilowatt hours,2007,4
IL,Illinois,RES,residential,10.42,2921.76079,cents per kilowatt-hour,million kilowatt hours,2007,4
NY,New York,COM,commercial,15.08,5632.29216,cents per kilowatt-hour,million kilowatt hours,2007,4
NY,New York,IND,industrial,8.91,1630.28911,cents per kilowatt-hour,million kilowatt hours,2007,4
NY,New York,RES,residential,17.14,3523.93284,cents per kilowatt-hour,million kilowatt hours,2007,4
TX,Texas,COM,commercial,10.02,8427.77306,cents per kilowatt-hour,million kilowatt hours,2007,4
TX,Texas,IND,industrial,7.88,8545.92892,cents per kilowatt-hour,million kilowatt hours,2007,4
TX,Texas,RES,residential,12.56,7522.89123,cents per kilowatt-hour,million kilowatt hours,2007,4
CA,California,COM,commercial,11.62,9609.61301,cents per kilowatt-hour,million kilowatt hours,2007,3
CA,California,IND,industrial,9.19,3821.33054,cents per kilowatt-hour,million kilowatt hours,2007,3
CA,California,RES,residential,13.82,6815.14308,cents per kilowatt-hour,million kilowatt hours,2007,3
CO,Colorado,COM,commercial,7.81,1616.27565,cents per kilowatt-hour,million kilowatt hours,2007,3
CO,Colorado,IND,industrial,5.94,1028.03839,cents per kilowatt-hour,million kilowatt hours,2007,3
CO,Colorado,RES,residential,9.43,1323.19595,cents per kilowatt-hour,million kilowatt hours,2007,3
IL,Illinois,COM,commercial,8.31,4283.30069,cents per kilowatt-hour,million kilowatt hours,2007,3
IL,Illinois,IND,industrial,6.42,3858.77413,cents per kilowatt-hour,million kilowatt hours,2007,3
IL,Illinois,RES,residential,9.81,3345.22335,cents per kilowatt-hour,million kilowatt hours,2007,3
NY,New York,COM,commercial,14.68,5999.5627,cents per kilowatt-hour,million kilowatt hours,2007,3
NY,New York,IND,industrial,9.44,1518.80728,cents per kilowatt-hour,million kilowatt hours,2007,3
NY,New York,RES,residential,16.83,4039.5523,cents per kilowatt-hour,million kilowatt hours,2007,3
TX,Texas,COM,commercial,10.06,8148.33818,cents per kilowatt-hour,million kilowatt hours,2007,3
TX,Texas,IND,industrial,7.85,8536.92565,cents per kilowatt-hour,million kilowatt hours,2007,3
TX,Texas,RES,residential,12.46,8307.2481,cents per kilowatt-hour,million kilowatt hours,2007,3
CA,California,COM,commercial,11.43,8625.9812,cents per kilowatt-hour,million kilowatt hours,2007,2
CA,California,IND,industrial,9.28,3693.77744,cents per kilowatt-hour,million kilowatt hours,2007,2
CA,California,RES,residential,14.18,6783.21706,cents per kilowatt-hour,million kilowatt hours,2007,2
CO,Colorado,COM,commercial,7.41,1519.19311,cents per kilowatt-hour,million kilowatt hours,2007,2
CO,Colorado,IND,industrial,5.98,957.43501,cents per kilowatt-hour,million kilowatt hours,2007,2
CO,Colorado,RES,residential,9.22,1384.59961,cents per kilowatt-hour,million kilowatt hours,2007,2
IL,Illinois,COM,commercial,8.61,4016.9573,cents per kilowatt-hour,million kilowatt hours,2007,2
IL,Illinois,IND,industrial,6.47,3441.99483,cents per kilowatt-hour,million kilowatt hours,2007,2
IL,Illinois,RES,residential,9.62,4040.20652,cents per kilowatt-hour,million kilowatt hours,2007,2
NY,New York,COM,commercial,15.56,5956.01883,cents per kilowatt-hour,million kilowatt hours,2007,2
NY,New York,IND,industrial,7.16,1568.60852,cents per kilowatt-hour,million kilowatt hours,2007,2
NY,New York,RES,residential,15.89,4197.32529,cents per kilowatt-hour,million kilowatt hours,2007,2
TX,Texas,COM,commercial,9.63,8185.94326,cents per kilowatt-hour,million kilowatt hours,2007,2
TX,Texas,IND,industrial,7.78,7851.10794,cents per kilowatt-hour,million kilowatt hours,2007,2
TX,Texas,RES,residential,11.97,10238.33019,cents per kilowatt-hour,million kilowatt hours,2007,2
CA,California,COM,commercial,11.54,9689.8995,cents per kilowatt-hour,million kilowatt hours,2007,1
CA,California,IND,industrial,9.23,3971.2274,cents per kilowatt-hour,million kilowatt hours,2007,1
CA,California,RES,residential,14.98,8398.95956,cents per kilowatt-hour,million kilowatt hours,2007,1
CO,Colorado,COM,commercial,7.66,1710.25426,cents per kilowatt-hour,million kilowatt hours,2007,1
CO,Colorado,IND,industrial,5.88,1004.54032,cents per kilowatt-hour,million kilowatt hours,2007,1
CO,Colorado,RES,residential,8.98,1701.52019,cents per kilowatt-hour,million kilowatt hours,2007,1
IL,Illinois,COM,commercial,8.45,3917.23017,cents per kilowatt-hour,million kilowatt hours,2007,1
IL,Illinois,IND,industrial,6.69,3973.41577,cents per kilowatt-hour,million kilowatt hours,2007,1
IL,Illinois,RES,residential,9.63,4320.95177,cents per kilowatt-hour,million kilowatt hours,2007,1
NY,New York,COM,commercial,14.46,6099.30091,cents per kilowatt-hour,million kilowatt hours,2007,1
NY,New York,IND,industrial,9.62,1432.94456,cents per kilowatt-hour,million kilowatt hours,2007,1
NY,New York,RES,residential,16.09,4322.64187,cents per kilowatt-hour,million kilowatt hours,2007,1
TX,Texas,COM,commercial,9.45,8719.92217,cents per kilowatt-hour,million kilowatt hours,2007,1
TX,Texas,IND,industrial,7.77,8765.70717,cents per kilowatt-hour,million kilowatt hours,2007,1
TX,Texas,RES,residential,12.08,10703.90294,cents per kilowatt-hour,million kilowatt hours,2007,1
CA,California,COM,commercial,11.55,10147.14957,cents per kilowatt-hour,million kilowatt hours,2006,12
CA,California,IND,industrial,9.11,3650.62932,cents per kilowatt-hour,million kilowatt hours,2006,12
CA,California,RES,residential,14.47,7441.57883,cents per kilowatt-hour,million kilowatt hours,2006,12
CO,Colorado,COM,commercial,7.04,1673.63718,cents per kilowatt-hour,million kilowatt hours,2006,12
CO,Colorado,IND,industrial,5.44,1023.65562,cents per kilowatt-hour,million kilowatt hours,2006,12
CO,Colorado,RES,residential,8.45,1552.02685,cents per kilowatt-hour,million kilowatt hours,2006,12
IL,Illinois,COM,commercial,7.45,4137.81531,cents per kilowatt-hour,million kilowatt hours,2006,12
IL,Illinois,IND,industrial,4.77,3524.75486,cents per kilowatt-hour,million kilowatt hours,2006,12
IL,Illinois,RES,residential,7.55,4140.96472,cents per kilowatt-hour,million kilowatt hours,2006,12
NY,New York,COM,commercial,14.71,6203.18208,cents per kilowatt-hour,million kilowatt hours,2006,12
NY,New York,IND,industrial,9.27,1329.28793,cents per kilowatt-hour,million kilowatt hours,2006,12
NY,New York,RES,residential,15.88,4022.36416,cents per kilowatt-hour,million kilowatt hours,2006,12
TX,Texas,COM,commercial,9.45,8520.78702,cents per kilowatt-hour,million kilowatt hours,2006,12
TX,Texas,IND,industrial,7.75,8175.6678,cents per kilowatt-hour,million kilowatt hours,2006,12
TX,Texas,RES,residential,11.91,9112.95131,cents per kilowatt-hour,million kilowatt hours,2006,12
CA,California,COM,commercial,12.23,9593.51986,cents per kilowatt-hour,million kilowatt hours,2006,11
CA,California,IND,industrial,9.66,4133.75749,cents per kilowatt-hour,million kilowatt hours,2006,11
CA,California,RES,residential,14.47,6262.12538,cents per kilowatt-hour,million kilowatt hours,2006,11
CO,Colorado,COM,commercial,7.05,1584.04212,cents per kilowatt-hour,million kilowatt hours,2006,11
CO,Colorado,IND,industrial,5.51,1037.68379,cents per kilowatt-hour,million kilowatt hours,2006,11
CO,Colorado,RES,residential,8.68,1288.02272,cents per kilowatt-hour,million kilowatt hours,2006,11
IL,Illinois,COM,commercial,7.44,3877.12199,cents per kilowatt-hour,million kilowatt hours,2006,11
IL,Illinois,IND,industrial,4.59,3453.01198,cents per kilowatt-hour,million kilowatt hours,2006,11
IL,Illinois,RES,residential,7.78,3444.67664,cents per kilowatt-hour,million kilowatt hours,2006,11
NY,New York,COM,commercial,14.95,6070.76712,cents per kilowatt-hour,million kilowatt hours,2006,11
NY,New York,IND,industrial,9.05,1241.23091,cents per kilowatt-hour,million kilowatt hours,2006,11
NY,New York,RES,residential,16.33,3542.54406,cents per kilowatt-hour,million kilowatt hours,2006,11
TX,Texas,COM,commercial,9.53,8363.31925,cents per kilowatt-hour,million kilowatt hours,2006,11
TX,Texas,IND,industrial,7.69,8023.02396,cents per kilowatt-hour,million kilowatt hours,2006,11
TX,Texas,RES,residential,12.52,7511.31356,cents per kilowatt-hour,million kilowatt hours,2006,11
CA,California,COM,commercial,12.94,10578.94035,cents per kilowatt-hour,million kilowatt hours,2006,10
CA,California,IND,industrial,10.26,4349.86973,cents per kilowatt-hour,million kilowatt hours,2006,10
CA,California,RES,residential,12.2,6866.58812,cents per kilowatt-hour,million kilowatt hours,2006,10
CO,Colorado,COM,commercial,7.33,1720.31212,cents per kilowatt-hour,million kilowatt hours,2006,10
CO,Colorado,IND,industrial,5.97,1074.93079,cents per kilowatt-hour,million kilowatt hours,2006,10
CO,Colorado,RES,residential,8.93,1222.57013,cents per kilowatt-hour,million kilowatt hours,2006,10
IL,Illinois,COM,commercial,8.1,4196.41772,cents per kilowatt-hour,million kilowatt hours,2006,10
IL,Illinois,IND,industrial,4.72,3672.79656,cents per kilowatt-hour,million kilowatt hours,2006,10
IL,Illinois,RES,residential,8.73,3179.37104,cents per kilowatt-hour,million kilowatt hours,2006,10
NY,New York,COM,commercial,15.98,5974.75838,cents per kilowatt-hour,million kilowatt hours,2006,10
NY,New York,IND,industrial,9.54,1199.49363,cents per kilowatt-hour,million kilowatt hours,2006,10
NY,New York,RES,residential,17.22,3678.74654,cents per kilowatt-hour,million kilowatt hours,2006,10
TX,Texas,COM,commercial,9.76,9650.58061,cents per kilowatt-hour,million kilowatt hours,2006,10
TX,Texas,IND,industrial,7.55,8908.91594,cents per kilowatt-hour,million kilowatt hours,2006,10
TX,Texas,RES,residential,13.18,9520.46565,cents per kilowatt-hour,million kilowatt hours,2006,10
CA,California,COM,commercial,14.57,10896.2666,cents per kilowatt-hour,million kilowatt hours,2006,9
CA,California,IND,industrial,10.9,4526.87626,cents per kilowatt-hour,million kilowatt hours,2006,9
CA,California,RES,residential,14.57,8185.19314,cents per kilowatt-hour,million kilowatt hours,2006,9
CO,Colorado,COM,commercial,7.46,1672.35622,cents per kilowatt-hour,million kilowatt hours,2006,9
CO,Colorado,IND,industrial,5.84,1077.68406,cents per kilowatt-hour,million kilowatt hours,2006,9
CO,Colorado,RES,residential,9.07,1381.38553,cents per kilowatt-hour,million kilowatt hours,2006,9
IL,Illinois,COM,commercial,8.39,4181.51356,cents per kilowatt-hour,million kilowatt hours,2006,9
IL,Illinois,IND,industrial,5.0,3692.77225,cents per kilowatt-hour,million kilowatt hours,2006,9
IL,Illinois,RES,residential,9.21,3212.10986,cents per kilowatt-hour,million kilowatt hours,2006,9
NY,New York,COM,commercial,16.6,6602.97183,cents per kilowatt-hour,million kilowatt hours,2006,9
NY,New York,IND,industrial,10.02,1245.54506,cents per kilowatt-hour,million kilowatt hours,2006,9
NY,New York,RES,residential,17.92,4188.21859,cents per kilowatt-hour,million kilowatt hours,2006,9
TX,Texas,COM,commercial,10.07,10528.82437,cents per kilowatt-hour,million kilowatt hours,2006,9
TX,Texas,IND,industrial,7.71,9143.57972,cents per kilowatt-hour,million kilowatt hours,2006,9
TX,Texas,RES,residential,13.25,13269.73742,cents per kilowatt-hour,million kilowatt hours,2006,9
CA,California,COM,commercial,14.3,12453.25781,cents per kilowatt-hour,million kilowatt hours,2006,8
CA,California,IND,industrial,11.26,4858.17239,cents per kilowatt-hour,million kilowatt hours,2006,8
CA,California,RES,residential,14.89,10128.72803,cents per kilowatt-hour,million kilowatt hours,2006,8
CO,Colorado,COM,commercial,7.32,1864.99134,cents per kilowatt-hour,million kilowatt hours,2006,8
CO,Colorado,IND,industrial,5.53,1171.60588,cents per kilowatt-hour,million kilowatt hours,2006,8
CO,Colorado,RES,residential,9.29,1727.87489,cents per kilowatt-hour,million kilowatt hours,2006,8
IL,Illinois,COM,commercial,8.57,4942.26124,cents per kilowatt-hour,million kilowatt hours,2006,8
IL,Illinois,IND,industrial,5.25,3973.98292,cents per kilowatt-hour,million kilowatt hours,2006,8
IL,Illinois,RES,residential,8.92,5214.00311,cents per kilowatt-hour,million kilowatt hours,2006,8
NY,New York,COM,commercial,17.27,7261.85192,cents per kilowatt-hour,million kilowatt hours,2006,8
NY,New York,IND,industrial,9.88,1352.03125,cents per kilowatt-hour,million kilowatt hours,2006,8
NY,New York,RES,residential,17.74,5374.55634,cents per kilowatt-hour,million kilowatt hours,2006,8
TX,Texas,COM,commercial,10.27,11318.96629,cents per kilowatt-hour,million kilowatt hours,2006,8
TX,Texas,IND,industrial,8.16,9253.89543,cents per kilowatt-hour,million kilowatt hours,2006,8
TX,Texas,RES,residential,13.35,15289.54361,cents per kilowatt-hour,million kilowatt hours,2006,8
CA,California,COM,commercial,15.45,11096.50709,cents per kilowatt-hour,million kilowatt hours,2006,7
CA,California,IND,industrial,11.53,4509.72148,cents per kilowatt-hour,million kilowatt hours,2006,7
CA,California,RES,residential,16.65,9522.03482,cents per kilowatt-hour,million kilowatt hours,2006,7
CO,Colorado,COM,commercial,7.45,1842.43233,cents per kilowatt-hour,million kilowatt hours,2006,7
CO,Colorado,IND,industrial,6.15,1196.60832,cents per kilowatt-hour,million kilowatt hours,2006,7
CO,Colorado,RES,residential,9.14,1729.09172,cents per kilowatt-hour,million kilowatt hours,2006,7
IL,Illinois,COM,commercial,8.7,4835.82574,cents per kilowatt-hour,million kilowatt hours,2006,7
IL,Illinois,IND,industrial,5.22,3871.04808,cents per kilowatt-hour,million kilowatt hours,2006,7
IL,Illinois,RES,residential,9.15,5776.437,cents per kilowatt-hour,million kilowatt hours,2006,7
NY,New York,COM,commercial,16.76,7463.60764,cents per kilowatt-hour,million kilowatt hours,2006,7
NY,New York,IND,industrial,9.83,1305.29937,cents per kilowatt-hour,million kilowatt hours,2006,7
NY,New York,RES,residential,17.56,4964.33299,cents per kilowatt-hour,million kilowatt hours,2006,7
TX,Texas,COM,commercial,10.07,10671.74934,cents per kilowatt-hour,million kilowatt hours,2006,7
TX,Texas,IND,industrial,7.84,9309.28238,cents per kilowatt-hour,million kilowatt hours,2006,7
TX,Texas,RES,residential,13.31,14649.68932,cents per kilowatt-hour,million kilowatt hours,2006,7
CA,California,COM,commercial,14.42,10956.6028,cents per kilowatt-hour,million kilowatt hours,2006,6
CA,California,IND,industrial,10.77,4658.98704,cents per kilowatt-hour,million kilowatt hours,2006,6
CA,California,RES,residential,15.17,7547.60137,cents per kilowatt-hour,million kilowatt hours,2006,6
CO,Colorado,COM,commercial,7.82,1912.44215,cents per kilowatt-hour,million kilowatt hours,2006,6
CO,Colorado,IND,industrial,5.81,1127.56334,cents per kilowatt-hour,million kilowatt hours,2006,6
CO,Colorado,RES,residential,8.76,1539.4155,cents per kilowatt-hour,million kilowatt hours,2006,6
IL,Illinois,COM,commercial,8.6,4362.36138,cents per kilowatt-hour,million kilowatt hours,2006,6
IL,Illinois,IND,industrial,5.04,3758.02521,cents per kilowatt-hour,million kilowatt hours,2006,6
IL,Illinois,RES,residential,8.88,3900.56621,cents per kilowatt-hour,million kilowatt hours,2006,6
NY,New York,COM,commercial,16.1,6515.26246,cents per kilowatt-hour,million kilowatt hours,2006,6
NY,New York,IND,industrial,9.14,1295.65058,cents per kilowatt-hour,million kilowatt hours,2006,6
NY,New York,RES,residential,17.33,3837.98591,cents per kilowatt-hour,million kilowatt hours,2006,6
TX,Texas,COM,commercial,9.9,10278.75039,cents per kilowatt-hour,million kilowatt hours,2006,6
TX,Texas,IND,industrial,7.97,8994.01551,cents per kilowatt-hour,million kilowatt hours,2006,6
TX,Texas,RES,residential,13.41,12852.6873,cents per kilowatt-hour,million kilowatt hours,2006,6
CA,California,COM,commercial,12.43,9662.50283,cents per kilowatt-hour,million kilowatt hours,2006,5
CA,California,IND,industrial,9.58,4327.27352,cents per kilowatt-hour,million kilowatt hours,2006,5
CA,California,RES,residential,14.04,6516.58231,cents per kilowatt-hour,million kilowatt hours,2006,5
CO,Colorado,COM,commercial,6.81,1682.15585,cents per kilowatt-hour,million kilowatt hours,2006,5
CO,Colorado,IND,industrial,6.23,1069.56924,cents per kilowatt-hour,million kilowatt hours,2006,5
CO,Colorado,RES,residential,8.98,1203.71339,cents per kilowatt-hour,million kilowatt hours,2006,5
IL,Illinois,COM,commercial,7.9,4147.82782,cents per kilowatt-hour,million kilowatt hours,2006,5
IL,Illinois,IND,industrial,4.5,3630.52661,cents per kilowatt-hour,million kilowatt hours,2006,5
IL,Illinois,RES,residential,8.92,3165.27161,cents per kilowatt-hour,million kilowatt hours,2006,5
NY,New York,COM,commercial,14.8,5809.75239,cents per kilowatt-hour,million kilowatt hours,2006,5
NY,New York,IND,industrial,9.12,1224.20838,cents per kilowatt-hour,million kilowatt hours,2006,5
NY,New York,RES,residential,16.56,3232.71916,cents per kilowatt-hour,million kilowatt hours,2006,5
TX,Texas,COM,commercial,9.56,9577.2071,cents per kilowatt-hour,million kilowatt hours,2006,5
TX,Texas,IND,industrial,7.75,8940.5435,cents per kilowatt-hour,million kilowatt hours,2006,5
TX,Texas,RES,residential,12.98,10041.90849,cents per kilowatt-hour,million kilowatt hours,2006,5
CA,California,COM,commercial,11.85,8348.23042,cents per kilowatt-hour,million kilowatt hours,2006,4
CA,California,IND,industrial,9.5,3758.02654,cents per kilowatt-hour,million kilowatt hours,2006,4
CA,California,RES,residential,13.99,6023.571,cents per kilowatt-hour,million kilowatt hours,2006,4
CO,Colorado,COM,commercial,8.03,1522.48951,cents per kilowatt-hour,million kilowatt hours,2006,4
CO,Colorado,IND,industrial,5.93,994.79115,cents per kilowatt-hour,million kilowatt hours,2006,4
CO,Colorado,RES,residential,9.2,1176.96574,cents per kilowatt-hour,million kilowatt hours,2006,4
IL,Illinois,COM,commercial,7.73,3817.59318,cents per kilowatt-hour,million kilowatt hours,2006,4
IL,Illinois,IND,industrial,4.29,3780.03546,cents per kilowatt-hour,million kilowatt hours,2006,4
IL,Illinois,RES,residential,8.46,2941.21759,cents per kilowatt-hour,million kilowatt hours,2006,4
NY,New York,COM,commercial,14.45,5857.87361,cents per kilowatt-hour,million kilowatt hours,2006,4
NY,New York,IND,industrial,9.18,1165.81726,cents per kilowatt-hour,million kilowatt hours,2006,4
NY,New York,RES,residential,16.36,3359.15976,cents per kilowatt-hour,million kilowatt hours,2006,4
TX,Texas,COM,commercial,9.9,8371.18373,cents per kilowatt-hour,million kilowatt hours,2006,4
TX,Texas,IND,industrial,7.66,8809.13759,cents per kilowatt-hour,million kilowatt hours,2006,4
TX,Texas,RES,residential,12.72,8485.536,cents per kilowatt-hour,million kilowatt hours,2006,4
CA,California,COM,commercial,11.34,9720.91324,cents per kilowatt-hour,million kilowatt hours,2006,3
CA,California,IND,industrial,9.12,4233.27692,cents per kilowatt-hour,million kilowatt hours,2006,3
CA,California,RES,residential,13.72,7324.97487,cents per kilowatt-hour,million kilowatt hours,2006,3
CO,Colorado,COM,commercial,8.35,1632.58057,cents per kilowatt-hour,million kilowatt hours,2006,3
CO,Colorado,IND,industrial,6.26,986.37821,cents per kilowatt-hour,million kilowatt hours,2006,3
CO,Colorado,RES,residential,9.47,1362.70619,cents per kilowatt-hour,million kilowatt hours,2006,3
IL,Illinois,COM,commercial,7.43,4137.88195,cents per kilowatt-hour,million kilowatt hours,2006,3
IL,Illinois,IND,industrial,4.31,3853.89904,cents per kilowatt-hour,million kilowatt hours,2006,3
IL,Illinois,RES,residential,7.91,3646.83423,cents per kilowatt-hour,million kilowatt hours,2006,3
NY,New York,COM,commercial,14.26,5998.61974,cents per kilowatt-hour,million kilowatt hours,2006,3
NY,New York,IND,industrial,8.49,1307.60319,cents per kilowatt-hour,million kilowatt hours,2006,3
NY,New York,RES,residential,15.89,3929.70911,cents per kilowatt-hour,million kilowatt hours,2006,3
TX,Texas,COM,commercial,9.79,8069.57177,cents per kilowatt-hour,million kilowatt hours,2006,3
TX,Texas,IND,industrial,7.82,8669.39585,cents per kilowatt-hour,million kilowatt hours,2006,3
TX,Texas,RES,residential,12.42,8321.21624,cents per kilowatt-hour,million kilowatt hours,2006,3
CA,California,COM,commercial,11.47,8585.65777,cents per kilowatt-hour,million kilowatt hours,2006,2
CA,California,IND,industrial,9.57,3962.59527,cents per kilowatt-hour,million kilowatt hours,2006,2
CA,California,RES,residential,13.45,6390.80591,cents per kilowatt-hour,million kilowatt hours,2006,2
CO,Colorado,COM,commercial,8.05,1480.49973,cents per kilowatt-hour,million kilowatt hours,2006,2
CO,Colorado,IND,industrial,6.01,911.61752,cents per kilowatt-hour,million kilowatt hours,2006,2
CO,Colorado,RES,residential,9.23,1316.06901,cents per kilowatt-hour,million kilowatt hours,2006,2
IL,Illinois,COM,commercial,7.47,3949.1249,cents per kilowatt-hour,million kilowatt hours,2006,2
IL,Illinois,IND,industrial,4.26,3724.69382,cents per kilowatt-hour,million kilowatt hours,2006,2
IL,Illinois,RES,residential,7.93,3643.33807,cents per kilowatt-hour,million kilowatt hours,2006,2
NY,New York,COM,commercial,14.94,5940.95397,cents per kilowatt-hour,million kilowatt hours,2006,2
NY,New York,IND,industrial,9.43,1113.99548,cents per kilowatt-hour,million kilowatt hours,2006,2
NY,New York,RES,residential,16.66,3938.9504,cents per kilowatt-hour,million kilowatt hours,2006,2
TX,Texas,COM,commercial,9.91,7313.99077,cents per kilowatt-hour,million kilowatt hours,2006,2
TX,Texas,IND,industrial,8.06,8096.72957,cents per kilowatt-hour,million kilowatt hours,2006,2
TX,Texas,RES,residential,12.12,8225.92478,cents per kilowatt-hour,million kilowatt hours,2006,2
CA,California,COM,commercial,10.65,9215.50066,cents per kilowatt-hour,million kilowatt hours,2006,1
CA,California,IND,industrial,9.13,4021.70704,cents per kilowatt-hour,million kilowatt hours,2006,1
CA,California,RES,residential,13.14,7625.96523,cents per kilowatt-hour,million kilowatt hours,2006,1
CO,Colorado,COM,commercial,7.44,1564.69887,cents per kilowatt-hour,million kilowatt hours,2006,1
CO,Colorado,IND,industrial,5.91,932.73109,cents per kilowatt-hour,million kilowatt hours,2006,1
CO,Colorado,RES,residential,9.05,1451.69233,cents per kilowatt-hour,million kilowatt hours,2006,1
IL,Illinois,COM,commercial,7.23,4045.17121,cents per kilowatt-hour,million kilowatt hours,2006,1
IL,Illinois,IND,industrial,4.28,3980.8772,cents per kilowatt-hour,million kilowatt hours,2006,1
IL,Illinois,RES,residential,7.43,4116.69592,cents per kilowatt-hour,million kilowatt hours,2006,1
NY,New York,COM,commercial,14.53,6328.98487,cents per kilowatt-hour,million kilowatt hours,2006,1
NY,New York,IND,industrial,9.76,1196.25695,cents per kilowatt-hour,million kilowatt hours,2006,1
NY,New York,RES,residential,16.61,4357.46198,cents per kilowatt-hour,million kilowatt hours,2006,1
TX,Texas,COM,commercial,9.83,8465.43337,cents per kilowatt-hour,million kilowatt hours,2006,1
TX,Texas,IND,industrial,7.86,8364.68275,cents per kilowatt-hour,million kilowatt hours,2006,1
TX,Texas,RES,residential,11.91,9562.25131,cents per kilowatt-hour,million kilowatt hours,2006,1
CA,California,COM,commercial,10.79,9846.33814,cents per kilowatt-hour,million kilowatt hours,2005,12
CA,California,IND,industrial,8.95,4132.88046,cents per kilowatt-hour,million kilowatt hours,2005,12
CA,California,RES,residential,12.91,7337.33172,cents per kilowatt-hour,million kilowatt hours,2005,12
CO,Colorado,COM,commercial,8.47,1677.56531,cents per kilowatt-hour,million kilowatt hours,2005,12
CO,Colorado,IND,industrial,6.38,1011.08086,cents per kilowatt-hour,million kilowatt hours,2005,12
CO,Colorado,RES,residential,9.62,1534.81938,cents per kilowatt-hour,million kilowatt hours,2005,12
IL,Illinois,COM,commercial,7.2,4218.7265,cents per kilowatt-hour,million kilowatt hours,2005,12
IL,Illinois,IND,industrial,4.44,3952.85312,cents per kilowatt-hour,million kilowatt hours,2005,12
IL,Illinois,RES,residential,7.38,4395.45406,cents per kilowatt-hour,million kilowatt hours,2005,12
NY,New York,COM,commercial,14.83,6394.47538,cents per kilowatt-hour,million kilowatt hours,2005,12
NY,New York,IND,industrial,8.55,1622.45233,cents per kilowatt-hour,million kilowatt hours,2005,12
NY,New York,RES,residential,16.53,4229.41971,cents per kilowatt-hour,million kilowatt hours,2005,12
TX,Texas,COM,commercial,9.51,8576.09587,cents per kilowatt-hour,million kilowatt hours,2005,12
TX,Texas,IND,industrial,8.02,7298.29043,cents per kilowatt-hour,million kilowatt hours,2005,12
TX,Texas,RES,residential,11.42,9288.26436,cents per kilowatt-hour,million kilowatt hours,2005,12
CA,California,COM,commercial,10.98,9496.90258,cents per kilowatt-hour,million kilowatt hours,2005,11
CA,California,IND,industrial,9.08,4135.38661,cents per kilowatt-hour,million kilowatt hours,2005,11
CA,California,RES,residential,12.8,6205.863,cents per kilowatt-hour,million kilowatt hours,2005,11
CO,Colorado,COM,commercial,8.57,1518.32307,cents per kilowatt-hour,million kilowatt hours,2005,11
CO,Colorado,IND,industrial,6.18,937.03331,cents per kilowatt-hour,million kilowatt hours,2005,11
CO,Colorado,RES,residential,9.76,1219.9074,cents per kilowatt-hour,million kilowatt hours,2005,11
IL,Illinois,COM,commercial,7.41,3844.003,cents per kilowatt-hour,million kilowatt hours,2005,11
IL,Illinois,IND,industrial,4.47,3508.45252,cents per kilowatt-hour,million kilowatt hours,2005,11
IL,Illinois,RES,residential,8.04,3288.97359,cents per kilowatt-hour,million kilowatt hours,2005,11
NY,New York,COM,commercial,14.81,5761.88149,cents per kilowatt-hour,million kilowatt hours,2005,11
NY,New York,IND,industrial,8.66,1636.31239,cents per kilowatt-hour,million kilowatt hours,2005,11
NY,New York,RES,residential,17.57,3640.46786,cents per kilowatt-hour,million kilowatt hours,2005,11
TX,Texas,COM,commercial,9.37,8723.29194,cents per kilowatt-hour,million kilowatt hours,2005,11
TX,Texas,IND,industrial,8.16,7600.62311,cents per kilowatt-hour,million kilowatt hours,2005,11
TX,Texas,RES,residential,11.5,7734.51647,cents per kilowatt-hour,million kilowatt hours,2005,11
CA,California,COM,commercial,11.74,10044.59955,cents per kilowatt-hour,million kilowatt hours,2005,10
CA,California,IND,industrial,10.2,4228.47017,cents per kilowatt-hour,million kilowatt hours,2005,10
CA,California,RES,residential,11.3,6576.81519,cents per kilowatt-hour,million kilowatt hours,2005,10
CO,Colorado,COM,commercial,7.28,1715.54555,cents per kilowatt-hour,million kilowatt hours,2005,10
CO,Colorado,IND,industrial,6.01,982.41821,cents per kilowatt-hour,million kilowatt hours,2005,10
CO,Colorado,RES,residential,9.11,1233.76343,cents per kilowatt-hour,million kilowatt hours,2005,10
IL,Illinois,COM,commercial,8.3,4130.31599,cents per kilowatt-hour,million kilowatt hours,2005,10
IL,Illinois,IND,industrial,4.6,3718.1999,cents per kilowatt-hour,million kilowatt hours,2005,10
IL,Illinois,RES,residential,8.54,3350.60939,cents per kilowatt-hour,million kilowatt hours,2005,10
NY,New York,COM,commercial,15.72,6325.63164,cents per kilowatt-hour,million kilowatt hours,2005,10
NY,New York,IND,industrial,9.67,1683.29986,cents per kilowatt-hour,million kilowatt hours,2005,10
NY,New York,RES,residential,17.36,3882.00366,cents per kilowatt-hour,million kilowatt hours,2005,10
TX,Texas,COM,commercial,9.73,10076.65944,cents per kilowatt-hour,million kilowatt hours,2005,10
TX,Texas,IND,industrial,8.67,8116.83886,cents per kilowatt-hour,million kilowatt hours,2005,10
TX,Texas,RES,residential,11.6,10830.65447,cents per kilowatt-hour,million kilowatt hours,2005,10
CA,California,COM,commercial,13.32,10912.97465,cents per kilowatt-hour,million kilowatt hours,2005,9
CA,California,IND,industrial,10.16,4544.5299,cents per kilowatt-hour,million kilowatt hours,2005,9
CA,California,RES,residential,12.14,7945.48349,cents per kilowatt-hour,million kilowatt hours,2005,9
CO,Colorado,COM,commercial,7.55,1706.81139,cents per kilowatt-hour,million kilowatt hours,2005,9
CO,Colorado,IND,industrial,5.9,1034.30018,cents per kilowatt-hour,million kilowatt hours,2005,9
CO,Colorado,RES,residential,9.08,1430.16705,cents per kilowatt-hour,million kilowatt hours,2005,9
IL,Illinois,COM,commercial,8.18,4409.0669,cents per kilowatt-hour,million kilowatt hours,2005,9
IL,Illinois,IND,industrial,4.7,3958.76928,cents per kilowatt-hour,million kilowatt hours,2005,9
IL,Illinois,RES,residential,8.91,4106.41929,cents per kilowatt-hour,million kilowatt hours,2005,9
NY,New York,COM,commercial,15.9,7043.99431,cents per kilowatt-hour,million kilowatt hours,2005,9
NY,New York,IND,industrial,9.65,1799.62452,cents per kilowatt-hour,million kilowatt hours,2005,9
NY,New York,RES,residential,16.69,4894.75752,cents per kilowatt-hour,million kilowatt hours,2005,9
TX,Texas,COM,commercial,9.52,11120.66707,cents per kilowatt-hour,million kilowatt hours,2005,9
TX,Texas,IND,industrial,8.25,8278.8153,cents per kilowatt-hour,million kilowatt hours,2005,9
TX,Texas,RES,residential,11.66,14574.38744,cents per kilowatt-hour,million kilowatt hours,2005,9
CA,California,COM,commercial,13.03,11780.21397,cents per kilowatt-hour,million kilowatt hours,2005,8
CA,California,IND,industrial,10.42,4726.23126,cents per kilowatt-hour,million kilowatt hours,2005,8
CA,California,RES,residential,13.43,9823.97992,cents per kilowatt-hour,million kilowatt hours,2005,8
CO,Colorado,COM,commercial,7.5,1871.02052,cents per kilowatt-hour,million kilowatt hours,2005,8
CO,Colorado,IND,industrial,5.74,1131.37465,cents per kilowatt-hour,million kilowatt hours,2005,8
CO,Colorado,RES,residential,8.97,1649.12838,cents per kilowatt-hour,million kilowatt hours,2005,8
IL,Illinois,COM,commercial,8.33,4680.95576,cents per kilowatt-hour,million kilowatt hours,2005,8
IL,Illinois,IND,industrial,4.84,4117.66203,cents per kilowatt-hour,million kilowatt hours,2005,8
IL,Illinois,RES,residential,8.87,5651.25767,cents per kilowatt-hour,million kilowatt hours,2005,8
NY,New York,COM,commercial,15.79,7378.63204,cents per kilowatt-hour,million kilowatt hours,2005,8
NY,New York,IND,industrial,9.95,1643.48951,cents per kilowatt-hour,million kilowatt hours,2005,8
NY,New York,RES,residential,16.16,5513.3638,cents per kilowatt-hour,million kilowatt hours,2005,8
TX,Texas,COM,commercial,9.32,10840.70617,cents per kilowatt-hour,million kilowatt hours,2005,8
TX,Texas,IND,industrial,7.61,8514.21375,cents per kilowatt-hour,million kilowatt hours,2005,8
TX,Texas,RES,residential,11.47,14602.17409,cents per kilowatt-hour,million kilowatt hours,2005,8
CA,California,COM,commercial,14.15,10334.54169,cents per kilowatt-hour,million kilowatt hours,2005,7
CA,California,IND,industrial,10.99,4513.9696,cents per kilowatt-hour,million kilowatt hours,2005,7
CA,California,RES,residential,13.16,7819.93481,cents per kilowatt-hour,million kilowatt hours,2005,7
CO,Colorado,COM,commercial,7.86,1896.76598,cents per kilowatt-hour,million kilowatt hours,2005,7
CO,Colorado,IND,industrial,5.76,1091.51262,cents per kilowatt-hour,million kilowatt hours,2005,7
CO,Colorado,RES,residential,9.01,1746.36918,cents per kilowatt-hour,million kilowatt hours,2005,7
IL,Illinois,COM,commercial,8.32,4630.53158,cents per kilowatt-hour,million kilowatt hours,2005,7
IL,Illinois,IND,industrial,5.19,3861.95536,cents per kilowatt-hour,million kilowatt hours,2005,7
IL,Illinois,RES,residential,8.97,5931.02739,cents per kilowatt-hour,million kilowatt hours,2005,7
NY,New York,COM,commercial,15.37,7360.31224,cents per kilowatt-hour,million kilowatt hours,2005,7
NY,New York,IND,industrial,8.54,1751.62053,cents per kilowatt-hour,million kilowatt hours,2005,7
NY,New York,RES,residential,15.63,5137.67535,cents per kilowatt-hour,million kilowatt hours,2005,7
TX,Texas,COM,commercial,8.85,10799.38953,cents per kilowatt-hour,million kilowatt hours,2005,7
TX,Texas,IND,industrial,7.1,8465.37715,cents per kilowatt-hour,million kilowatt hours,2005,7
TX,Texas,RES,residential,11.29,14977.10201,cents per kilowatt-hour,million kilowatt hours,2005,7
CA,California,COM,commercial,13.09,10466.60894,cents per kilowatt-hour,million kilowatt hours,2005,6
CA,California,IND,industrial,9.86,4451.93536,cents per kilowatt-hour,million kilowatt hours,2005,6
CA,California,RES,residential,13.4,6875.8493,cents per kilowatt-hour,million kilowatt hours,2005,6
CO,Colorado,COM,commercial,8.03,1679.73973,cents per kilowatt-hour,million kilowatt hours,2005,6
CO,Colorado,IND,industrial,5.68,1062.56268,cents per kilowatt-hour,million kilowatt hours,2005,6
CO,Colorado,RES,residential,9.11,1330.4457,cents per kilowatt-hour,million kilowatt hours,2005,6
IL,Illinois,COM,commercial,8.24,4688.796,cents per kilowatt-hour,million kilowatt hours,2005,6
IL,Illinois,IND,industrial,4.68,4282.79534,cents per kilowatt-hour,million kilowatt hours,2005,6
IL,Illinois,RES,residential,8.88,4465.60682,cents per kilowatt-hour,million kilowatt hours,2005,6
NY,New York,COM,commercial,14.79,6476.79085,cents per kilowatt-hour,million kilowatt hours,2005,6
NY,New York,IND,industrial,7.52,1726.20288,cents per kilowatt-hour,million kilowatt hours,2005,6
NY,New York,RES,residential,15.58,3921.28954,cents per kilowatt-hour,million kilowatt hours,2005,6
TX,Texas,COM,commercial,8.63,10447.84313,cents per kilowatt-hour,million kilowatt hours,2005,6
TX,Texas,IND,industrial,6.89,8586.81897,cents per kilowatt-hour,million kilowatt hours,2005,6
TX,Texas,RES,residential,11.21,12634.51994,cents per kilowatt-hour,million kilowatt hours,2005,6
CA,California,COM,commercial,11.23,9268.26139,cents per kilowatt-hour,million kilowatt hours,2005,5
CA,California,IND,industrial,9.16,4098.01705,cents per kilowatt-hour,million kilowatt hours,2005,5
CA,California,RES,residential,12.57,5975.79617,cents per kilowatt-hour,million kilowatt hours,2005,5
CO,Colorado,COM,commercial,7.45,1692.27023,cents per kilowatt-hour,million kilowatt hours,2005,5
CO,Colorado,IND,industrial,5.56,1023.94852,cents per kilowatt-hour,million kilowatt hours,2005,5
CO,Colorado,RES,residential,9.14,1135.00682,cents per kilowatt-hour,million kilowatt hours,2005,5
IL,Illinois,COM,commercial,7.66,3859.59704,cents per kilowatt-hour,million kilowatt hours,2005,5
IL,Illinois,IND,industrial,4.43,3953.3904,cents per kilowatt-hour,million kilowatt hours,2005,5
IL,Illinois,RES,residential,8.74,2798.09312,cents per kilowatt-hour,million kilowatt hours,2005,5
NY,New York,COM,commercial,13.53,5674.66843,cents per kilowatt-hour,million kilowatt hours,2005,5
NY,New York,IND,industrial,7.25,1616.74555,cents per kilowatt-hour,million kilowatt hours,2005,5
NY,New York,RES,residential,15.36,3252.61065,cents per kilowatt-hour,million kilowatt hours,2005,5
TX,Texas,COM,commercial,8.34,8743.66701,cents per kilowatt-hour,million kilowatt hours,2005,5
TX,Texas,IND,industrial,6.46,8301.6493,cents per kilowatt-hour,million kilowatt hours,2005,5
TX,Texas,RES,residential,10.72,8411.59714,cents per kilowatt-hour,million kilowatt hours,2005,5
CA,California,COM,commercial,11.06,8709.83505,cents per kilowatt-hour,million kilowatt hours,2005,4
CA,California,IND,industrial,8.88,3970.53844,cents per kilowatt-hour,million kilowatt hours,2005,4
CA,California,RES,residential,12.12,5908.67773,cents per kilowatt-hour,million kilowatt hours,2005,4
CO,Colorado,COM,commercial,7.31,1439.47116,cents per kilowatt-hour,million kilowatt hours,2005,4
CO,Colorado,IND,industrial,5.43,955.08301,cents per kilowatt-hour,million kilowatt hours,2005,4
CO,Colorado,RES,residential,8.81,1176.41344,cents per kilowatt-hour,million kilowatt hours,2005,4
IL,Illinois,COM,commercial,7.55,3621.46686,cents per kilowatt-hour,million kilowatt hours,2005,4
IL,Illinois,IND,industrial,4.42,3701.46351,cents per kilowatt-hour,million kilowatt hours,2005,4
IL,Illinois,RES,residential,8.46,2818.25336,cents per kilowatt-hour,million kilowatt hours,2005,4
NY,New York,COM,commercial,12.91,5741.60444,cents per kilowatt-hour,million kilowatt hours,2005,4
NY,New York,IND,industrial,7.24,1665.4639,cents per kilowatt-hour,million kilowatt hours,2005,4
NY,New York,RES,residential,14.64,3494.56235,cents per kilowatt-hour,million kilowatt hours,2005,4
TX,Texas,COM,commercial,8.21,8178.83979,cents per kilowatt-hour,million kilowatt hours,2005,4
TX,Texas,IND,industrial,6.45,7941.49099,cents per kilowatt-hour,million kilowatt hours,2005,4
TX,Texas,RES,residential,10.15,7461.62006,cents per kilowatt-hour,million kilowatt hours,2005,4
CA,California,COM,commercial,10.57,9437.69317,cents per kilowatt-hour,million kilowatt hours,2005,3
CA,California,IND,industrial,8.78,4100.23075,cents per kilowatt-hour,million kilowatt hours,2005,3
CA,California,RES,residential,11.28,7103.1437,cents per kilowatt-hour,million kilowatt hours,2005,3
CO,Colorado,COM,commercial,7.04,1608.45615,cents per kilowatt-hour,million kilowatt hours,2005,3
CO,Colorado,IND,industrial,5.51,959.85769,cents per kilowatt-hour,million kilowatt hours,2005,3
CO,Colorado,RES,residential,8.8,1266.24068,cents per kilowatt-hour,million kilowatt hours,2005,3
IL,Illinois,COM,commercial,7.32,4086.77446,cents per kilowatt-hour,million kilowatt hours,2005,3
IL,Illinois,IND,industrial,4.41,3788.73607,cents per kilowatt-hour,million kilowatt hours,2005,3
IL,Illinois,RES,residential,7.96,3655.38268,cents per kilowatt-hour,million kilowatt hours,2005,3
NY,New York,COM,commercial,12.66,6144.31547,cents per kilowatt-hour,million kilowatt hours,2005,3
NY,New York,IND,industrial,7.41,1605.73687,cents per kilowatt-hour,million kilowatt hours,2005,3
NY,New York,RES,residential,14.4,4036.10981,cents per kilowatt-hour,million kilowatt hours,2005,3
TX,Texas,COM,commercial,8.18,7872.78784,cents per kilowatt-hour,million kilowatt hours,2005,3
TX,Texas,IND,industrial,6.22,7999.93965,cents per kilowatt-hour,million kilowatt hours,2005,3
TX,Texas,RES,residential,10.05,7766.21017,cents per kilowatt-hour,million kilowatt hours,2005,3
CA,California,COM,commercial,11.35,8338.83825,cents per kilowatt-hour,million kilowatt hours,2005,2
CA,California,IND,industrial,8.93,3501.22753,cents per kilowatt-hour,million kilowatt hours,2005,2
CA,California,RES,residential,12.33,6390.8329,cents per kilowatt-hour,million kilowatt hours,2005,2
CO,Colorado,COM,commercial,7.11,1478.97163,cents per kilowatt-hour,million kilowatt hours,2005,2
CO,Colorado,IND,industrial,5.23,905.01842,cents per kilowatt-hour,million kilowatt hours,2005,2
CO,Colorado,RES,residential,8.73,1246.04929,cents per kilowatt-hour,million kilowatt hours,2005,2
IL,Illinois,COM,commercial,7.25,3769.26283,cents per kilowatt-hour,million kilowatt hours,2005,2
IL,Illinois,IND,industrial,4.3,3622.96281,cents per kilowatt-hour,million kilowatt hours,2005,2
IL,Illinois,RES,residential,7.83,3454.34232,cents per kilowatt-hour,million kilowatt hours,2005,2
NY,New York,COM,commercial,12.42,6098.65073,cents per kilowatt-hour,million kilowatt hours,2005,2
NY,New York,IND,industrial,7.01,1603.70533,cents per kilowatt-hour,million kilowatt hours,2005,2
NY,New York,RES,residential,14.53,4047.54771,cents per kilowatt-hour,million kilowatt hours,2005,2
TX,Texas,COM,commercial,8.04,7413.33121,cents per kilowatt-hour,million kilowatt hours,2005,2
TX,Texas,IND,industrial,6.06,7561.65853,cents per kilowatt-hour,million kilowatt hours,2005,2
TX,Texas,RES,residential,9.5,8704.201,cents per kilowatt-hour,million kilowatt hours,2005,2
CA,California,COM,commercial,10.71,8913.71761,cents per kilowatt-hour,million kilowatt hours,2005,1
CA,California,IND,industrial,8.61,3838.87189,cents per kilowatt-hour,million kilowatt hours,2005,1
CA,California,RES,residential,12.19,7646.70206,cents per kilowatt-hour,million kilowatt hours,2005,1
CO,Colorado,COM,commercial,7.18,1561.01727,cents per kilowatt-hour,million kilowatt hours,2005,1
CO,Colorado,IND,industrial,5.37,957.31986,cents per kilowatt-hour,million kilowatt hours,2005,1
CO,Colorado,RES,residential,8.64,1468.07023,cents per kilowatt-hour,million kilowatt hours,2005,1
IL,Illinois,COM,commercial,6.94,4037.76908,cents per kilowatt-hour,million kilowatt hours,2005,1
IL,Illinois,IND,industrial,4.8,3421.02065,cents per kilowatt-hour,million kilowatt hours,2005,1
IL,Illinois,RES,residential,7.27,4677.1813,cents per kilowatt-hour,million kilowatt hours,2005,1
NY,New York,COM,commercial,12.71,6420.85197,cents per kilowatt-hour,million kilowatt hours,2005,1
NY,New York,IND,industrial,7.03,1591.89733,cents per kilowatt-hour,million kilowatt hours,2005,1
NY,New York,RES,residential,14.05,4483.04203,cents per kilowatt-hour,million kilowatt hours,2005,1
TX,Texas,COM,commercial,7.88,7991.033,cents per kilowatt-hour,million kilowatt hours,2005,1
TX,Texas,IND,industrial,5.85,8175.71496,cents per kilowatt-hour,million kilowatt hours,2005,1
TX,Texas,RES,residential,9.15,9576.66586,cents per kilowatt-hour,million kilowatt hours,2005,1
CA,California,COM,commercial,9.12,11293.41348,cents per kilowatt-hour,million kilowatt hours,2004,12
CA,California,IND,industrial,8.45,3980.3631,cents per kilowatt-hour,million kilowatt hours,2004,12
CA,California,RES,residential,12.4,7581.73376,cents per kilowatt-hour,million kilowatt hours,2004,12
CO,Colorado,COM,commercial,7.32,1536.49342,cents per kilowatt-hour,million kilowatt hours,2004,12
CO,Colorado,IND,industrial,5.51,967.88295,cents per kilowatt-hour,million kilowatt hours,2004,12
CO,Colorado,RES,residential,7.74,1458.31291,cents per kilowatt-hour,million kilowatt hours,2004,12
IL,Illinois,COM,commercial,6.97,3861.74566,cents per kilowatt-hour,million kilowatt hours,2004,12
IL,Illinois,IND,industrial,4.66,4037.79033,cents per kilowatt-hour,million kilowatt hours,2004,12
IL,Illinois,RES,residential,7.58,4043.77626,cents per kilowatt-hour,million kilowatt hours,2004,12
NY,New York,COM,commercial,12.59,6149.6878,cents per kilowatt-hour,million kilowatt hours,2004,12
NY,New York,IND,industrial,7.13,1623.68249,cents per kilowatt-hour,million kilowatt hours,2004,12
NY,New York,RES,residential,14.29,4097.92584,cents per kilowatt-hour,million kilowatt hours,2004,12
TX,Texas,COM,commercial,7.7,7612.50624,cents per kilowatt-hour,million kilowatt hours,2004,12
TX,Texas,IND,industrial,5.85,8181.36389,cents per kilowatt-hour,million kilowatt hours,2004,12
TX,Texas,RES,residential,9.24,9135.49097,cents per kilowatt-hour,million kilowatt hours,2004,12
CA,California,COM,commercial,11.52,9104.71577,cents per kilowatt-hour,million kilowatt hours,2004,11
CA,California,IND,industrial,8.83,3986.13976,cents per kilowatt-hour,million kilowatt hours,2004,11
CA,California,RES,residential,12.5,6117.23681,cents per kilowatt-hour,million kilowatt hours,2004,11
CO,Colorado,COM,commercial,7.0,1626.05823,cents per kilowatt-hour,million kilowatt hours,2004,11
CO,Colorado,IND,industrial,4.82,971.96706,cents per kilowatt-hour,million kilowatt hours,2004,11
CO,Colorado,RES,residential,8.59,1218.15535,cents per kilowatt-hour,million kilowatt hours,2004,11
IL,Illinois,COM,commercial,7.14,3612.39462,cents per kilowatt-hour,million kilowatt hours,2004,11
IL,Illinois,IND,industrial,4.1,4296.29943,cents per kilowatt-hour,million kilowatt hours,2004,11
IL,Illinois,RES,residential,8.03,3003.32931,cents per kilowatt-hour,million kilowatt hours,2004,11
NY,New York,COM,commercial,12.61,5697.50529,cents per kilowatt-hour,million kilowatt hours,2004,11
NY,New York,IND,industrial,6.86,1710.033,cents per kilowatt-hour,million kilowatt hours,2004,11
NY,New York,RES,residential,14.88,3502.71322,cents per kilowatt-hour,million kilowatt hours,2004,11
TX,Texas,COM,commercial,7.94,7826.95772,cents per kilowatt-hour,million kilowatt hours,2004,11
TX,Texas,IND,industrial,5.97,8025.72319,cents per kilowatt-hour,million kilowatt hours,2004,11
TX,Texas,RES,residential,9.37,7994.37444,cents per kilowatt-hour,million kilowatt hours,2004,11
CA,California,COM,commercial,12.24,10100.14631,cents per kilowatt-hour,million kilowatt hours,2004,10
CA,California,IND,industrial,9.79,4150.55293,cents per kilowatt-hour,million kilowatt hours,2004,10
CA,California,RES,residential,11.43,6601.50459,cents per kilowatt-hour,million kilowatt hours,2004,10
CO,Colorado,COM,commercial,7.44,1595.47851,cents per kilowatt-hour,million kilowatt hours,2004,10
CO,Colorado,IND,industrial,5.2,1003.12306,cents per kilowatt-hour,million kilowatt hours,2004,10
CO,Colorado,RES,residential,8.85,1194.17888,cents per kilowatt-hour,million kilowatt hours,2004,10
IL,Illinois,COM,commercial,7.71,3735.72526,cents per kilowatt-hour,million kilowatt hours,2004,10
IL,Illinois,IND,industrial,4.85,3950.97589,cents per kilowatt-hour,million kilowatt hours,2004,10
IL,Illinois,RES,residential,8.52,2858.2846,cents per kilowatt-hour,million kilowatt hours,2004,10
NY,New York,COM,commercial,13.51,5914.92482,cents per kilowatt-hour,million kilowatt hours,2004,10
NY,New York,IND,industrial,7.26,1677.39806,cents per kilowatt-hour,million kilowatt hours,2004,10
NY,New York,RES,residential,14.93,3564.61404,cents per kilowatt-hour,million kilowatt hours,2004,10
TX,Texas,COM,commercial,7.51,8834.26799,cents per kilowatt-hour,million kilowatt hours,2004,10
TX,Texas,IND,industrial,5.81,8446.23725,cents per kilowatt-hour,million kilowatt hours,2004,10
TX,Texas,RES,residential,9.57,9630.89435,cents per kilowatt-hour,million kilowatt hours,2004,10
CA,California,COM,commercial,12.74,10899.68719,cents per kilowatt-hour,million kilowatt hours,2004,9
CA,California,IND,industrial,9.73,4327.74108,cents per kilowatt-hour,million kilowatt hours,2004,9
CA,California,RES,residential,12.18,8106.1072,cents per kilowatt-hour,million kilowatt hours,2004,9
CO,Colorado,COM,commercial,7.14,1657.90336,cents per kilowatt-hour,million kilowatt hours,2004,9
CO,Colorado,IND,industrial,4.99,1046.53119,cents per kilowatt-hour,million kilowatt hours,2004,9
CO,Colorado,RES,residential,8.74,1347.73739,cents per kilowatt-hour,million kilowatt hours,2004,9
IL,Illinois,COM,commercial,8.02,4154.74978,cents per kilowatt-hour,million kilowatt hours,2004,9
IL,Illinois,IND,industrial,4.58,4252.49657,cents per kilowatt-hour,million kilowatt hours,2004,9
IL,Illinois,RES,residential,8.99,3655.81348,cents per kilowatt-hour,million kilowatt hours,2004,9
NY,New York,COM,commercial,14.27,6502.08221,cents per kilowatt-hour,million kilowatt hours,2004,9
NY,New York,IND,industrial,7.3,1749.09848,cents per kilowatt-hour,million kilowatt hours,2004,9
NY,New York,RES,residential,15.1,4315.19184,cents per kilowatt-hour,million kilowatt hours,2004,9
TX,Texas,COM,commercial,7.99,9847.09867,cents per kilowatt-hour,million kilowatt hours,2004,9
TX,Texas,IND,industrial,5.93,8554.14792,cents per kilowatt-hour,million kilowatt hours,2004,9
TX,Texas,RES,residential,10.32,12185.23259,cents per kilowatt-hour,million kilowatt hours,2004,9
CA,California,COM,commercial,12.86,11294.94629,cents per kilowatt-hour,million kilowatt hours,2004,8
CA,California,IND,industrial,9.93,4668.21141,cents per kilowatt-hour,million kilowatt hours,2004,8
CA,California,RES,residential,12.5,8468.78942,cents per kilowatt-hour,million kilowatt hours,2004,8
CO,Colorado,COM,commercial,7.11,1732.31935,cents per kilowatt-hour,million kilowatt hours,2004,8
CO,Colorado,IND,industrial,5.03,1053.19277,cents per kilowatt-hour,million kilowatt hours,2004,8
CO,Colorado,RES,residential,8.61,1480.5469,cents per kilowatt-hour,million kilowatt hours,2004,8
IL,Illinois,COM,commercial,8.23,4166.78186,cents per kilowatt-hour,million kilowatt hours,2004,8
IL,Illinois,IND,industrial,5.4,4099.85035,cents per kilowatt-hour,million kilowatt hours,2004,8
IL,Illinois,RES,residential,9.05,4084.07461,cents per kilowatt-hour,million kilowatt hours,2004,8
NY,New York,COM,commercial,14.45,6742.85493,cents per kilowatt-hour,million kilowatt hours,2004,8
NY,New York,IND,industrial,7.28,1798.69737,cents per kilowatt-hour,million kilowatt hours,2004,8
NY,New York,RES,residential,15.32,4547.93474,cents per kilowatt-hour,million kilowatt hours,2004,8
TX,Texas,COM,commercial,8.48,9824.21727,cents per kilowatt-hour,million kilowatt hours,2004,8
TX,Texas,IND,industrial,6.36,8676.41495,cents per kilowatt-hour,million kilowatt hours,2004,8
TX,Texas,RES,residential,10.71,13494.63293,cents per kilowatt-hour,million kilowatt hours,2004,8
CA,California,COM,commercial,13.35,10638.16541,cents per kilowatt-hour,million kilowatt hours,2004,7
CA,California,IND,industrial,10.48,4324.89335,cents per kilowatt-hour,million kilowatt hours,2004,7
CA,California,RES,residential,12.19,7492.10211,cents per kilowatt-hour,million kilowatt hours,2004,7
CO,Colorado,COM,commercial,7.08,1721.17909,cents per kilowatt-hour,million kilowatt hours,2004,7
CO,Colorado,IND,industrial,5.18,1110.13242,cents per kilowatt-hour,million kilowatt hours,2004,7
CO,Colorado,RES,residential,8.56,1453.96554,cents per kilowatt-hour,million kilowatt hours,2004,7
IL,Illinois,COM,commercial,8.2,4447.25043,cents per kilowatt-hour,million kilowatt hours,2004,7
IL,Illinois,IND,industrial,5.04,4117.54017,cents per kilowatt-hour,million kilowatt hours,2004,7
IL,Illinois,RES,residential,9.13,4554.78811,cents per kilowatt-hour,million kilowatt hours,2004,7
NY,New York,COM,commercial,14.46,6937.19424,cents per kilowatt-hour,million kilowatt hours,2004,7
NY,New York,IND,industrial,7.34,1777.71024,cents per kilowatt-hour,million kilowatt hours,2004,7
NY,New York,RES,residential,15.36,4403.41778,cents per kilowatt-hour,million kilowatt hours,2004,7
TX,Texas,COM,commercial,8.24,10004.2345,cents per kilowatt-hour,million kilowatt hours,2004,7
TX,Texas,IND,industrial,6.04,8744.27043,cents per kilowatt-hour,million kilowatt hours,2004,7
TX,Texas,RES,residential,10.48,13509.59094,cents per kilowatt-hour,million kilowatt hours,2004,7
CA,California,COM,commercial,12.7,10589.66768,cents per kilowatt-hour,million kilowatt hours,2004,6
CA,California,IND,industrial,9.42,4526.61849,cents per kilowatt-hour,million kilowatt hours,2004,6
CA,California,RES,residential,12.4,6843.06267,cents per kilowatt-hour,million kilowatt hours,2004,6
CO,Colorado,COM,commercial,6.32,1734.57572,cents per kilowatt-hour,million kilowatt hours,2004,6
CO,Colorado,IND,industrial,5.44,1001.71324,cents per kilowatt-hour,million kilowatt hours,2004,6
CO,Colorado,RES,residential,8.67,1233.72274,cents per kilowatt-hour,million kilowatt hours,2004,6
IL,Illinois,COM,commercial,7.94,4107.41497,cents per kilowatt-hour,million kilowatt hours,2004,6
IL,Illinois,IND,industrial,4.73,4121.5251,cents per kilowatt-hour,million kilowatt hours,2004,6
IL,Illinois,RES,residential,8.98,3773.34,cents per kilowatt-hour,million kilowatt hours,2004,6
NY,New York,COM,commercial,13.3,6387.56749,cents per kilowatt-hour,million kilowatt hours,2004,6
NY,New York,IND,industrial,7.33,1742.43679,cents per kilowatt-hour,million kilowatt hours,2004,6
NY,New York,RES,residential,14.99,3657.83736,cents per kilowatt-hour,million kilowatt hours,2004,6
TX,Texas,COM,commercial,8.25,9110.52856,cents per kilowatt-hour,million kilowatt hours,2004,6
TX,Texas,IND,industrial,6.24,8526.1749,cents per kilowatt-hour,million kilowatt hours,2004,6
TX,Texas,RES,residential,10.44,11855.39419,cents per kilowatt-hour,million kilowatt hours,2004,6
CA,California,COM,commercial,10.97,9140.99951,cents per kilowatt-hour,million kilowatt hours,2004,5
CA,California,IND,industrial,9.03,3824.85016,cents per kilowatt-hour,million kilowatt hours,2004,5
CA,California,RES,residential,11.97,5876.89029,cents per kilowatt-hour,million kilowatt hours,2004,5
CO,Colorado,COM,commercial,6.81,1633.79685,cents per kilowatt-hour,million kilowatt hours,2004,5
CO,Colorado,IND,industrial,5.13,944.26387,cents per kilowatt-hour,million kilowatt hours,2004,5
CO,Colorado,RES,residential,8.65,1126.26502,cents per kilowatt-hour,million kilowatt hours,2004,5
IL,Illinois,COM,commercial,7.6,3868.51604,cents per kilowatt-hour,million kilowatt hours,2004,5
IL,Illinois,IND,industrial,4.37,4287.44263,cents per kilowatt-hour,million kilowatt hours,2004,5
IL,Illinois,RES,residential,8.76,2910.50746,cents per kilowatt-hour,million kilowatt hours,2004,5
NY,New York,COM,commercial,12.17,5879.59725,cents per kilowatt-hour,million kilowatt hours,2004,5
NY,New York,IND,industrial,7.03,1607.12318,cents per kilowatt-hour,million kilowatt hours,2004,5
NY,New York,RES,residential,14.2,3334.90578,cents per kilowatt-hour,million kilowatt hours,2004,5
TX,Texas,COM,commercial,7.8,8061.1877,cents per kilowatt-hour,million kilowatt hours,2004,5
TX,Texas,IND,industrial,5.94,8394.65493,cents per kilowatt-hour,million kilowatt hours,2004,5
TX,Texas,RES,residential,9.76,8669.60156,cents per kilowatt-hour,million kilowatt hours,2004,5
CA,California,COM,commercial,10.42,9399.5902,cents per kilowatt-hour,million kilowatt hours,2004,4
CA,California,IND,industrial,8.25,4264.18703,cents per kilowatt-hour,million kilowatt hours,2004,4
CA,California,RES,residential,11.43,5903.53228,cents per kilowatt-hour,million kilowatt hours,2004,4
CO,Colorado,COM,commercial,6.87,1556.49447,cents per kilowatt-hour,million kilowatt hours,2004,4
CO,Colorado,IND,industrial,5.11,931.39827,cents per kilowatt-hour,million kilowatt hours,2004,4
CO,Colorado,RES,residential,8.4,1107.70676,cents per kilowatt-hour,million kilowatt hours,2004,4
IL,Illinois,COM,commercial,7.46,3628.66541,cents per kilowatt-hour,million kilowatt hours,2004,4
IL,Illinois,IND,industrial,4.46,3742.70719,cents per kilowatt-hour,million kilowatt hours,2004,4
IL,Illinois,RES,residential,8.46,2810.25513,cents per kilowatt-hour,million kilowatt hours,2004,4
NY,New York,COM,commercial,11.71,5767.83479,cents per kilowatt-hour,million kilowatt hours,2004,4
NY,New York,IND,industrial,7.01,1727.16217,cents per kilowatt-hour,million kilowatt hours,2004,4
NY,New York,RES,residential,14.03,3484.46566,cents per kilowatt-hour,million kilowatt hours,2004,4
TX,Texas,COM,commercial,7.77,7433.8237,cents per kilowatt-hour,million kilowatt hours,2004,4
TX,Texas,IND,industrial,5.71,8472.45807,cents per kilowatt-hour,million kilowatt hours,2004,4
TX,Texas,RES,residential,9.39,7252.48116,cents per kilowatt-hour,million kilowatt hours,2004,4
CA,California,COM,commercial,11.0,9355.49216,cents per kilowatt-hour,million kilowatt hours,2004,3
CA,California,IND,industrial,8.96,3722.564,cents per kilowatt-hour,million kilowatt hours,2004,3
CA,California,RES,residential,12.14,6629.21815,cents per kilowatt-hour,million kilowatt hours,2004,3
CO,Colorado,COM,commercial,6.57,1572.78488,cents per kilowatt-hour,million kilowatt hours,2004,3
CO,Colorado,IND,industrial,5.01,888.24948,cents per kilowatt-hour,million kilowatt hours,2004,3
CO,Colorado,RES,residential,8.23,1202.87462,cents per kilowatt-hour,million kilowatt hours,2004,3
IL,Illinois,COM,commercial,7.31,3820.45249,cents per kilowatt-hour,million kilowatt hours,2004,3
IL,Illinois,IND,industrial,4.43,3804.16606,cents per kilowatt-hour,million kilowatt hours,2004,3
IL,Illinois,RES,residential,8.18,3361.55853,cents per kilowatt-hour,million kilowatt hours,2004,3
NY,New York,COM,commercial,12.11,5855.26412,cents per kilowatt-hour,million kilowatt hours,2004,3
NY,New York,IND,industrial,6.34,1751.37255,cents per kilowatt-hour,million kilowatt hours,2004,3
NY,New York,RES,residential,13.98,3825.0968,cents per kilowatt-hour,million kilowatt hours,2004,3
TX,Texas,COM,commercial,7.58,7134.81412,cents per kilowatt-hour,million kilowatt hours,2004,3
TX,Texas,IND,industrial,5.47,8430.11009,cents per kilowatt-hour,million kilowatt hours,2004,3
TX,Texas,RES,residential,8.93,7807.74365,cents per kilowatt-hour,million kilowatt hours,2004,3
CA,California,COM,commercial,11.54,8074.32181,cents per kilowatt-hour,million kilowatt hours,2004,2
CA,California,IND,industrial,9.46,3475.26648,cents per kilowatt-hour,million kilowatt hours,2004,2
CA,California,RES,residential,12.39,6252.43951,cents per kilowatt-hour,million kilowatt hours,2004,2
CO,Colorado,COM,commercial,6.62,1533.34137,cents per kilowatt-hour,million kilowatt hours,2004,2
CO,Colorado,IND,industrial,4.91,886.79038,cents per kilowatt-hour,million kilowatt hours,2004,2
CO,Colorado,RES,residential,8.08,1310.93316,cents per kilowatt-hour,million kilowatt hours,2004,2
IL,Illinois,COM,commercial,6.8,4042.70205,cents per kilowatt-hour,million kilowatt hours,2004,2
IL,Illinois,IND,industrial,4.52,3572.2357,cents per kilowatt-hour,million kilowatt hours,2004,2
IL,Illinois,RES,residential,7.58,3807.60023,cents per kilowatt-hour,million kilowatt hours,2004,2
NY,New York,COM,commercial,12.07,6174.48221,cents per kilowatt-hour,million kilowatt hours,2004,2
NY,New York,IND,industrial,6.98,1729.38483,cents per kilowatt-hour,million kilowatt hours,2004,2
NY,New York,RES,residential,14.02,4171.30838,cents per kilowatt-hour,million kilowatt hours,2004,2
TX,Texas,COM,commercial,7.49,6743.96763,cents per kilowatt-hour,million kilowatt hours,2004,2
TX,Texas,IND,industrial,5.52,7944.86178,cents per kilowatt-hour,million kilowatt hours,2004,2
TX,Texas,RES,residential,8.55,9200.06036,cents per kilowatt-hour,million kilowatt hours,2004,2
CA,California,COM,commercial,10.84,9061.73918,cents per kilowatt-hour,million kilowatt hours,2004,1
CA,California,IND,industrial,8.65,3560.19822,cents per kilowatt-hour,million kilowatt hours,2004,1
CA,California,RES,residential,12.59,7488.63422,cents per kilowatt-hour,million kilowatt hours,2004,1
CO,Colorado,COM,commercial,6.39,1597.53077,cents per kilowatt-hour,million kilowatt hours,2004,1
CO,Colorado,IND,industrial,4.86,869.89432,cents per kilowatt-hour,million kilowatt hours,2004,1
CO,Colorado,RES,residential,7.98,1397.76872,cents per kilowatt-hour,million kilowatt hours,2004,1
IL,Illinois,COM,commercial,6.87,3911.97942,cents per kilowatt-hour,million kilowatt hours,2004,1
IL,Illinois,IND,industrial,4.64,3724.9786,cents per kilowatt-hour,million kilowatt hours,2004,1
IL,Illinois,RES,residential,7.37,4579.20527,cents per kilowatt-hour,million kilowatt hours,2004,1
NY,New York,COM,commercial,11.97,6368.93384,cents per kilowatt-hour,million kilowatt hours,2004,1
NY,New York,IND,industrial,6.64,1780.94983,cents per kilowatt-hour,million kilowatt hours,2004,1
NY,New York,RES,residential,13.32,4473.46456,cents per kilowatt-hour,million kilowatt hours,2004,1
TX,Texas,COM,commercial,7.63,7181.97389,cents per kilowatt-hour,million kilowatt hours,2004,1
TX,Texas,IND,industrial,5.52,8191.6186,cents per kilowatt-hour,million kilowatt hours,2004,1
TX,Texas,RES,residential,8.61,9594.38284,cents per kilowatt-hour,million kilowatt hours,2004,1
CA,California,COM,commercial,11.38,9168.15063,cents per kilowatt-hour,million kilowatt hours,2003,12
CA,California,IND,industrial,8.91,4119.57535,cents per kilowatt-hour,million kilowatt hours,2003,12
CA,California,RES,residential,12.45,7509.1966,cents per kilowatt-hour,million kilowatt hours,2003,12
CO,Colorado,COM,commercial,6.5,1614.34146,cents per kilowatt-hour,million kilowatt hours,2003,12
CO,Colorado,IND,industrial,4.77,874.55149,cents per kilowatt-hour,million kilowatt hours,2003,12
CO,Colorado,RES,residential,8.02,1432.70501,cents per kilowatt-hour,million kilowatt hours,2003,12
IL,Illinois,COM,commercial,6.7,4008.43184,cents per kilowatt-hour,million kilowatt hours,2003,12
IL,Illinois,IND,industrial,4.72,3362.48004,cents per kilowatt-hour,million kilowatt hours,2003,12
IL,Illinois,RES,residential,7.56,4004.26133,cents per kilowatt-hour,million kilowatt hours,2003,12
NY,New York,COM,commercial,11.88,6099.90092,cents per kilowatt-hour,million kilowatt hours,2003,12
NY,New York,IND,industrial,6.69,1714.01608,cents per kilowatt-hour,million kilowatt hours,2003,12
NY,New York,RES,residential,13.63,4052.0518,cents per kilowatt-hour,million kilowatt hours,2003,12
TX,Texas,COM,commercial,7.32,7412.48673,cents per kilowatt-hour,million kilowatt hours,2003,12
TX,Texas,IND,industrial,4.92,8540.35053,cents per kilowatt-hour,million kilowatt hours,2003,12
TX,Texas,RES,residential,8.38,8810.53622,cents per kilowatt-hour,million kilowatt hours,2003,12
CA,California,COM,commercial,12.21,8299.78957,cents per kilowatt-hour,million kilowatt hours,2003,11
CA,California,IND,industrial,9.26,3953.33059,cents per kilowatt-hour,million kilowatt hours,2003,11
CA,California,RES,residential,12.54,5854.43061,cents per kilowatt-hour,million kilowatt hours,2003,11
CO,Colorado,COM,commercial,7.24,1648.72689,cents per kilowatt-hour,million kilowatt hours,2003,11
CO,Colorado,IND,industrial,5.17,939.21233,cents per kilowatt-hour,million kilowatt hours,2003,11
CO,Colorado,RES,residential,8.18,1221.90587,cents per kilowatt-hour,million kilowatt hours,2003,11
IL,Illinois,COM,commercial,6.84,3896.56988,cents per kilowatt-hour,million kilowatt hours,2003,11
IL,Illinois,IND,industrial,4.61,3346.5677,cents per kilowatt-hour,million kilowatt hours,2003,11
IL,Illinois,RES,residential,8.12,2945.99172,cents per kilowatt-hour,million kilowatt hours,2003,11
NY,New York,COM,commercial,12.24,5590.15319,cents per kilowatt-hour,million kilowatt hours,2003,11
NY,New York,IND,industrial,6.65,1771.7864,cents per kilowatt-hour,million kilowatt hours,2003,11
NY,New York,RES,residential,14.23,3450.47613,cents per kilowatt-hour,million kilowatt hours,2003,11
TX,Texas,COM,commercial,7.38,7173.97322,cents per kilowatt-hour,million kilowatt hours,2003,11
TX,Texas,IND,industrial,4.97,8471.49054,cents per kilowatt-hour,million kilowatt hours,2003,11
TX,Texas,RES,residential,8.59,7527.66786,cents per kilowatt-hour,million kilowatt hours,2003,11
CA,California,COM,commercial,11.64,10217.14838,cents per kilowatt-hour,million kilowatt hours,2003,10
CA,California,IND,industrial,9.17,4590.04911,cents per kilowatt-hour,million kilowatt hours,2003,10
CA,California,RES,residential,10.47,7096.89334,cents per kilowatt-hour,million kilowatt hours,2003,10
CO,Colorado,COM,commercial,6.58,1634.79932,cents per kilowatt-hour,million kilowatt hours,2003,10
CO,Colorado,IND,industrial,6.22,1002.70218,cents per kilowatt-hour,million kilowatt hours,2003,10
CO,Colorado,RES,residential,8.6,1194.20355,cents per kilowatt-hour,million kilowatt hours,2003,10
IL,Illinois,COM,commercial,7.52,4072.0698,cents per kilowatt-hour,million kilowatt hours,2003,10
IL,Illinois,IND,industrial,4.91,3534.21028,cents per kilowatt-hour,million kilowatt hours,2003,10
IL,Illinois,RES,residential,8.67,2676.56352,cents per kilowatt-hour,million kilowatt hours,2003,10
NY,New York,COM,commercial,13.6,5762.41269,cents per kilowatt-hour,million kilowatt hours,2003,10
NY,New York,IND,industrial,7.09,1733.11671,cents per kilowatt-hour,million kilowatt hours,2003,10
NY,New York,RES,residential,14.75,3494.17737,cents per kilowatt-hour,million kilowatt hours,2003,10
TX,Texas,COM,commercial,7.45,7904.15088,cents per kilowatt-hour,million kilowatt hours,2003,10
TX,Texas,IND,industrial,5.16,8985.68866,cents per kilowatt-hour,million kilowatt hours,2003,10
TX,Texas,RES,residential,8.93,8411.20171,cents per kilowatt-hour,million kilowatt hours,2003,10
CA,California,COM,commercial,11.09,10427.88501,cents per kilowatt-hour,million kilowatt hours,2003,9
CA,California,IND,industrial,8.65,4552.03,cents per kilowatt-hour,million kilowatt hours,2003,9
CA,California,RES,residential,10.08,8287.25358,cents per kilowatt-hour,million kilowatt hours,2003,9
CO,Colorado,COM,commercial,6.7,1687.43211,cents per kilowatt-hour,million kilowatt hours,2003,9
CO,Colorado,IND,industrial,5.13,888.57022,cents per kilowatt-hour,million kilowatt hours,2003,9
CO,Colorado,RES,residential,8.3,1387.07796,cents per kilowatt-hour,million kilowatt hours,2003,9
IL,Illinois,COM,commercial,7.59,4001.55615,cents per kilowatt-hour,million kilowatt hours,2003,9
IL,Illinois,IND,industrial,4.86,3564.98414,cents per kilowatt-hour,million kilowatt hours,2003,9
IL,Illinois,RES,residential,8.85,3657.07767,cents per kilowatt-hour,million kilowatt hours,2003,9
NY,New York,COM,commercial,14.1,6432.34411,cents per kilowatt-hour,million kilowatt hours,2003,9
NY,New York,IND,industrial,7.2,1852.95173,cents per kilowatt-hour,million kilowatt hours,2003,9
NY,New York,RES,residential,14.92,4266.49825,cents per kilowatt-hour,million kilowatt hours,2003,9
TX,Texas,COM,commercial,7.64,9075.58311,cents per kilowatt-hour,million kilowatt hours,2003,9
TX,Texas,IND,industrial,5.2,9094.50249,cents per kilowatt-hour,million kilowatt hours,2003,9
TX,Texas,RES,residential,9.52,11888.54282,cents per kilowatt-hour,million kilowatt hours,2003,9
CA,California,COM,commercial,13.63,10356.21535,cents per kilowatt-hour,million kilowatt hours,2003,8
CA,California,IND,industrial,10.49,4530.949,cents per kilowatt-hour,million kilowatt hours,2003,8
CA,California,RES,residential,12.9,8501.29706,cents per kilowatt-hour,million kilowatt hours,2003,8
CO,Colorado,COM,commercial,6.68,1886.50599,cents per kilowatt-hour,million kilowatt hours,2003,8
CO,Colorado,IND,industrial,5.2,1000.20819,cents per kilowatt-hour,million kilowatt hours,2003,8
CO,Colorado,RES,residential,8.17,1660.35663,cents per kilowatt-hour,million kilowatt hours,2003,8
IL,Illinois,COM,commercial,7.86,4893.59537,cents per kilowatt-hour,million kilowatt hours,2003,8
IL,Illinois,IND,industrial,5.12,4054.32134,cents per kilowatt-hour,million kilowatt hours,2003,8
IL,Illinois,RES,residential,8.97,4987.10825,cents per kilowatt-hour,million kilowatt hours,2003,8
NY,New York,COM,commercial,14.25,6914.10976,cents per kilowatt-hour,million kilowatt hours,2003,8
NY,New York,IND,industrial,7.03,1918.34206,cents per kilowatt-hour,million kilowatt hours,2003,8
NY,New York,RES,residential,14.94,4787.59481,cents per kilowatt-hour,million kilowatt hours,2003,8
TX,Texas,COM,commercial,8.08,10279.44747,cents per kilowatt-hour,million kilowatt hours,2003,8
TX,Texas,IND,industrial,5.46,9481.21707,cents per kilowatt-hour,million kilowatt hours,2003,8
TX,Texas,RES,residential,9.89,14629.01941,cents per kilowatt-hour,million kilowatt hours,2003,8
CA,California,COM,commercial,15.19,10437.31576,cents per kilowatt-hour,million kilowatt hours,2003,7
CA,California,IND,industrial,11.54,4640.6586,cents per kilowatt-hour,million kilowatt hours,2003,7
CA,California,RES,residential,13.5,8175.18331,cents per kilowatt-hour,million kilowatt hours,2003,7
CO,Colorado,COM,commercial,6.75,1955.60422,cents per kilowatt-hour,million kilowatt hours,2003,7
CO,Colorado,IND,industrial,5.19,1048.58895,cents per kilowatt-hour,million kilowatt hours,2003,7
CO,Colorado,RES,residential,8.34,1613.25035,cents per kilowatt-hour,million kilowatt hours,2003,7
IL,Illinois,COM,commercial,7.95,4666.08921,cents per kilowatt-hour,million kilowatt hours,2003,7
IL,Illinois,IND,industrial,5.31,3673.39355,cents per kilowatt-hour,million kilowatt hours,2003,7
IL,Illinois,RES,residential,9.06,4797.68986,cents per kilowatt-hour,million kilowatt hours,2003,7
NY,New York,COM,commercial,14.27,6945.86537,cents per kilowatt-hour,million kilowatt hours,2003,7
NY,New York,IND,industrial,7.05,1891.35721,cents per kilowatt-hour,million kilowatt hours,2003,7
NY,New York,RES,residential,15.14,4516.81649,cents per kilowatt-hour,million kilowatt hours,2003,7
TX,Texas,COM,commercial,8.6,9444.32235,cents per kilowatt-hour,million kilowatt hours,2003,7
TX,Texas,IND,industrial,5.73,9137.83228,cents per kilowatt-hour,million kilowatt hours,2003,7
TX,Texas,RES,residential,9.97,13868.72365,cents per kilowatt-hour,million kilowatt hours,2003,7
CA,California,COM,commercial,14.27,9290.10081,cents per kilowatt-hour,million kilowatt hours,2003,6
CA,California,IND,industrial,10.12,4230.16893,cents per kilowatt-hour,million kilowatt hours,2003,6
CA,California,RES,residential,13.12,6532.61434,cents per kilowatt-hour,million kilowatt hours,2003,6
CO,Colorado,COM,commercial,6.89,1583.30813,cents per kilowatt-hour,million kilowatt hours,2003,6
CO,Colorado,IND,industrial,5.24,915.40388,cents per kilowatt-hour,million kilowatt hours,2003,6
CO,Colorado,RES,residential,8.5,1203.30632,cents per kilowatt-hour,million kilowatt hours,2003,6
IL,Illinois,COM,commercial,7.69,4137.13401,cents per kilowatt-hour,million kilowatt hours,2003,6
IL,Illinois,IND,industrial,4.78,3819.17623,cents per kilowatt-hour,million kilowatt hours,2003,6
IL,Illinois,RES,residential,9.23,3033.99018,cents per kilowatt-hour,million kilowatt hours,2003,6
NY,New York,COM,commercial,13.44,5889.13654,cents per kilowatt-hour,million kilowatt hours,2003,6
NY,New York,IND,industrial,7.03,1832.60886,cents per kilowatt-hour,million kilowatt hours,2003,6
NY,New York,RES,residential,14.98,3462.77329,cents per kilowatt-hour,million kilowatt hours,2003,6
TX,Texas,COM,commercial,8.66,8940.60167,cents per kilowatt-hour,million kilowatt hours,2003,6
TX,Texas,IND,industrial,5.55,9035.63947,cents per kilowatt-hour,million kilowatt hours,2003,6
TX,Texas,RES,residential,10.07,11864.82775,cents per kilowatt-hour,million kilowatt hours,2003,6
CA,California,COM,commercial,12.84,8489.69551,cents per kilowatt-hour,million kilowatt hours,2003,5
CA,California,IND,industrial,9.93,3967.44651,cents per kilowatt-hour,million kilowatt hours,2003,5
CA,California,RES,residential,12.74,5739.57218,cents per kilowatt-hour,million kilowatt hours,2003,5
CO,Colorado,COM,commercial,6.82,1610.08811,cents per kilowatt-hour,million kilowatt hours,2003,5
CO,Colorado,IND,industrial,5.15,906.88057,cents per kilowatt-hour,million kilowatt hours,2003,5
CO,Colorado,RES,residential,8.61,1091.91428,cents per kilowatt-hour,million kilowatt hours,2003,5
IL,Illinois,COM,commercial,7.26,3858.9923,cents per kilowatt-hour,million kilowatt hours,2003,5
IL,Illinois,IND,industrial,4.85,3700.84757,cents per kilowatt-hour,million kilowatt hours,2003,5
IL,Illinois,RES,residential,8.83,2639.7639,cents per kilowatt-hour,million kilowatt hours,2003,5
NY,New York,COM,commercial,12.82,5519.50903,cents per kilowatt-hour,million kilowatt hours,2003,5
NY,New York,IND,industrial,7.02,1865.07766,cents per kilowatt-hour,million kilowatt hours,2003,5
NY,New York,RES,residential,14.77,3246.1938,cents per kilowatt-hour,million kilowatt hours,2003,5
TX,Texas,COM,commercial,8.06,8229.87081,cents per kilowatt-hour,million kilowatt hours,2003,5
TX,Texas,IND,industrial,5.23,8708.96585,cents per kilowatt-hour,million kilowatt hours,2003,5
TX,Texas,RES,residential,9.35,9934.32254,cents per kilowatt-hour,million kilowatt hours,2003,5
CA,California,COM,commercial,12.08,8410.83575,cents per kilowatt-hour,million kilowatt hours,2003,4
CA,California,IND,industrial,9.83,3765.55288,cents per kilowatt-hour,million kilowatt hours,2003,4
CA,California,RES,residential,12.51,5759.97776,cents per kilowatt-hour,million kilowatt hours,2003,4
CO,Colorado,COM,commercial,6.46,1500.65553,cents per kilowatt-hour,million kilowatt hours,2003,4
CO,Colorado,IND,industrial,4.79,895.61898,cents per kilowatt-hour,million kilowatt hours,2003,4
CO,Colorado,RES,residential,8.0,1076.59582,cents per kilowatt-hour,million kilowatt hours,2003,4
IL,Illinois,COM,commercial,7.39,3704.52971,cents per kilowatt-hour,million kilowatt hours,2003,4
IL,Illinois,IND,industrial,4.64,3635.14688,cents per kilowatt-hour,million kilowatt hours,2003,4
IL,Illinois,RES,residential,8.54,2755.04219,cents per kilowatt-hour,million kilowatt hours,2003,4
NY,New York,COM,commercial,12.97,5400.68045,cents per kilowatt-hour,million kilowatt hours,2003,4
NY,New York,IND,industrial,7.59,1801.82418,cents per kilowatt-hour,million kilowatt hours,2003,4
NY,New York,RES,residential,14.55,3437.48257,cents per kilowatt-hour,million kilowatt hours,2003,4
TX,Texas,COM,commercial,7.7,6933.90326,cents per kilowatt-hour,million kilowatt hours,2003,4
TX,Texas,IND,industrial,5.35,8462.77266,cents per kilowatt-hour,million kilowatt hours,2003,4
TX,Texas,RES,residential,9.03,7343.04952,cents per kilowatt-hour,million kilowatt hours,2003,4
CA,California,COM,commercial,10.94,8274.79013,cents per kilowatt-hour,million kilowatt hours,2003,3
CA,California,IND,industrial,8.81,3972.24668,cents per kilowatt-hour,million kilowatt hours,2003,3
CA,California,RES,residential,11.42,6094.77888,cents per kilowatt-hour,million kilowatt hours,2003,3
CO,Colorado,COM,commercial,6.16,1541.82432,cents per kilowatt-hour,million kilowatt hours,2003,3
CO,Colorado,IND,industrial,4.88,864.68135,cents per kilowatt-hour,million kilowatt hours,2003,3
CO,Colorado,RES,residential,7.75,1225.0525,cents per kilowatt-hour,million kilowatt hours,2003,3
IL,Illinois,COM,commercial,7.01,4051.20126,cents per kilowatt-hour,million kilowatt hours,2003,3
IL,Illinois,IND,industrial,4.89,3453.02546,cents per kilowatt-hour,million kilowatt hours,2003,3
IL,Illinois,RES,residential,7.88,3496.53228,cents per kilowatt-hour,million kilowatt hours,2003,3
NY,New York,COM,commercial,12.43,5825.35219,cents per kilowatt-hour,million kilowatt hours,2003,3
NY,New York,IND,industrial,7.6,1716.70383,cents per kilowatt-hour,million kilowatt hours,2003,3
NY,New York,RES,residential,13.91,3919.26002,cents per kilowatt-hour,million kilowatt hours,2003,3
TX,Texas,COM,commercial,8.19,6912.37541,cents per kilowatt-hour,million kilowatt hours,2003,3
TX,Texas,IND,industrial,5.59,8303.01188,cents per kilowatt-hour,million kilowatt hours,2003,3
TX,Texas,RES,residential,9.02,7966.66667,cents per kilowatt-hour,million kilowatt hours,2003,3
CA,California,COM,commercial,12.19,7656.79588,cents per kilowatt-hour,million kilowatt hours,2003,2
CA,California,IND,industrial,9.43,3727.21679,cents per kilowatt-hour,million kilowatt hours,2003,2
CA,California,RES,residential,12.41,5868.15674,cents per kilowatt-hour,million kilowatt hours,2003,2
CO,Colorado,COM,commercial,6.25,1467.29982,cents per kilowatt-hour,million kilowatt hours,2003,2
CO,Colorado,IND,industrial,4.71,851.41414,cents per kilowatt-hour,million kilowatt hours,2003,2
CO,Colorado,RES,residential,7.78,1255.70705,cents per kilowatt-hour,million kilowatt hours,2003,2
IL,Illinois,COM,commercial,6.97,3937.15749,cents per kilowatt-hour,million kilowatt hours,2003,2
IL,Illinois,IND,industrial,4.76,3402.33779,cents per kilowatt-hour,million kilowatt hours,2003,2
IL,Illinois,RES,residential,7.6,3713.5548,cents per kilowatt-hour,million kilowatt hours,2003,2
NY,New York,COM,commercial,11.69,5853.82154,cents per kilowatt-hour,million kilowatt hours,2003,2
NY,New York,IND,industrial,7.46,1841.74656,cents per kilowatt-hour,million kilowatt hours,2003,2
NY,New York,RES,residential,13.3,4049.74176,cents per kilowatt-hour,million kilowatt hours,2003,2
TX,Texas,COM,commercial,7.34,6913.99555,cents per kilowatt-hour,million kilowatt hours,2003,2
TX,Texas,IND,industrial,5.24,7939.60115,cents per kilowatt-hour,million kilowatt hours,2003,2
TX,Texas,RES,residential,8.11,9175.43748,cents per kilowatt-hour,million kilowatt hours,2003,2
CA,California,COM,commercial,11.72,8548.95122,cents per kilowatt-hour,million kilowatt hours,2003,1
CA,California,IND,industrial,8.67,3859.69757,cents per kilowatt-hour,million kilowatt hours,2003,1
CA,California,RES,residential,12.81,7506.54459,cents per kilowatt-hour,million kilowatt hours,2003,1
CO,Colorado,COM,commercial,6.05,1526.14309,cents per kilowatt-hour,million kilowatt hours,2003,1
CO,Colorado,IND,industrial,4.57,887.78672,cents per kilowatt-hour,million kilowatt hours,2003,1
CO,Colorado,RES,residential,7.53,1362.76367,cents per kilowatt-hour,million kilowatt hours,2003,1
IL,Illinois,COM,commercial,6.6,4333.51398,cents per kilowatt-hour,million kilowatt hours,2003,1
IL,Illinois,IND,industrial,4.81,3495.27803,cents per kilowatt-hour,million kilowatt hours,2003,1
IL,Illinois,RES,residential,7.4,4453.7563,cents per kilowatt-hour,million kilowatt hours,2003,1
NY,New York,COM,commercial,11.01,6261.90121,cents per kilowatt-hour,million kilowatt hours,2003,1
NY,New York,IND,industrial,7.24,1804.97673,cents per kilowatt-hour,million kilowatt hours,2003,1
NY,New York,RES,residential,12.77,4432.82071,cents per kilowatt-hour,million kilowatt hours,2003,1
TX,Texas,COM,commercial,7.21,7473.52352,cents per kilowatt-hour,million kilowatt hours,2003,1
TX,Texas,IND,industrial,4.8,8385.82241,cents per kilowatt-hour,million kilowatt hours,2003,1
TX,Texas,RES,residential,7.71,9934.83037,cents per kilowatt-hour,million kilowatt hours,2003,1
CA,California,COM,commercial,12.35,8204.1641,cents per kilowatt-hour,million kilowatt hours,2002,12
CA,California,IND,industrial,9.25,4045.25936,cents per kilowatt-hour,million kilowatt hours,2002,12
CA,California,RES,residential,13.31,6267.74805,cents per kilowatt-hour,million kilowatt hours,2002,12
CO,Colorado,COM,commercial,5.38,1498.61999,cents per kilowatt-hour,million kilowatt hours,2002,12
CO,Colorado,IND,industrial,4.43,849.41948,cents per kilowatt-hour,million kilowatt hours,2002,12
CO,Colorado,RES,residential,7.14,1349.06561,cents per kilowatt-hour,million kilowatt hours,2002,12
IL,Illinois,COM,commercial,6.96,3545.98839,cents per kilowatt-hour,million kilowatt hours,2002,12
IL,Illinois,IND,industrial,4.63,3010.53875,cents per kilowatt-hour,million kilowatt hours,2002,12
IL,Illinois,RES,residential,7.46,4004.95617,cents per kilowatt-hour,million kilowatt hours,2002,12
NY,New York,COM,commercial,11.83,5285.76262,cents per kilowatt-hour,million kilowatt hours,2002,12
NY,New York,IND,industrial,4.94,1999.45362,cents per kilowatt-hour,million kilowatt hours,2002,12
NY,New York,RES,residential,13.19,3999.72226,cents per kilowatt-hour,million kilowatt hours,2002,12
TX,Texas,COM,commercial,7.03,6394.68427,cents per kilowatt-hour,million kilowatt hours,2002,12
TX,Texas,IND,industrial,4.41,7489.66779,cents per kilowatt-hour,million kilowatt hours,2002,12
TX,Texas,RES,residential,8.07,8129.12021,cents per kilowatt-hour,million kilowatt hours,2002,12
CA,California,COM,commercial,13.15,7469.50441,cents per kilowatt-hour,million kilowatt hours,2002,11
CA,California,IND,industrial,9.91,3362.55169,cents per kilowatt-hour,million kilowatt hours,2002,11
CA,California,RES,residential,12.55,5557.7235,cents per kilowatt-hour,million kilowatt hours,2002,11
CO,Colorado,COM,commercial,5.85,1493.298,cents per kilowatt-hour,million kilowatt hours,2002,11
CO,Colorado,IND,industrial,4.48,885.3348,cents per kilowatt-hour,million kilowatt hours,2002,11
CO,Colorado,RES,residential,7.38,1205.69239,cents per kilowatt-hour,million kilowatt hours,2002,11
IL,Illinois,COM,commercial,7.12,3429.18989,cents per kilowatt-hour,million kilowatt hours,2002,11
IL,Illinois,IND,industrial,4.56,3128.81834,cents per kilowatt-hour,million kilowatt hours,2002,11
IL,Illinois,RES,residential,7.83,3125.00709,cents per kilowatt-hour,million kilowatt hours,2002,11
NY,New York,COM,commercial,11.55,4778.7771,cents per kilowatt-hour,million kilowatt hours,2002,11
NY,New York,IND,industrial,4.92,2156.03494,cents per kilowatt-hour,million kilowatt hours,2002,11
NY,New York,RES,residential,13.37,3416.2276,cents per kilowatt-hour,million kilowatt hours,2002,11
TX,Texas,COM,commercial,6.73,7381.96847,cents per kilowatt-hour,million kilowatt hours,2002,11
TX,Texas,IND,industrial,4.35,7773.04271,cents per kilowatt-hour,million kilowatt hours,2002,11
TX,Texas,RES,residential,7.44,7867.60252,cents per kilowatt-hour,million kilowatt hours,2002,11
CA,California,COM,commercial,14.52,9428.07811,cents per kilowatt-hour,million kilowatt hours,2002,10
CA,California,IND,industrial,10.64,4212.11207,cents per kilowatt-hour,million kilowatt hours,2002,10
CA,California,RES,residential,11.98,6669.26575,cents per kilowatt-hour,million kilowatt hours,2002,10
CO,Colorado,COM,commercial,6.07,1522.28849,cents per kilowatt-hour,million kilowatt hours,2002,10
CO,Colorado,IND,industrial,4.7,907.42998,cents per kilowatt-hour,million kilowatt hours,2002,10
CO,Colorado,RES,residential,7.91,1169.12628,cents per kilowatt-hour,million kilowatt hours,2002,10
IL,Illinois,COM,commercial,7.92,3775.26364,cents per kilowatt-hour,million kilowatt hours,2002,10
IL,Illinois,IND,industrial,4.83,3282.69313,cents per kilowatt-hour,million kilowatt hours,2002,10
IL,Illinois,RES,residential,8.61,2840.55793,cents per kilowatt-hour,million kilowatt hours,2002,10
NY,New York,COM,commercial,12.92,5071.7801,cents per kilowatt-hour,million kilowatt hours,2002,10
NY,New York,IND,industrial,5.34,2048.52729,cents per kilowatt-hour,million kilowatt hours,2002,10
NY,New York,RES,residential,13.87,3480.95435,cents per kilowatt-hour,million kilowatt hours,2002,10
TX,Texas,COM,commercial,6.58,8960.77896,cents per kilowatt-hour,million kilowatt hours,2002,10
TX,Texas,IND,industrial,4.59,8563.99133,cents per kilowatt-hour,million kilowatt hours,2002,10
TX,Texas,RES,residential,7.51,9625.06466,cents per kilowatt-hour,million kilowatt hours,2002,10
CA,California,COM,commercial,13.97,9209.07551,cents per kilowatt-hour,million kilowatt hours,2002,9
CA,California,IND,industrial,10.44,4231.9125,cents per kilowatt-hour,million kilowatt hours,2002,9
CA,California,RES,residential,11.61,6989.75712,cents per kilowatt-hour,million kilowatt hours,2002,9
CO,Colorado,COM,commercial,5.94,1570.86754,cents per kilowatt-hour,million kilowatt hours,2002,9
CO,Colorado,IND,industrial,4.68,914.94168,cents per kilowatt-hour,million kilowatt hours,2002,9
CO,Colorado,RES,residential,7.73,1337.89621,cents per kilowatt-hour,million kilowatt hours,2002,9
IL,Illinois,COM,commercial,7.93,3823.67319,cents per kilowatt-hour,million kilowatt hours,2002,9
IL,Illinois,IND,industrial,5.32,3374.31778,cents per kilowatt-hour,million kilowatt hours,2002,9
IL,Illinois,RES,residential,8.92,3694.89213,cents per kilowatt-hour,million kilowatt hours,2002,9
NY,New York,COM,commercial,13.07,5530.6496,cents per kilowatt-hour,million kilowatt hours,2002,9
NY,New York,IND,industrial,5.13,2373.30967,cents per kilowatt-hour,million kilowatt hours,2002,9
NY,New York,RES,residential,14.42,4354.50021,cents per kilowatt-hour,million kilowatt hours,2002,9
TX,Texas,COM,commercial,6.65,9135.5109,cents per kilowatt-hour,million kilowatt hours,2002,9
TX,Texas,IND,industrial,3.94,8266.90979,cents per kilowatt-hour,million kilowatt hours,2002,9
TX,Texas,RES,residential,8.04,12497.61467,cents per kilowatt-hour,million kilowatt hours,2002,9
CA,California,COM,commercial,15.08,9653.58919,cents per kilowatt-hour,million kilowatt hours,2002,8
CA,California,IND,industrial,10.96,4437.45651,cents per kilowatt-hour,million kilowatt hours,2002,8
CA,California,RES,residential,12.92,7479.01867,cents per kilowatt-hour,million kilowatt hours,2002,8
CO,Colorado,COM,commercial,5.75,1729.87917,cents per kilowatt-hour,million kilowatt hours,2002,8
CO,Colorado,IND,industrial,4.61,957.35966,cents per kilowatt-hour,million kilowatt hours,2002,8
CO,Colorado,RES,residential,7.54,1507.36058,cents per kilowatt-hour,million kilowatt hours,2002,8
IL,Illinois,COM,commercial,8.11,4280.08081,cents per kilowatt-hour,million kilowatt hours,2002,8
IL,Illinois,IND,industrial,5.51,3474.41047,cents per kilowatt-hour,million kilowatt hours,2002,8
IL,Illinois,RES,residential,8.89,5227.39981,cents per kilowatt-hour,million kilowatt hours,2002,8
NY,New York,COM,commercial,13.58,6132.14428,cents per kilowatt-hour,million kilowatt hours,2002,8
NY,New York,IND,industrial,5.23,2221.62728,cents per kilowatt-hour,million kilowatt hours,2002,8
NY,New York,RES,residential,14.16,5124.02692,cents per kilowatt-hour,million kilowatt hours,2002,8
TX,Texas,COM,commercial,6.97,8411.65498,cents per kilowatt-hour,million kilowatt hours,2002,8
TX,Texas,IND,industrial,4.53,9473.31144,cents per kilowatt-hour,million kilowatt hours,2002,8
TX,Texas,RES,residential,8.07,14121.43446,cents per kilowatt-hour,million kilowatt hours,2002,8
CA,California,COM,commercial,15.44,9915.88536,cents per kilowatt-hour,million kilowatt hours,2002,7
CA,California,IND,industrial,11.9,4290.4628,cents per kilowatt-hour,million kilowatt hours,2002,7
CA,California,RES,residential,13.28,7486.78312,cents per kilowatt-hour,million kilowatt hours,2002,7
CO,Colorado,COM,commercial,5.56,1773.01401,cents per kilowatt-hour,million kilowatt hours,2002,7
CO,Colorado,IND,industrial,4.72,943.67476,cents per kilowatt-hour,million kilowatt hours,2002,7
CO,Colorado,RES,residential,7.38,1568.65225,cents per kilowatt-hour,million kilowatt hours,2002,7
IL,Illinois,COM,commercial,8.19,4254.783,cents per kilowatt-hour,million kilowatt hours,2002,7
IL,Illinois,IND,industrial,5.28,3548.15236,cents per kilowatt-hour,million kilowatt hours,2002,7
IL,Illinois,RES,residential,8.95,5814.41442,cents per kilowatt-hour,million kilowatt hours,2002,7
NY,New York,COM,commercial,13.89,6087.02972,cents per kilowatt-hour,million kilowatt hours,2002,7
NY,New York,IND,industrial,5.34,2161.92265,cents per kilowatt-hour,million kilowatt hours,2002,7
NY,New York,RES,residential,14.19,4765.00879,cents per kilowatt-hour,million kilowatt hours,2002,7
TX,Texas,COM,commercial,6.96,8223.41368,cents per kilowatt-hour,million kilowatt hours,2002,7
TX,Texas,IND,industrial,4.81,9301.86217,cents per kilowatt-hour,million kilowatt hours,2002,7
TX,Texas,RES,residential,8.49,13743.45823,cents per kilowatt-hour,million kilowatt hours,2002,7
CA,California,COM,commercial,14.36,8757.10249,cents per kilowatt-hour,million kilowatt hours,2002,6
CA,California,IND,industrial,10.15,4181.93392,cents per kilowatt-hour,million kilowatt hours,2002,6
CA,California,RES,residential,12.87,5981.9426,cents per kilowatt-hour,million kilowatt hours,2002,6
CO,Colorado,COM,commercial,5.95,1637.13647,cents per kilowatt-hour,million kilowatt hours,2002,6
CO,Colorado,IND,industrial,4.72,886.54598,cents per kilowatt-hour,million kilowatt hours,2002,6
CO,Colorado,RES,residential,7.74,1234.08925,cents per kilowatt-hour,million kilowatt hours,2002,6
IL,Illinois,COM,commercial,7.98,3918.82314,cents per kilowatt-hour,million kilowatt hours,2002,6
IL,Illinois,IND,industrial,5.5,3674.10432,cents per kilowatt-hour,million kilowatt hours,2002,6
IL,Illinois,RES,residential,8.93,3930.16623,cents per kilowatt-hour,million kilowatt hours,2002,6
NY,New York,COM,commercial,12.72,5301.42021,cents per kilowatt-hour,million kilowatt hours,2002,6
NY,New York,IND,industrial,5.58,2085.60667,cents per kilowatt-hour,million kilowatt hours,2002,6
NY,New York,RES,residential,14.01,3524.37975,cents per kilowatt-hour,million kilowatt hours,2002,6
TX,Texas,COM,commercial,7.19,7095.6592,cents per kilowatt-hour,million kilowatt hours,2002,6
TX,Texas,IND,industrial,4.1,7662.59449,cents per kilowatt-hour,million kilowatt hours,2002,6
TX,Texas,RES,residential,8.5,12333.34226,cents per kilowatt-hour,million kilowatt hours,2002,6
CA,California,COM,commercial,13.19,8345.89721,cents per kilowatt-hour,million kilowatt hours,2002,5
CA,California,IND,industrial,9.73,4061.21301,cents per kilowatt-hour,million kilowatt hours,2002,5
CA,California,RES,residential,12.82,5637.42743,cents per kilowatt-hour,million kilowatt hours,2002,5
CO,Colorado,COM,commercial,5.93,1541.2631,cents per kilowatt-hour,million kilowatt hours,2002,5
CO,Colorado,IND,industrial,4.56,887.29894,cents per kilowatt-hour,million kilowatt hours,2002,5
CO,Colorado,RES,residential,7.83,1091.84343,cents per kilowatt-hour,million kilowatt hours,2002,5
IL,Illinois,COM,commercial,7.55,3449.95182,cents per kilowatt-hour,million kilowatt hours,2002,5
IL,Illinois,IND,industrial,4.68,3435.78693,cents per kilowatt-hour,million kilowatt hours,2002,5
IL,Illinois,RES,residential,8.78,2713.48592,cents per kilowatt-hour,million kilowatt hours,2002,5
NY,New York,COM,commercial,11.77,4828.30375,cents per kilowatt-hour,million kilowatt hours,2002,5
NY,New York,IND,industrial,5.17,2111.28748,cents per kilowatt-hour,million kilowatt hours,2002,5
NY,New York,RES,residential,13.3,3255.84746,cents per kilowatt-hour,million kilowatt hours,2002,5
TX,Texas,COM,commercial,6.47,7140.26312,cents per kilowatt-hour,million kilowatt hours,2002,5
TX,Texas,IND,industrial,4.43,9074.22554,cents per kilowatt-hour,million kilowatt hours,2002,5
TX,Texas,RES,residential,8.15,8813.19505,cents per kilowatt-hour,million kilowatt hours,2002,5
CA,California,COM,commercial,11.63,8236.35924,cents per kilowatt-hour,million kilowatt hours,2002,4
CA,California,IND,industrial,8.74,3953.80023,cents per kilowatt-hour,million kilowatt hours,2002,4
CA,California,RES,residential,12.05,5889.41605,cents per kilowatt-hour,million kilowatt hours,2002,4
CO,Colorado,COM,commercial,5.51,1399.1759,cents per kilowatt-hour,million kilowatt hours,2002,4
CO,Colorado,IND,industrial,4.39,868.89252,cents per kilowatt-hour,million kilowatt hours,2002,4
CO,Colorado,RES,residential,7.2,1046.43231,cents per kilowatt-hour,million kilowatt hours,2002,4
IL,Illinois,COM,commercial,7.27,3420.99886,cents per kilowatt-hour,million kilowatt hours,2002,4
IL,Illinois,IND,industrial,4.57,3094.98792,cents per kilowatt-hour,million kilowatt hours,2002,4
IL,Illinois,RES,residential,8.31,3004.52961,cents per kilowatt-hour,million kilowatt hours,2002,4
NY,New York,COM,commercial,11.66,4716.47573,cents per kilowatt-hour,million kilowatt hours,2002,4
NY,New York,IND,industrial,5.06,2036.66714,cents per kilowatt-hour,million kilowatt hours,2002,4
NY,New York,RES,residential,12.69,3329.31039,cents per kilowatt-hour,million kilowatt hours,2002,4
TX,Texas,COM,commercial,6.82,6190.51111,cents per kilowatt-hour,million kilowatt hours,2002,4
TX,Texas,IND,industrial,4.97,8222.75521,cents per kilowatt-hour,million kilowatt hours,2002,4
TX,Texas,RES,residential,7.98,7450.88635,cents per kilowatt-hour,million kilowatt hours,2002,4
CA,California,COM,commercial,12.08,7877.91877,cents per kilowatt-hour,million kilowatt hours,2002,3
CA,California,IND,industrial,8.79,4049.93159,cents per kilowatt-hour,million kilowatt hours,2002,3
CA,California,RES,residential,12.58,5781.695,cents per kilowatt-hour,million kilowatt hours,2002,3
CO,Colorado,COM,commercial,5.3,1450.36876,cents per kilowatt-hour,million kilowatt hours,2002,3
CO,Colorado,IND,industrial,4.34,842.78097,cents per kilowatt-hour,million kilowatt hours,2002,3
CO,Colorado,RES,residential,6.95,1242.55286,cents per kilowatt-hour,million kilowatt hours,2002,3
IL,Illinois,COM,commercial,7.17,3355.59298,cents per kilowatt-hour,million kilowatt hours,2002,3
IL,Illinois,IND,industrial,4.6,3281.39455,cents per kilowatt-hour,million kilowatt hours,2002,3
IL,Illinois,RES,residential,8.03,3352.77013,cents per kilowatt-hour,million kilowatt hours,2002,3
NY,New York,COM,commercial,11.53,4728.98703,cents per kilowatt-hour,million kilowatt hours,2002,3
NY,New York,IND,industrial,5.16,1930.70336,cents per kilowatt-hour,million kilowatt hours,2002,3
NY,New York,RES,residential,12.81,3527.31783,cents per kilowatt-hour,million kilowatt hours,2002,3
TX,Texas,COM,commercial,7.5,6169.41083,cents per kilowatt-hour,million kilowatt hours,2002,3
TX,Texas,IND,industrial,5.0,8727.85817,cents per kilowatt-hour,million kilowatt hours,2002,3
TX,Texas,RES,residential,7.79,7798.51287,cents per kilowatt-hour,million kilowatt hours,2002,3
CA,California,COM,commercial,11.74,7382.474,cents per kilowatt-hour,million kilowatt hours,2002,2
CA,California,IND,industrial,8.37,3718.73132,cents per kilowatt-hour,million kilowatt hours,2002,2
CA,California,RES,residential,12.58,6149.99578,cents per kilowatt-hour,million kilowatt hours,2002,2
CO,Colorado,COM,commercial,5.34,1427.48588,cents per kilowatt-hour,million kilowatt hours,2002,2
CO,Colorado,IND,industrial,4.28,869.87922,cents per kilowatt-hour,million kilowatt hours,2002,2
CO,Colorado,RES,residential,6.93,1292.77314,cents per kilowatt-hour,million kilowatt hours,2002,2
IL,Illinois,COM,commercial,6.9,3454.05672,cents per kilowatt-hour,million kilowatt hours,2002,2
IL,Illinois,IND,industrial,4.55,3189.89089,cents per kilowatt-hour,million kilowatt hours,2002,2
IL,Illinois,RES,residential,8.02,3250.84256,cents per kilowatt-hour,million kilowatt hours,2002,2
NY,New York,COM,commercial,11.18,4785.94285,cents per kilowatt-hour,million kilowatt hours,2002,2
NY,New York,IND,industrial,4.81,2080.31621,cents per kilowatt-hour,million kilowatt hours,2002,2
NY,New York,RES,residential,13.0,3601.79329,cents per kilowatt-hour,million kilowatt hours,2002,2
TX,Texas,COM,commercial,7.88,6103.96688,cents per kilowatt-hour,million kilowatt hours,2002,2
TX,Texas,IND,industrial,5.57,8650.45542,cents per kilowatt-hour,million kilowatt hours,2002,2
TX,Texas,RES,residential,7.98,8831.12416,cents per kilowatt-hour,million kilowatt hours,2002,2
CA,California,COM,commercial,11.56,8107.31762,cents per kilowatt-hour,million kilowatt hours,2002,1
CA,California,IND,industrial,8.33,3902.36,cents per kilowatt-hour,million kilowatt hours,2002,1
CA,California,RES,residential,13.03,7311.52694,cents per kilowatt-hour,million kilowatt hours,2002,1
CO,Colorado,COM,commercial,5.32,1395.03969,cents per kilowatt-hour,million kilowatt hours,2002,1
CO,Colorado,IND,industrial,4.32,858.66801,cents per kilowatt-hour,million kilowatt hours,2002,1
CO,Colorado,RES,residential,6.84,1379.36171,cents per kilowatt-hour,million kilowatt hours,2002,1
IL,Illinois,COM,commercial,6.71,3535.42057,cents per kilowatt-hour,million kilowatt hours,2002,1
IL,Illinois,IND,industrial,4.32,2792.41955,cents per kilowatt-hour,million kilowatt hours,2002,1
IL,Illinois,RES,residential,7.53,4071.04701,cents per kilowatt-hour,million kilowatt hours,2002,1
NY,New York,COM,commercial,11.45,5023.24502,cents per kilowatt-hour,million kilowatt hours,2002,1
NY,New York,IND,industrial,5.47,1942.54869,cents per kilowatt-hour,million kilowatt hours,2002,1
NY,New York,RES,residential,12.95,4077.94117,cents per kilowatt-hour,million kilowatt hours,2002,1
TX,Texas,COM,commercial,6.95,6537.98259,cents per kilowatt-hour,million kilowatt hours,2002,1
TX,Texas,IND,industrial,5.03,9044.37993,cents per kilowatt-hour,million kilowatt hours,2002,1
TX,Texas,RES,residential,8.11,10223.75456,cents per kilowatt-hour,million kilowatt hours,2002,1
CA,California,COM,commercial,11.93,7443.51704,cents per kilowatt-hour,million kilowatt hours,2001,12
CA,California,IND,industrial,8.62,4852.03003,cents per kilowatt-hour,million kilowatt hours,2001,12
CA,California,RES,residential,12.26,6782.49546,cents per kilowatt-hour,million kilowatt hours,2001,12
CO,Colorado,COM,commercial,5.21,1499.81847,cents per kilowatt-hour,million kilowatt hours,2001,12
CO,Colorado,IND,industrial,3.56,900.14371,cents per kilowatt-hour,million kilowatt hours,2001,12
CO,Colorado,RES,residential,7.63,1302.64523,cents per kilowatt-hour,million kilowatt hours,2001,12
IL,Illinois,COM,commercial,6.81,3355.62969,cents per kilowatt-hour,million kilowatt hours,2001,12
IL,Illinois,IND,industrial,4.23,3040.55577,cents per kilowatt-hour,million kilowatt hours,2001,12
IL,Illinois,RES,residential,7.93,3752.10166,cents per kilowatt-hour,million kilowatt hours,2001,12
NY,New York,COM,commercial,11.79,4952.29303,cents per kilowatt-hour,million kilowatt hours,2001,12
NY,New York,IND,industrial,5.38,1988.61877,cents per kilowatt-hour,million kilowatt hours,2001,12
NY,New York,RES,residential,13.25,3659.81022,cents per kilowatt-hour,million kilowatt hours,2001,12
TX,Texas,COM,commercial,7.53,6713.19757,cents per kilowatt-hour,million kilowatt hours,2001,12
TX,Texas,IND,industrial,5.0,7590.92923,cents per kilowatt-hour,million kilowatt hours,2001,12
TX,Texas,RES,residential,8.23,7804.90332,cents per kilowatt-hour,million kilowatt hours,2001,12
CA,California,COM,commercial,12.2,7615.39331,cents per kilowatt-hour,million kilowatt hours,2001,11
CA,California,IND,industrial,8.79,4660.47762,cents per kilowatt-hour,million kilowatt hours,2001,11
CA,California,RES,residential,12.12,5768.25918,cents per kilowatt-hour,million kilowatt hours,2001,11
CO,Colorado,COM,commercial,5.42,1418.32461,cents per kilowatt-hour,million kilowatt hours,2001,11
CO,Colorado,IND,industrial,4.36,891.14697,cents per kilowatt-hour,million kilowatt hours,2001,11
CO,Colorado,RES,residential,7.11,1051.45784,cents per kilowatt-hour,million kilowatt hours,2001,11
IL,Illinois,COM,commercial,7.83,3446.59869,cents per kilowatt-hour,million kilowatt hours,2001,11
IL,Illinois,IND,industrial,5.26,3158.52461,cents per kilowatt-hour,million kilowatt hours,2001,11
IL,Illinois,RES,residential,8.05,2499.06007,cents per kilowatt-hour,million kilowatt hours,2001,11
NY,New York,COM,commercial,11.66,4600.79159,cents per kilowatt-hour,million kilowatt hours,2001,11
NY,New York,IND,industrial,5.18,2245.33219,cents per kilowatt-hour,million kilowatt hours,2001,11
NY,New York,RES,residential,13.53,3258.00079,cents per kilowatt-hour,million kilowatt hours,2001,11
TX,Texas,COM,commercial,7.61,6665.86178,cents per kilowatt-hour,million kilowatt hours,2001,11
TX,Texas,IND,industrial,4.95,7755.38653,cents per kilowatt-hour,million kilowatt hours,2001,11
TX,Texas,RES,residential,8.4,6741.29799,cents per kilowatt-hour,million kilowatt hours,2001,11
CA,California,COM,commercial,14.28,8695.79379,cents per kilowatt-hour,million kilowatt hours,2001,10
CA,California,IND,industrial,11.02,5298.89606,cents per kilowatt-hour,million kilowatt hours,2001,10
CA,California,RES,residential,12.49,6555.54734,cents per kilowatt-hour,million kilowatt hours,2001,10
CO,Colorado,COM,commercial,6.05,1504.97678,cents per kilowatt-hour,million kilowatt hours,2001,10
CO,Colorado,IND,industrial,4.78,905.61185,cents per kilowatt-hour,million kilowatt hours,2001,10
CO,Colorado,RES,residential,7.74,1128.89771,cents per kilowatt-hour,million kilowatt hours,2001,10
IL,Illinois,COM,commercial,7.64,3506.71301,cents per kilowatt-hour,million kilowatt hours,2001,10
IL,Illinois,IND,industrial,4.85,3313.32292,cents per kilowatt-hour,million kilowatt hours,2001,10
IL,Illinois,RES,residential,8.78,2570.265,cents per kilowatt-hour,million kilowatt hours,2001,10
NY,New York,COM,commercial,13.74,4754.67447,cents per kilowatt-hour,million kilowatt hours,2001,10
NY,New York,IND,industrial,5.3,2101.87232,cents per kilowatt-hour,million kilowatt hours,2001,10
NY,New York,RES,residential,14.22,3264.36824,cents per kilowatt-hour,million kilowatt hours,2001,10
TX,Texas,COM,commercial,7.61,7504.51769,cents per kilowatt-hour,million kilowatt hours,2001,10
TX,Texas,IND,industrial,5.18,7849.75335,cents per kilowatt-hour,million kilowatt hours,2001,10
TX,Texas,RES,residential,9.11,8940.0457,cents per kilowatt-hour,million kilowatt hours,2001,10
CA,California,COM,commercial,14.4,8230.35522,cents per kilowatt-hour,million kilowatt hours,2001,9
CA,California,IND,industrial,11.96,4948.90641,cents per kilowatt-hour,million kilowatt hours,2001,9
CA,California,RES,residential,12.87,6391.0735,cents per kilowatt-hour,million kilowatt hours,2001,9
CO,Colorado,COM,commercial,6.36,1619.99209,cents per kilowatt-hour,million kilowatt hours,2001,9
CO,Colorado,IND,industrial,4.98,976.06539,cents per kilowatt-hour,million kilowatt hours,2001,9
CO,Colorado,RES,residential,8.13,1295.81779,cents per kilowatt-hour,million kilowatt hours,2001,9
IL,Illinois,COM,commercial,8.11,3493.10466,cents per kilowatt-hour,million kilowatt hours,2001,9
IL,Illinois,IND,industrial,5.05,3318.58831,cents per kilowatt-hour,million kilowatt hours,2001,9
IL,Illinois,RES,residential,9.21,3470.12462,cents per kilowatt-hour,million kilowatt hours,2001,9
NY,New York,COM,commercial,13.95,5435.37664,cents per kilowatt-hour,million kilowatt hours,2001,9
NY,New York,IND,industrial,5.39,2282.01469,cents per kilowatt-hour,million kilowatt hours,2001,9
NY,New York,RES,residential,14.23,4041.79545,cents per kilowatt-hour,million kilowatt hours,2001,9
TX,Texas,COM,commercial,7.53,8793.57023,cents per kilowatt-hour,million kilowatt hours,2001,9
TX,Texas,IND,industrial,5.32,8547.32935,cents per kilowatt-hour,million kilowatt hours,2001,9
TX,Texas,RES,residential,9.27,12910.81132,cents per kilowatt-hour,million kilowatt hours,2001,9
CA,California,COM,commercial,14.32,9619.07388,cents per kilowatt-hour,million kilowatt hours,2001,8
CA,California,IND,industrial,12.04,5714.53311,cents per kilowatt-hour,million kilowatt hours,2001,8
CA,California,RES,residential,12.8,7301.66865,cents per kilowatt-hour,million kilowatt hours,2001,8
CO,Colorado,COM,commercial,5.73,1603.85366,cents per kilowatt-hour,million kilowatt hours,2001,8
CO,Colorado,IND,industrial,4.67,935.05457,cents per kilowatt-hour,million kilowatt hours,2001,8
CO,Colorado,RES,residential,7.45,1417.96624,cents per kilowatt-hour,million kilowatt hours,2001,8
IL,Illinois,COM,commercial,8.34,4150.07282,cents per kilowatt-hour,million kilowatt hours,2001,8
IL,Illinois,IND,industrial,4.87,3399.92734,cents per kilowatt-hour,million kilowatt hours,2001,8
IL,Illinois,RES,residential,9.35,5399.06138,cents per kilowatt-hour,million kilowatt hours,2001,8
NY,New York,COM,commercial,14.74,5705.6082,cents per kilowatt-hour,million kilowatt hours,2001,8
NY,New York,IND,industrial,6.03,2339.67131,cents per kilowatt-hour,million kilowatt hours,2001,8
NY,New York,RES,residential,14.61,4420.47199,cents per kilowatt-hour,million kilowatt hours,2001,8
TX,Texas,COM,commercial,7.84,8996.0928,cents per kilowatt-hour,million kilowatt hours,2001,8
TX,Texas,IND,industrial,5.55,8646.82248,cents per kilowatt-hour,million kilowatt hours,2001,8
TX,Texas,RES,residential,9.53,14770.51746,cents per kilowatt-hour,million kilowatt hours,2001,8
CA,California,COM,commercial,14.34,8644.26584,cents per kilowatt-hour,million kilowatt hours,2001,7
CA,California,IND,industrial,13.03,5083.43019,cents per kilowatt-hour,million kilowatt hours,2001,7
CA,California,RES,residential,13.05,6755.69144,cents per kilowatt-hour,million kilowatt hours,2001,7
CO,Colorado,COM,commercial,5.54,1702.21415,cents per kilowatt-hour,million kilowatt hours,2001,7
CO,Colorado,IND,industrial,4.61,957.0939,cents per kilowatt-hour,million kilowatt hours,2001,7
CO,Colorado,RES,residential,7.31,1424.62281,cents per kilowatt-hour,million kilowatt hours,2001,7
IL,Illinois,COM,commercial,8.06,4099.05716,cents per kilowatt-hour,million kilowatt hours,2001,7
IL,Illinois,IND,industrial,5.35,3618.4453,cents per kilowatt-hour,million kilowatt hours,2001,7
IL,Illinois,RES,residential,9.42,4594.07368,cents per kilowatt-hour,million kilowatt hours,2001,7
NY,New York,COM,commercial,14.55,5724.74558,cents per kilowatt-hour,million kilowatt hours,2001,7
NY,New York,IND,industrial,6.55,1469.1051,cents per kilowatt-hour,million kilowatt hours,2001,7
NY,New York,RES,residential,14.99,4220.17511,cents per kilowatt-hour,million kilowatt hours,2001,7
TX,Texas,COM,commercial,7.88,8607.78829,cents per kilowatt-hour,million kilowatt hours,2001,7
TX,Texas,IND,industrial,5.65,8471.39644,cents per kilowatt-hour,million kilowatt hours,2001,7
TX,Texas,RES,residential,9.55,13128.2312,cents per kilowatt-hour,million kilowatt hours,2001,7
CA,California,COM,commercial,12.04,8597.27478,cents per kilowatt-hour,million kilowatt hours,2001,6
CA,California,IND,industrial,8.92,5263.68687,cents per kilowatt-hour,million kilowatt hours,2001,6
CA,California,RES,residential,12.87,6286.68698,cents per kilowatt-hour,million kilowatt hours,2001,6
CO,Colorado,COM,commercial,6.07,1588.3784,cents per kilowatt-hour,million kilowatt hours,2001,6
CO,Colorado,IND,industrial,4.96,907.5321,cents per kilowatt-hour,million kilowatt hours,2001,6
CO,Colorado,RES,residential,8.18,1104.47654,cents per kilowatt-hour,million kilowatt hours,2001,6
IL,Illinois,COM,commercial,8.03,3781.19008,cents per kilowatt-hour,million kilowatt hours,2001,6
IL,Illinois,IND,industrial,5.08,3736.53195,cents per kilowatt-hour,million kilowatt hours,2001,6
IL,Illinois,RES,residential,9.43,3200.66413,cents per kilowatt-hour,million kilowatt hours,2001,6
NY,New York,COM,commercial,12.72,5232.49986,cents per kilowatt-hour,million kilowatt hours,2001,6
NY,New York,IND,industrial,5.48,2357.07675,cents per kilowatt-hour,million kilowatt hours,2001,6
NY,New York,RES,residential,14.41,3468.90363,cents per kilowatt-hour,million kilowatt hours,2001,6
TX,Texas,COM,commercial,8.0,7947.00781,cents per kilowatt-hour,million kilowatt hours,2001,6
TX,Texas,IND,industrial,5.65,8602.32982,cents per kilowatt-hour,million kilowatt hours,2001,6
TX,Texas,RES,residential,9.63,10686.07121,cents per kilowatt-hour,million kilowatt hours,2001,6
CA,California,COM,commercial,9.88,7854.15188,cents per kilowatt-hour,million kilowatt hours,2001,5
CA,California,IND,industrial,8.05,5525.84378,cents per kilowatt-hour,million kilowatt hours,2001,5
CA,California,RES,residential,11.97,5541.02829,cents per kilowatt-hour,million kilowatt hours,2001,5
CO,Colorado,COM,commercial,5.91,1415.96259,cents per kilowatt-hour,million kilowatt hours,2001,5
CO,Colorado,IND,industrial,4.72,943.4674,cents per kilowatt-hour,million kilowatt hours,2001,5
CO,Colorado,RES,residential,7.84,1008.52334,cents per kilowatt-hour,million kilowatt hours,2001,5
IL,Illinois,COM,commercial,7.38,3619.72736,cents per kilowatt-hour,million kilowatt hours,2001,5
IL,Illinois,IND,industrial,4.6,3500.06478,cents per kilowatt-hour,million kilowatt hours,2001,5
IL,Illinois,RES,residential,9.2,2724.44594,cents per kilowatt-hour,million kilowatt hours,2001,5
NY,New York,COM,commercial,11.88,4751.67453,cents per kilowatt-hour,million kilowatt hours,2001,5
NY,New York,IND,industrial,5.45,2111.62799,cents per kilowatt-hour,million kilowatt hours,2001,5
NY,New York,RES,residential,14.01,3090.92043,cents per kilowatt-hour,million kilowatt hours,2001,5
TX,Texas,COM,commercial,7.96,6918.88202,cents per kilowatt-hour,million kilowatt hours,2001,5
TX,Texas,IND,industrial,5.38,8556.48734,cents per kilowatt-hour,million kilowatt hours,2001,5
TX,Texas,RES,residential,8.91,7840.34278,cents per kilowatt-hour,million kilowatt hours,2001,5
CA,California,COM,commercial,10.91,7347.52193,cents per kilowatt-hour,million kilowatt hours,2001,4
CA,California,IND,industrial,7.58,5247.34233,cents per kilowatt-hour,million kilowatt hours,2001,4
CA,California,RES,residential,11.14,5395.78333,cents per kilowatt-hour,million kilowatt hours,2001,4
CO,Colorado,COM,commercial,5.66,1320.0236,cents per kilowatt-hour,million kilowatt hours,2001,4
CO,Colorado,IND,industrial,4.3,882.52056,cents per kilowatt-hour,million kilowatt hours,2001,4
CO,Colorado,RES,residential,7.46,997.27466,cents per kilowatt-hour,million kilowatt hours,2001,4
IL,Illinois,COM,commercial,7.02,3074.23436,cents per kilowatt-hour,million kilowatt hours,2001,4
IL,Illinois,IND,industrial,4.28,3005.14724,cents per kilowatt-hour,million kilowatt hours,2001,4
IL,Illinois,RES,residential,8.81,2760.59273,cents per kilowatt-hour,million kilowatt hours,2001,4
NY,New York,COM,commercial,11.49,4650.16586,cents per kilowatt-hour,million kilowatt hours,2001,4
NY,New York,IND,industrial,5.59,2052.815,cents per kilowatt-hour,million kilowatt hours,2001,4
NY,New York,RES,residential,13.44,3251.18097,cents per kilowatt-hour,million kilowatt hours,2001,4
TX,Texas,COM,commercial,7.83,6296.60009,cents per kilowatt-hour,million kilowatt hours,2001,4
TX,Texas,IND,industrial,5.1,8229.20821,cents per kilowatt-hour,million kilowatt hours,2001,4
TX,Texas,RES,residential,8.52,7033.39725,cents per kilowatt-hour,million kilowatt hours,2001,4
CA,California,COM,commercial,10.71,8008.68963,cents per kilowatt-hour,million kilowatt hours,2001,3
CA,California,IND,industrial,7.7,5914.54295,cents per kilowatt-hour,million kilowatt hours,2001,3
CA,California,RES,residential,11.29,6527.29022,cents per kilowatt-hour,million kilowatt hours,2001,3
CO,Colorado,COM,commercial,5.28,1404.33802,cents per kilowatt-hour,million kilowatt hours,2001,3
CO,Colorado,IND,industrial,4.24,880.31525,cents per kilowatt-hour,million kilowatt hours,2001,3
CO,Colorado,RES,residential,7.03,1159.50126,cents per kilowatt-hour,million kilowatt hours,2001,3
IL,Illinois,COM,commercial,6.85,3352.0448,cents per kilowatt-hour,million kilowatt hours,2001,3
IL,Illinois,IND,industrial,4.3,3299.86041,cents per kilowatt-hour,million kilowatt hours,2001,3
IL,Illinois,RES,residential,8.33,3226.525,cents per kilowatt-hour,million kilowatt hours,2001,3
NY,New York,COM,commercial,12.09,4849.45386,cents per kilowatt-hour,million kilowatt hours,2001,3
NY,New York,IND,industrial,5.36,2128.75192,cents per kilowatt-hour,million kilowatt hours,2001,3
NY,New York,RES,residential,13.58,3682.95767,cents per kilowatt-hour,million kilowatt hours,2001,3
TX,Texas,COM,commercial,7.83,6120.02136,cents per kilowatt-hour,million kilowatt hours,2001,3
TX,Texas,IND,industrial,5.1,7947.38385,cents per kilowatt-hour,million kilowatt hours,2001,3
TX,Texas,RES,residential,8.39,7293.28113,cents per kilowatt-hour,million kilowatt hours,2001,3
CA,California,COM,commercial,10.01,6637.41325,cents per kilowatt-hour,million kilowatt hours,2001,2
CA,California,IND,industrial,7.7,4715.79261,cents per kilowatt-hour,million kilowatt hours,2001,2
CA,California,RES,residential,11.14,6126.17336,cents per kilowatt-hour,million kilowatt hours,2001,2
CO,Colorado,COM,commercial,5.49,1335.39267,cents per kilowatt-hour,million kilowatt hours,2001,2
CO,Colorado,IND,industrial,4.22,846.07664,cents per kilowatt-hour,million kilowatt hours,2001,2
CO,Colorado,RES,residential,7.15,1158.03618,cents per kilowatt-hour,million kilowatt hours,2001,2
IL,Illinois,COM,commercial,6.64,3564.13789,cents per kilowatt-hour,million kilowatt hours,2001,2
IL,Illinois,IND,industrial,3.9,3899.63349,cents per kilowatt-hour,million kilowatt hours,2001,2
IL,Illinois,RES,residential,8.25,3346.87591,cents per kilowatt-hour,million kilowatt hours,2001,2
NY,New York,COM,commercial,12.31,4835.57347,cents per kilowatt-hour,million kilowatt hours,2001,2
NY,New York,IND,industrial,5.72,2331.43616,cents per kilowatt-hour,million kilowatt hours,2001,2
NY,New York,RES,residential,13.93,3701.67426,cents per kilowatt-hour,million kilowatt hours,2001,2
TX,Texas,COM,commercial,7.61,6321.75567,cents per kilowatt-hour,million kilowatt hours,2001,2
TX,Texas,IND,industrial,5.11,8042.37599,cents per kilowatt-hour,million kilowatt hours,2001,2
TX,Texas,RES,residential,8.02,8755.30975,cents per kilowatt-hour,million kilowatt hours,2001,2
CA,California,COM,commercial,9.28,7765.88946,cents per kilowatt-hour,million kilowatt hours,2001,1
CA,California,IND,industrial,5.75,5815.77103,cents per kilowatt-hour,million kilowatt hours,2001,1
CA,California,RES,residential,10.89,7235.93425,cents per kilowatt-hour,million kilowatt hours,2001,1
CO,Colorado,COM,commercial,5.16,1476.36297,cents per kilowatt-hour,million kilowatt hours,2001,1
CO,Colorado,IND,industrial,4.19,893.35567,cents per kilowatt-hour,million kilowatt hours,2001,1
CO,Colorado,RES,residential,6.71,1421.03141,cents per kilowatt-hour,million kilowatt hours,2001,1
IL,Illinois,COM,commercial,5.81,3692.91148,cents per kilowatt-hour,million kilowatt hours,2001,1
IL,Illinois,IND,industrial,4.03,3489.34187,cents per kilowatt-hour,million kilowatt hours,2001,1
IL,Illinois,RES,residential,7.53,4276.21487,cents per kilowatt-hour,million kilowatt hours,2001,1
NY,New York,COM,commercial,12.7,5313.36091,cents per kilowatt-hour,million kilowatt hours,2001,1
NY,New York,IND,industrial,5.5,2041.3948,cents per kilowatt-hour,million kilowatt hours,2001,1
NY,New York,RES,residential,13.89,4175.33424,cents per kilowatt-hour,million kilowatt hours,2001,1
TX,Texas,COM,commercial,7.65,7026.81769,cents per kilowatt-hour,million kilowatt hours,2001,1
TX,Texas,IND,industrial,5.12,7969.00543,cents per kilowatt-hour,million kilowatt hours,2001,1
TX,Texas,RES,residential,7.68,11438.5699,cents per kilowatt-hour,million kilowatt hours,2001,1
