location,statedescription,sectorid,sectordescription,fueltypeid,fueltypedescription,generation,generation-units,year,month
CA,California,1,Electric Utility,ALL,all fuels,4706.16589,thousand megawatthours,2026,3
CA,California,1,Electric Utility,AOR,all renewables,149.58491,thousand megawatthours,2026,3
CA,California,1,Electric Utility,BIO,biomass,6.14616,thousand megawatthours,2026,3
CA,California,1,Electric Utility,DFO,distillate fuel oil,2.5332,thousand megawatthours,2026,3
CA,California,1,Electric Utility,DPV,estimated small scale solar photovoltaic,0.0,thousand megawatthours,2026,3
CA,California,1,Electric Utility,FOS,fossil fuels,1013.37056,thousand megawatthours,2026,3
CA,California,1,Electric Utility,GEO,geothermal,41.77,thousand megawatthours,2026,3
CA,California,1,Electric Utility,HPS,hydro-electric pumped storage,-83.605,thousand megawatthours,2026,3
CA,California,1,Electric Utility,HYC,conventional hydroelectric,2063.92843,thousand megawatthours,2026,3
CA,California,1,Electric Utility,LFG,landfill gas,,thousand megawatthours,2026,3
CA,California,1,Electric Utility,MLG,municiapl landfill gas,,thousand megawatthours,2026,3
CA,California,1,Electric Utility,NG,natural gas,1010.72336,thousand megawatthours,2026,3
CA,California,1,Electric Utility,NGO,natural gas & other gases,1010.72336,thousand megawatthours,2026,3
CA,California,1,Electric Utility,NUC,nuclear,1569.155,thousand megawatthours,2026,3
CA,California,1,Electric Utility,OB2,biomass,5.97687,thousand megawatthours,2026,3
CA,California,1,Electric Utility,OBW,biomass,5.97687,thousand megawatthours,2026,3
CA,California,1,Electric Utility,OOG,other gases,0.0,thousand megawatthours,2026,3
CA,California,1,Electric Utility,ORW,other renewables,5.97687,thousand megawatthours,2026,3
CA,California,1,Electric Utility,OTH,other,-6.268,thousand megawatthours,2026,3
CA,California,1,Electric Utility,PEL,petroleum liquids,2.6472,thousand megawatthours,2026,3
CA,California,1,Electric Utility,PET,petroleum,2.6472,thousand megawatthours,2026,3
CA,California,1,Electric Utility,REN,renewable,2213.51334,thousand megawatthours,2026,3
CA,California,1,Electric Utility,RFO,residual fuel oil,0.0,thousand megawatthours,2026,3
CA,California,1,Electric Utility,SPV,solar photovoltaic,33.58198,thousand megawatthours,2026,3
CA,California,1,Electric Utility,SUN,solar,33.58198,thousand megawatthours,2026,3
CA,California,1,Electric Utility,TPV,estimated total solar photovoltaic,33.58198,thousand megawatthours,2026,3
CA,California,1,Electric Utility,TSN,estimated total solar,33.58198,thousand megawatthours,2026,3
CA,California,1,Electric Utility,WAS,renewable waste products,6.14616,thousand megawatthours,2026,3
CA,California,1,Electric Utility,WND,wind,68.08677,thousand megawatthours,2026,3
CA,California,1,Electric Utility,WNT,onshore wind turbine,68.08677,thousand megawatthours,2026,3
CA,California,1,Electric Utility,WOO,waste oil and other oils,0.114,thousand megawatthours,2026,3
CO,Colorado,1,Electric Utility,ALL,all fuels,2482.51761,thousand megawatthours,2026,3
CO,Colorado,1,Electric Utility,AOR,all renewables,540.22994,thousand megawatthours,2026,3
CO,Colorado,1,Electric Utility,BIS,bituminous coal and synthetic coal,61.02914,thousand megawatthours,2026,3
CO,Colorado,1,Electric Utility,BIT,bituminous coal,61.02914,thousand megawatthours,2026,3
CO,Colorado,1,Electric Utility,COL,"coal, excluding waste coal",325.26947,thousand megawatthours,2026,3
CO,Colorado,1,Electric Utility,COW,all coal products,325.26947,thousand megawatthours,2026,3
CO,Colorado,1,Electric Utility,DFO,distillate fuel oil,,thousand megawatthours,2026,3
CO,Colorado,1,Electric Utility,DPV,estimated small scale solar photovoltaic,0.0,thousand megawatthours,2026,3
CO,Colorado,1,Electric Utility,FOS,fossil fuels,1762.33829,thousand megawatthours,2026,3
CO,Colorado,1,Electric Utility,HPS,hydro-electric pumped storage,11.331,thousand megawatthours,2026,3
CO,Colorado,1,Electric Utility,HYC,conventional hydroelectric,168.62539,thousand megawatthours,2026,3
CO,Colorado,1,Electric Utility,NG,natural gas,1434.56087,thousand megawatthours,2026,3
CO,Colorado,1,Electric Utility,NGO,natural gas & other gases,1434.56087,thousand megawatthours,2026,3
CO,Colorado,1,Electric Utility,OTH,other,-0.007,thousand megawatthours,2026,3
CO,Colorado,1,Electric Utility,PEL,petroleum liquids,,thousand megawatthours,2026,3
CO,Colorado,1,Electric Utility,PET,petroleum,,thousand megawatthours,2026,3
CO,Colorado,1,Electric Utility,REN,renewable,708.85533,thousand megawatthours,2026,3
CO,Colorado,1,Electric Utility,SPV,solar photovoltaic,132.28065,thousand megawatthours,2026,3
CO,Colorado,1,Electric Utility,SUB,subbituminous coal,264.24033,thousand megawatthours,2026,3
CO,Colorado,1,Electric Utility,SUN,solar,132.28065,thousand megawatthours,2026,3
CO,Colorado,1,Electric Utility,TPV,estimated total solar photovoltaic,132.28065,thousand megawatthours,2026,3
CO,Colorado,1,Electric Utility,TSN,estimated total solar,132.28065,thousand megawatthours,2026,3
CO,Colorado,1,Electric Utility,WND,wind,407.94929,thousand megawatthours,2026,3
CO,Colorado,1,Electric Utility,WNT,onshore wind turbine,407.94929,thousand megawatthours,2026,3
IL,Illinois,1,Electric Utility,ALL,all fuels,549.34606,thousand megawatthours,2026,3
IL,Illinois,1,Electric Utility,AOR,all renewables,115.82781,thousand megawatthours,2026,3
IL,Illinois,1,Electric Utility,BIO,biomass,7.93715,thousand megawatthours,2026,3
IL,Illinois,1,Electric Utility,BIS,bituminous coal and synthetic coal,127.96133,thousand megawatthours,2026,3
IL,Illinois,1,Electric Utility,BIT,bituminous coal,127.96133,thousand megawatthours,2026,3
IL,Illinois,1,Electric Utility,COL,"coal, excluding waste coal",127.96133,thousand megawatthours,2026,3
IL,Illinois,1,Electric Utility,COW,all coal products,127.96133,thousand megawatthours,2026,3
IL,Illinois,1,Electric Utility,DFO,distillate fuel oil,0.56313,thousand megawatthours,2026,3
IL,Illinois,1,Electric Utility,DPV,estimated small scale solar photovoltaic,0.0,thousand megawatthours,2026,3
IL,Illinois,1,Electric Utility,FOS,fossil fuels,429.13556,thousand megawatthours,2026,3
IL,Illinois,1,Electric Utility,HYC,conventional hydroelectric,,thousand megawatthours,2026,3
IL,Illinois,1,Electric Utility,LFG,landfill gas,7.93715,thousand megawatthours,2026,3
IL,Illinois,1,Electric Utility,MLG,municiapl landfill gas,7.93715,thousand megawatthours,2026,3
IL,Illinois,1,Electric Utility,NG,natural gas,300.6111,thousand megawatthours,2026,3
IL,Illinois,1,Electric Utility,NGO,natural gas & other gases,300.6111,thousand megawatthours,2026,3
IL,Illinois,1,Electric Utility,OTH,other,0.0,thousand megawatthours,2026,3
IL,Illinois,1,Electric Utility,PC,petroleum coke,0.0,thousand megawatthours,2026,3
IL,Illinois,1,Electric Utility,PEL,petroleum liquids,0.56313,thousand megawatthours,2026,3
IL,Illinois,1,Electric Utility,PET,petroleum,0.56313,thousand megawatthours,2026,3
IL,Illinois,1,Electric Utility,REN,renewable,120.2105,thousand megawatthours,2026,3
IL,Illinois,1,Electric Utility,SPV,solar photovoltaic,39.29724,thousand megawatthours,2026,3
IL,Illinois,1,Electric Utility,SUB,subbituminous coal,0.0,thousand megawatthours,2026,3
IL,Illinois,1,Electric Utility,SUN,solar,39.29724,thousand megawatthours,2026,3
IL,Illinois,1,Electric Utility,TPV,estimated total solar photovoltaic,39.29724,thousand megawatthours,2026,3
IL,Illinois,1,Electric Utility,TSN,estimated total solar,39.29724,thousand megawatthours,2026,3
IL,Illinois,1,Electric Utility,WAS,renewable waste products,7.93715,thousand megawatthours,2026,3
IL,Illinois,1,Electric Utility,WND,wind,68.59342,thousand megawatthours,2026,3
IL,Illinois,1,Electric Utility,WNT,onshore wind turbine,68.59342,thousand megawatthours,2026,3
IL,Illinois,1,Electric Utility,WOO,waste oil and other oils,0.0,thousand megawatthours,2026,3
NY,New York,1,Electric Utility,ALL,all fuels,2508.49478,thousand megawatthours,2026,3
NY,New York,1,Electric Utility,BIS,bituminous coal and synthetic coal,0.0,thousand megawatthours,2026,3
NY,New York,1,Electric Utility,BIT,bituminous coal,0.0,thousand megawatthours,2026,3
NY,New York,1,Electric Utility,COL,"coal, excluding waste coal",0.0,thousand megawatthours,2026,3
NY,New York,1,Electric Utility,COW,all coal products,0.0,thousand megawatthours,2026,3
NY,New York,1,Electric Utility,DFO,distillate fuel oil,2.26191,thousand megawatthours,2026,3
NY,New York,1,Electric Utility,DPV,estimated small scale solar photovoltaic,0.0,thousand megawatthours,2026,3
NY,New York,1,Electric Utility,FOS,fossil fuels,690.20082,thousand megawatthours,2026,3
NY,New York,1,Electric Utility,HPS,hydro-electric pumped storage,-40.238,thousand megawatthours,2026,3
NY,New York,1,Electric Utility,HYC,conventional hydroelectric,1858.53196,thousand megawatthours,2026,3
NY,New York,1,Electric Utility,NG,natural gas,686.85064,thousand megawatthours,2026,3
NY,New York,1,Electric Utility,NGO,natural gas & other gases,686.85064,thousand megawatthours,2026,3
NY,New York,1,Electric Utility,OTH,other,0.0,thousand megawatthours,2026,3
NY,New York,1,Electric Utility,PEL,petroleum liquids,3.35017,thousand megawatthours,2026,3
NY,New York,1,Electric Utility,PET,petroleum,3.35017,thousand megawatthours,2026,3
NY,New York,1,Electric Utility,REN,renewable,1858.53196,thousand megawatthours,2026,3
NY,New York,1,Electric Utility,RFO,residual fuel oil,0.0,thousand megawatthours,2026,3
NY,New York,1,Electric Utility,TPV,estimated total solar photovoltaic,0.0,thousand megawatthours,2026,3
NY,New York,1,Electric Utility,TSN,estimated total solar,0.0,thousand megawatthours,2026,3
NY,New York,1,Electric Utility,WOO,waste oil and other oils,,thousand megawatthours,2026,3
TX,Texas,1,Electric Utility,ALL,all fuels,6060.15655,thousand megawatthours,2026,3
TX,Texas,1,Electric Utility,AOR,all renewables,368.24028,thousand megawatthours,2026,3
TX,Texas,1,Electric Utility,BIO,biomass,25.565,thousand megawatthours,2026,3
TX,Texas,1,Electric Utility,COL,"coal, excluding waste coal",1404.0803,thousand megawatthours,2026,3
TX,Texas,1,Electric Utility,COW,all coal products,1404.0803,thousand megawatthours,2026,3
TX,Texas,1,Electric Utility,DFO,distillate fuel oil,3.30478,thousand megawatthours,2026,3
TX,Texas,1,Electric Utility,DPV,estimated small scale solar photovoltaic,0.0,thousand megawatthours,2026,3
TX,Texas,1,Electric Utility,FOS,fossil fuels,5569.39131,thousand megawatthours,2026,3
TX,Texas,1,Electric Utility,HYC,conventional hydroelectric,122.60497,thousand megawatthours,2026,3
TX,Texas,1,Electric Utility,LIG,lignite coal,0.0,thousand megawatthours,2026,3
TX,Texas,1,Electric Utility,NG,natural gas,4162.00623,thousand megawatthours,2026,3
TX,Texas,1,Electric Utility,NGO,natural gas & other gases,4162.00623,thousand megawatthours,2026,3
TX,Texas,1,Electric Utility,OB2,biomass,0.0,thousand megawatthours,2026,3
TX,Texas,1,Electric Utility,OBW,biomass,0.0,thousand megawatthours,2026,3
TX,Texas,1,Electric Utility,ORW,other renewables,0.0,thousand megawatthours,2026,3
TX,Texas,1,Electric Utility,OTH,other,-0.08,thousand megawatthours,2026,3
TX,Texas,1,Electric Utility,PEL,petroleum liquids,3.30478,thousand megawatthours,2026,3
TX,Texas,1,Electric Utility,PET,petroleum,3.30478,thousand megawatthours,2026,3
TX,Texas,1,Electric Utility,RC,refined coal,0.0,thousand megawatthours,2026,3
TX,Texas,1,Electric Utility,REN,renewable,490.84524,thousand megawatthours,2026,3
TX,Texas,1,Electric Utility,RFO,residual fuel oil,0.0,thousand megawatthours,2026,3
TX,Texas,1,Electric Utility,SPV,solar photovoltaic,40.17921,thousand megawatthours,2026,3
TX,Texas,1,Electric Utility,SUB,subbituminous coal,1404.0803,thousand megawatthours,2026,3
TX,Texas,1,Electric Utility,SUN,solar,40.17921,thousand megawatthours,2026,3
TX,Texas,1,Electric Utility,TPV,estimated total solar photovoltaic,40.17921,thousand megawatthours,2026,3
TX,Texas,1,Electric Utility,TSN,estimated total solar,40.17921,thousand megawatthours,2026,3
TX,Texas,1,Electric Utility,WAS,renewable waste products,0.0,thousand megawatthours,2026,3
TX,Texas,1,Electric Utility,WND,wind,302.49607,thousand megawatthours,2026,3
TX,Texas,1,Electric Utility,WNT,onshore wind turbine,302.49607,thousand megawatthours,2026,3
TX,Texas,1,Electric Utility,WOO,waste oil and other oils,0.0,thousand megawatthours,2026,3
TX,Texas,1,Electric Utility,WWW,wood and wood wastes,25.565,thousand megawatthours,2026,3
CA,California,1,Electric Utility,ALL,all fuels,4515.21366,thousand megawatthours,2026,2
CA,California,1,Electric Utility,AOR,all renewables,115.07205,thousand megawatthours,2026,2
CA,California,1,Electric Utility,BIO,biomass,4.15794,thousand megawatthours,2026,2
CA,California,1,Electric Utility,DFO,distillate fuel oil,2.1734,thousand megawatthours,2026,2
CA,California,1,Electric Utility,DPV,estimated small scale solar photovoltaic,0.0,thousand megawatthours,2026,2
CA,California,1,Electric Utility,FOS,fossil fuels,1239.90311,thousand megawatthours,2026,2
CA,California,1,Electric Utility,GEO,geothermal,52.65,thousand megawatthours,2026,2
CA,California,1,Electric Utility,HPS,hydro-electric pumped storage,-79.283,thousand megawatthours,2026,2
CA,California,1,Electric Utility,HYC,conventional hydroelectric,1779.2065,thousand megawatthours,2026,2
CA,California,1,Electric Utility,LFG,landfill gas,,thousand megawatthours,2026,2
CA,California,1,Electric Utility,MLG,municiapl landfill gas,,thousand megawatthours,2026,2
CA,California,1,Electric Utility,NG,natural gas,1237.62171,thousand megawatthours,2026,2
CA,California,1,Electric Utility,NGO,natural gas & other gases,1237.62171,thousand megawatthours,2026,2
CA,California,1,Electric Utility,NUC,nuclear,1468.18,thousand megawatthours,2026,2
CA,California,1,Electric Utility,OB2,biomass,3.9954,thousand megawatthours,2026,2
CA,California,1,Electric Utility,OBW,biomass,3.9954,thousand megawatthours,2026,2
CA,California,1,Electric Utility,OOG,other gases,0.0,thousand megawatthours,2026,2
CA,California,1,Electric Utility,ORW,other renewables,3.9954,thousand megawatthours,2026,2
CA,California,1,Electric Utility,OTH,other,-7.865,thousand megawatthours,2026,2
CA,California,1,Electric Utility,PEL,petroleum liquids,2.2814,thousand megawatthours,2026,2
CA,California,1,Electric Utility,PET,petroleum,2.2814,thousand megawatthours,2026,2
CA,California,1,Electric Utility,REN,renewable,1894.27855,thousand megawatthours,2026,2
CA,California,1,Electric Utility,RFO,residual fuel oil,0.0,thousand megawatthours,2026,2
CA,California,1,Electric Utility,SPV,solar photovoltaic,24.81226,thousand megawatthours,2026,2
CA,California,1,Electric Utility,SUN,solar,24.81226,thousand megawatthours,2026,2
CA,California,1,Electric Utility,TPV,estimated total solar photovoltaic,24.81226,thousand megawatthours,2026,2
CA,California,1,Electric Utility,TSN,estimated total solar,24.81226,thousand megawatthours,2026,2
CA,California,1,Electric Utility,WAS,renewable waste products,4.15794,thousand megawatthours,2026,2
CA,California,1,Electric Utility,WND,wind,33.45186,thousand megawatthours,2026,2
CA,California,1,Electric Utility,WNT,onshore wind turbine,33.45186,thousand megawatthours,2026,2
CA,California,1,Electric Utility,WOO,waste oil and other oils,0.108,thousand megawatthours,2026,2
CO,Colorado,1,Electric Utility,ALL,all fuels,2518.88065,thousand megawatthours,2026,2
CO,Colorado,1,Electric Utility,AOR,all renewables,447.45744,thousand megawatthours,2026,2
CO,Colorado,1,Electric Utility,BIS,bituminous coal and synthetic coal,-4.27815,thousand megawatthours,2026,2
CO,Colorado,1,Electric Utility,BIT,bituminous coal,-4.27815,thousand megawatthours,2026,2
CO,Colorado,1,Electric Utility,COL,"coal, excluding waste coal",579.63526,thousand megawatthours,2026,2
CO,Colorado,1,Electric Utility,COW,all coal products,579.63526,thousand megawatthours,2026,2
CO,Colorado,1,Electric Utility,DFO,distillate fuel oil,,thousand megawatthours,2026,2
CO,Colorado,1,Electric Utility,DPV,estimated small scale solar photovoltaic,0.0,thousand megawatthours,2026,2
CO,Colorado,1,Electric Utility,FOS,fossil fuels,1898.34635,thousand megawatthours,2026,2
CO,Colorado,1,Electric Utility,HPS,hydro-electric pumped storage,6.238,thousand megawatthours,2026,2
CO,Colorado,1,Electric Utility,HYC,conventional hydroelectric,166.85186,thousand megawatthours,2026,2
CO,Colorado,1,Electric Utility,NG,natural gas,1316.97811,thousand megawatthours,2026,2
CO,Colorado,1,Electric Utility,NGO,natural gas & other gases,1316.97811,thousand megawatthours,2026,2
CO,Colorado,1,Electric Utility,OTH,other,-0.013,thousand megawatthours,2026,2
CO,Colorado,1,Electric Utility,PEL,petroleum liquids,,thousand megawatthours,2026,2
CO,Colorado,1,Electric Utility,PET,petroleum,,thousand megawatthours,2026,2
CO,Colorado,1,Electric Utility,REN,renewable,614.3093,thousand megawatthours,2026,2
CO,Colorado,1,Electric Utility,SPV,solar photovoltaic,90.07312,thousand megawatthours,2026,2
CO,Colorado,1,Electric Utility,SUB,subbituminous coal,583.9134,thousand megawatthours,2026,2
CO,Colorado,1,Electric Utility,SUN,solar,90.07312,thousand megawatthours,2026,2
CO,Colorado,1,Electric Utility,TPV,estimated total solar photovoltaic,90.07312,thousand megawatthours,2026,2
CO,Colorado,1,Electric Utility,TSN,estimated total solar,90.07312,thousand megawatthours,2026,2
CO,Colorado,1,Electric Utility,WND,wind,357.38432,thousand megawatthours,2026,2
CO,Colorado,1,Electric Utility,WNT,onshore wind turbine,357.38432,thousand megawatthours,2026,2
IL,Illinois,1,Electric Utility,ALL,all fuels,608.16474,thousand megawatthours,2026,2
IL,Illinois,1,Electric Utility,AOR,all renewables,116.29539,thousand megawatthours,2026,2
IL,Illinois,1,Electric Utility,BIO,biomass,7.64488,thousand megawatthours,2026,2
IL,Illinois,1,Electric Utility,BIS,bituminous coal and synthetic coal,119.50679,thousand megawatthours,2026,2
IL,Illinois,1,Electric Utility,BIT,bituminous coal,119.50679,thousand megawatthours,2026,2
IL,Illinois,1,Electric Utility,COL,"coal, excluding waste coal",119.50679,thousand megawatthours,2026,2
IL,Illinois,1,Electric Utility,COW,all coal products,119.50679,thousand megawatthours,2026,2
IL,Illinois,1,Electric Utility,DFO,distillate fuel oil,,thousand megawatthours,2026,2
IL,Illinois,1,Electric Utility,DPV,estimated small scale solar photovoltaic,0.0,thousand megawatthours,2026,2
IL,Illinois,1,Electric Utility,FOS,fossil fuels,488.17606,thousand megawatthours,2026,2
IL,Illinois,1,Electric Utility,HYC,conventional hydroelectric,3.69328,thousand megawatthours,2026,2
IL,Illinois,1,Electric Utility,LFG,landfill gas,7.64488,thousand megawatthours,2026,2
IL,Illinois,1,Electric Utility,MLG,municiapl landfill gas,7.64488,thousand megawatthours,2026,2
IL,Illinois,1,Electric Utility,NG,natural gas,367.69671,thousand megawatthours,2026,2
IL,Illinois,1,Electric Utility,NGO,natural gas & other gases,367.69671,thousand megawatthours,2026,2
IL,Illinois,1,Electric Utility,OTH,other,0.0,thousand megawatthours,2026,2
IL,Illinois,1,Electric Utility,PC,petroleum coke,0.0,thousand megawatthours,2026,2
IL,Illinois,1,Electric Utility,PEL,petroleum liquids,,thousand megawatthours,2026,2
IL,Illinois,1,Electric Utility,PET,petroleum,,thousand megawatthours,2026,2
IL,Illinois,1,Electric Utility,REN,renewable,119.98868,thousand megawatthours,2026,2
IL,Illinois,1,Electric Utility,SPV,solar photovoltaic,43.70564,thousand megawatthours,2026,2
IL,Illinois,1,Electric Utility,SUB,subbituminous coal,0.0,thousand megawatthours,2026,2
IL,Illinois,1,Electric Utility,SUN,solar,43.70564,thousand megawatthours,2026,2
IL,Illinois,1,Electric Utility,TPV,estimated total solar photovoltaic,43.70564,thousand megawatthours,2026,2
IL,Illinois,1,Electric Utility,TSN,estimated total solar,43.70564,thousand megawatthours,2026,2
IL,Illinois,1,Electric Utility,WAS,renewable waste products,7.64488,thousand megawatthours,2026,2
IL,Illinois,1,Electric Utility,WND,wind,64.94487,thousand megawatthours,2026,2
IL,Illinois,1,Electric Utility,WNT,onshore wind turbine,64.94487,thousand megawatthours,2026,2
IL,Illinois,1,Electric Utility,WOO,waste oil and other oils,0.0,thousand megawatthours,2026,2
NY,New York,1,Electric Utility,ALL,all fuels,2574.22298,thousand megawatthours,2026,2
NY,New York,1,Electric Utility,BIS,bituminous coal and synthetic coal,0.0,thousand megawatthours,2026,2
NY,New York,1,Electric Utility,BIT,bituminous coal,0.0,thousand megawatthours,2026,2
NY,New York,1,Electric Utility,COL,"coal, excluding waste coal",0.0,thousand megawatthours,2026,2
NY,New York,1,Electric Utility,COW,all coal products,0.0,thousand megawatthours,2026,2
NY,New York,1,Electric Utility,DFO,distillate fuel oil,39.31236,thousand megawatthours,2026,2
NY,New York,1,Electric Utility,DPV,estimated small scale solar photovoltaic,0.0,thousand megawatthours,2026,2
NY,New York,1,Electric Utility,FOS,fossil fuels,1090.15613,thousand megawatthours,2026,2
NY,New York,1,Electric Utility,HPS,hydro-electric pumped storage,-33.637,thousand megawatthours,2026,2
NY,New York,1,Electric Utility,HYC,conventional hydroelectric,1517.70385,thousand megawatthours,2026,2
NY,New York,1,Electric Utility,NG,natural gas,908.60484,thousand megawatthours,2026,2
NY,New York,1,Electric Utility,NGO,natural gas & other gases,908.60484,thousand megawatthours,2026,2
NY,New York,1,Electric Utility,OTH,other,0.0,thousand megawatthours,2026,2
NY,New York,1,Electric Utility,PEL,petroleum liquids,181.55129,thousand megawatthours,2026,2
NY,New York,1,Electric Utility,PET,petroleum,181.55129,thousand megawatthours,2026,2
NY,New York,1,Electric Utility,REN,renewable,1517.70385,thousand megawatthours,2026,2
NY,New York,1,Electric Utility,RFO,residual fuel oil,121.36313,thousand megawatthours,2026,2
NY,New York,1,Electric Utility,TPV,estimated total solar photovoltaic,0.0,thousand megawatthours,2026,2
NY,New York,1,Electric Utility,TSN,estimated total solar,0.0,thousand megawatthours,2026,2
NY,New York,1,Electric Utility,WOO,waste oil and other oils,,thousand megawatthours,2026,2
TX,Texas,1,Electric Utility,ALL,all fuels,6519.87993,thousand megawatthours,2026,2
TX,Texas,1,Electric Utility,AOR,all renewables,310.87843,thousand megawatthours,2026,2
TX,Texas,1,Electric Utility,BIO,biomass,35.871,thousand megawatthours,2026,2
TX,Texas,1,Electric Utility,COL,"coal, excluding waste coal",1672.50335,thousand megawatthours,2026,2
TX,Texas,1,Electric Utility,COW,all coal products,1672.50335,thousand megawatthours,2026,2
TX,Texas,1,Electric Utility,DFO,distillate fuel oil,,thousand megawatthours,2026,2
TX,Texas,1,Electric Utility,DPV,estimated small scale solar photovoltaic,0.0,thousand megawatthours,2026,2
TX,Texas,1,Electric Utility,FOS,fossil fuels,6130.4236,thousand megawatthours,2026,2
TX,Texas,1,Electric Utility,HYC,conventional hydroelectric,78.6419,thousand megawatthours,2026,2
TX,Texas,1,Electric Utility,LIG,lignite coal,160.16256,thousand megawatthours,2026,2
TX,Texas,1,Electric Utility,NG,natural gas,4455.69235,thousand megawatthours,2026,2
TX,Texas,1,Electric Utility,NGO,natural gas & other gases,4455.69235,thousand megawatthours,2026,2
TX,Texas,1,Electric Utility,OB2,biomass,0.0,thousand megawatthours,2026,2
TX,Texas,1,Electric Utility,OBW,biomass,0.0,thousand megawatthours,2026,2
TX,Texas,1,Electric Utility,ORW,other renewables,0.0,thousand megawatthours,2026,2
TX,Texas,1,Electric Utility,OTH,other,-0.064,thousand megawatthours,2026,2
TX,Texas,1,Electric Utility,PEL,petroleum liquids,,thousand megawatthours,2026,2
TX,Texas,1,Electric Utility,PET,petroleum,,thousand megawatthours,2026,2
TX,Texas,1,Electric Utility,RC,refined coal,0.0,thousand megawatthours,2026,2
TX,Texas,1,Electric Utility,REN,renewable,389.52033,thousand megawatthours,2026,2
TX,Texas,1,Electric Utility,RFO,residual fuel oil,0.0,thousand megawatthours,2026,2
TX,Texas,1,Electric Utility,SPV,solar photovoltaic,30.97965,thousand megawatthours,2026,2
TX,Texas,1,Electric Utility,SUB,subbituminous coal,1512.34079,thousand megawatthours,2026,2
TX,Texas,1,Electric Utility,SUN,solar,30.97965,thousand megawatthours,2026,2
TX,Texas,1,Electric Utility,TPV,estimated total solar photovoltaic,30.97965,thousand megawatthours,2026,2
TX,Texas,1,Electric Utility,TSN,estimated total solar,30.97965,thousand megawatthours,2026,2
TX,Texas,1,Electric Utility,WAS,renewable waste products,0.0,thousand megawatthours,2026,2
TX,Texas,1,Electric Utility,WND,wind,244.02778,thousand megawatthours,2026,2
TX,Texas,1,Electric Utility,WNT,onshore wind turbine,244.02778,thousand megawatthours,2026,2
TX,Texas,1,Electric Utility,WOO,waste oil and other oils,0.0,thousand megawatthours,2026,2
TX,Texas,1,Electric Utility,WWW,wood and wood wastes,35.871,thousand megawatthours,2026,2
CA,California,1,Electric Utility,ALL,all fuels,5566.08208,thousand megawatthours,2026,1
CA,California,1,Electric Utility,AOR,all renewables,109.98134,thousand megawatthours,2026,1
CA,California,1,Electric Utility,BIO,biomass,2.11818,thousand megawatthours,2026,1
CA,California,1,Electric Utility,DFO,distillate fuel oil,,thousand megawatthours,2026,1
CA,California,1,Electric Utility,DPV,estimated small scale solar photovoltaic,0.0,thousand megawatthours,2026,1
CA,California,1,Electric Utility,FOS,fossil fuels,1424.56734,thousand megawatthours,2026,1
CA,California,1,Electric Utility,GEO,geothermal,57.259,thousand megawatthours,2026,1
CA,California,1,Electric Utility,HPS,hydro-electric pumped storage,-59.795,thousand megawatthours,2026,1
CA,California,1,Electric Utility,HYC,conventional hydroelectric,2420.81539,thousand megawatthours,2026,1
CA,California,1,Electric Utility,LFG,landfill gas,,thousand megawatthours,2026,1
CA,California,1,Electric Utility,MLG,municiapl landfill gas,,thousand megawatthours,2026,1
CA,California,1,Electric Utility,NG,natural gas,1421.79356,thousand megawatthours,2026,1
CA,California,1,Electric Utility,NGO,natural gas & other gases,1421.79356,thousand megawatthours,2026,1
CA,California,1,Electric Utility,NUC,nuclear,1679.612,thousand megawatthours,2026,1
CA,California,1,Electric Utility,OB2,biomass,1.94754,thousand megawatthours,2026,1
CA,California,1,Electric Utility,OBW,biomass,1.94754,thousand megawatthours,2026,1
CA,California,1,Electric Utility,OOG,other gases,0.0,thousand megawatthours,2026,1
CA,California,1,Electric Utility,ORW,other renewables,1.94754,thousand megawatthours,2026,1
CA,California,1,Electric Utility,OTH,other,-9.099,thousand megawatthours,2026,1
CA,California,1,Electric Utility,PEL,petroleum liquids,,thousand megawatthours,2026,1
CA,California,1,Electric Utility,PET,petroleum,,thousand megawatthours,2026,1
CA,California,1,Electric Utility,REN,renewable,2530.79674,thousand megawatthours,2026,1
CA,California,1,Electric Utility,RFO,residual fuel oil,0.0,thousand megawatthours,2026,1
CA,California,1,Electric Utility,SPV,solar photovoltaic,21.16975,thousand megawatthours,2026,1
CA,California,1,Electric Utility,SUN,solar,21.16975,thousand megawatthours,2026,1
CA,California,1,Electric Utility,TPV,estimated total solar photovoltaic,21.16975,thousand megawatthours,2026,1
CA,California,1,Electric Utility,TSN,estimated total solar,21.16975,thousand megawatthours,2026,1
CA,California,1,Electric Utility,WAS,renewable waste products,2.11818,thousand megawatthours,2026,1
CA,California,1,Electric Utility,WND,wind,29.43441,thousand megawatthours,2026,1
CA,California,1,Electric Utility,WNT,onshore wind turbine,29.43441,thousand megawatthours,2026,1
CA,California,1,Electric Utility,WOO,waste oil and other oils,0.097,thousand megawatthours,2026,1
CO,Colorado,1,Electric Utility,ALL,all fuels,2885.08099,thousand megawatthours,2026,1
CO,Colorado,1,Electric Utility,AOR,all renewables,438.12399,thousand megawatthours,2026,1
CO,Colorado,1,Electric Utility,BIS,bituminous coal and synthetic coal,-4.27815,thousand megawatthours,2026,1
CO,Colorado,1,Electric Utility,BIT,bituminous coal,-4.27815,thousand megawatthours,2026,1
CO,Colorado,1,Electric Utility,COL,"coal, excluding waste coal",738.03915,thousand megawatthours,2026,1
CO,Colorado,1,Electric Utility,COW,all coal products,738.03915,thousand megawatthours,2026,1
CO,Colorado,1,Electric Utility,DFO,distillate fuel oil,,thousand megawatthours,2026,1
CO,Colorado,1,Electric Utility,DPV,estimated small scale solar photovoltaic,0.0,thousand megawatthours,2026,1
CO,Colorado,1,Electric Utility,FOS,fossil fuels,2234.57757,thousand megawatthours,2026,1
CO,Colorado,1,Electric Utility,HPS,hydro-electric pumped storage,7.846,thousand megawatthours,2026,1
CO,Colorado,1,Electric Utility,HYC,conventional hydroelectric,204.54242,thousand megawatthours,2026,1
CO,Colorado,1,Electric Utility,NG,natural gas,1493.33118,thousand megawatthours,2026,1
CO,Colorado,1,Electric Utility,NGO,natural gas & other gases,1493.33118,thousand megawatthours,2026,1
CO,Colorado,1,Electric Utility,OTH,other,-0.009,thousand megawatthours,2026,1
CO,Colorado,1,Electric Utility,PEL,petroleum liquids,,thousand megawatthours,2026,1
CO,Colorado,1,Electric Utility,PET,petroleum,,thousand megawatthours,2026,1
CO,Colorado,1,Electric Utility,REN,renewable,642.66642,thousand megawatthours,2026,1
CO,Colorado,1,Electric Utility,SPV,solar photovoltaic,42.79423,thousand megawatthours,2026,1
CO,Colorado,1,Electric Utility,SUB,subbituminous coal,742.3173,thousand megawatthours,2026,1
CO,Colorado,1,Electric Utility,SUN,solar,42.79423,thousand megawatthours,2026,1
CO,Colorado,1,Electric Utility,TPV,estimated total solar photovoltaic,42.79423,thousand megawatthours,2026,1
CO,Colorado,1,Electric Utility,TSN,estimated total solar,42.79423,thousand megawatthours,2026,1
CO,Colorado,1,Electric Utility,WND,wind,395.32976,thousand megawatthours,2026,1
CO,Colorado,1,Electric Utility,WNT,onshore wind turbine,395.32976,thousand megawatthours,2026,1
IL,Illinois,1,Electric Utility,ALL,all fuels,659.46252,thousand megawatthours,2026,1
IL,Illinois,1,Electric Utility,AOR,all renewables,122.90893,thousand megawatthours,2026,1
IL,Illinois,1,Electric Utility,BIO,biomass,8.10211,thousand megawatthours,2026,1
IL,Illinois,1,Electric Utility,BIS,bituminous coal and synthetic coal,143.96765,thousand megawatthours,2026,1
IL,Illinois,1,Electric Utility,BIT,bituminous coal,143.96765,thousand megawatthours,2026,1
IL,Illinois,1,Electric Utility,COL,"coal, excluding waste coal",143.96765,thousand megawatthours,2026,1
IL,Illinois,1,Electric Utility,COW,all coal products,143.96765,thousand megawatthours,2026,1
IL,Illinois,1,Electric Utility,DFO,distillate fuel oil,,thousand megawatthours,2026,1
IL,Illinois,1,Electric Utility,DPV,estimated small scale solar photovoltaic,0.0,thousand megawatthours,2026,1
IL,Illinois,1,Electric Utility,FOS,fossil fuels,532.80196,thousand megawatthours,2026,1
IL,Illinois,1,Electric Utility,HYC,conventional hydroelectric,,thousand megawatthours,2026,1
IL,Illinois,1,Electric Utility,LFG,landfill gas,8.10211,thousand megawatthours,2026,1
IL,Illinois,1,Electric Utility,MLG,municiapl landfill gas,8.10211,thousand megawatthours,2026,1
IL,Illinois,1,Electric Utility,NG,natural gas,382.41627,thousand megawatthours,2026,1
IL,Illinois,1,Electric Utility,NGO,natural gas & other gases,382.41627,thousand megawatthours,2026,1
IL,Illinois,1,Electric Utility,OTH,other,0.0,thousand megawatthours,2026,1
IL,Illinois,1,Electric Utility,PC,petroleum coke,0.0,thousand megawatthours,2026,1
IL,Illinois,1,Electric Utility,PEL,petroleum liquids,,thousand megawatthours,2026,1
IL,Illinois,1,Electric Utility,PET,petroleum,,thousand megawatthours,2026,1
IL,Illinois,1,Electric Utility,REN,renewable,126.66056,thousand megawatthours,2026,1
IL,Illinois,1,Electric Utility,SPV,solar photovoltaic,36.07008,thousand megawatthours,2026,1
IL,Illinois,1,Electric Utility,SUB,subbituminous coal,0.0,thousand megawatthours,2026,1
IL,Illinois,1,Electric Utility,SUN,solar,36.07008,thousand megawatthours,2026,1
IL,Illinois,1,Electric Utility,TPV,estimated total solar photovoltaic,36.07008,thousand megawatthours,2026,1
IL,Illinois,1,Electric Utility,TSN,estimated total solar,36.07008,thousand megawatthours,2026,1
IL,Illinois,1,Electric Utility,WAS,renewable waste products,8.10211,thousand megawatthours,2026,1
IL,Illinois,1,Electric Utility,WND,wind,78.73674,thousand megawatthours,2026,1
IL,Illinois,1,Electric Utility,WNT,onshore wind turbine,78.73674,thousand megawatthours,2026,1
IL,Illinois,1,Electric Utility,WOO,waste oil and other oils,0.034,thousand megawatthours,2026,1
NY,New York,1,Electric Utility,ALL,all fuels,3075.49279,thousand megawatthours,2026,1
NY,New York,1,Electric Utility,BIS,bituminous coal and synthetic coal,0.0,thousand megawatthours,2026,1
NY,New York,1,Electric Utility,BIT,bituminous coal,0.0,thousand megawatthours,2026,1
NY,New York,1,Electric Utility,COL,"coal, excluding waste coal",0.0,thousand megawatthours,2026,1
NY,New York,1,Electric Utility,COW,all coal products,0.0,thousand megawatthours,2026,1
NY,New York,1,Electric Utility,DFO,distillate fuel oil,109.89638,thousand megawatthours,2026,1
NY,New York,1,Electric Utility,DPV,estimated small scale solar photovoltaic,0.0,thousand megawatthours,2026,1
NY,New York,1,Electric Utility,FOS,fossil fuels,1343.98324,thousand megawatthours,2026,1
NY,New York,1,Electric Utility,HPS,hydro-electric pumped storage,-32.169,thousand megawatthours,2026,1
NY,New York,1,Electric Utility,HYC,conventional hydroelectric,1763.67854,thousand megawatthours,2026,1
NY,New York,1,Electric Utility,NG,natural gas,903.00041,thousand megawatthours,2026,1
NY,New York,1,Electric Utility,NGO,natural gas & other gases,903.00041,thousand megawatthours,2026,1
NY,New York,1,Electric Utility,OTH,other,0.0,thousand megawatthours,2026,1
NY,New York,1,Electric Utility,PEL,petroleum liquids,440.98284,thousand megawatthours,2026,1
NY,New York,1,Electric Utility,PET,petroleum,440.98284,thousand megawatthours,2026,1
NY,New York,1,Electric Utility,REN,renewable,1763.67854,thousand megawatthours,2026,1
NY,New York,1,Electric Utility,RFO,residual fuel oil,271.41615,thousand megawatthours,2026,1
NY,New York,1,Electric Utility,TPV,estimated total solar photovoltaic,0.0,thousand megawatthours,2026,1
NY,New York,1,Electric Utility,TSN,estimated total solar,0.0,thousand megawatthours,2026,1
NY,New York,1,Electric Utility,WOO,waste oil and other oils,,thousand megawatthours,2026,1
TX,Texas,1,Electric Utility,ALL,all fuels,7934.97741,thousand megawatthours,2026,1
TX,Texas,1,Electric Utility,AOR,all renewables,339.55616,thousand megawatthours,2026,1
TX,Texas,1,Electric Utility,BIO,biomass,45.657,thousand megawatthours,2026,1
TX,Texas,1,Electric Utility,COL,"coal, excluding waste coal",2233.70255,thousand megawatthours,2026,1
TX,Texas,1,Electric Utility,COW,all coal products,2233.70255,thousand megawatthours,2026,1
TX,Texas,1,Electric Utility,DFO,distillate fuel oil,,thousand megawatthours,2026,1
TX,Texas,1,Electric Utility,DPV,estimated small scale solar photovoltaic,0.0,thousand megawatthours,2026,1
TX,Texas,1,Electric Utility,FOS,fossil fuels,7509.34357,thousand megawatthours,2026,1
TX,Texas,1,Electric Utility,HYC,conventional hydroelectric,86.18468,thousand megawatthours,2026,1
TX,Texas,1,Electric Utility,LIG,lignite coal,175.68976,thousand megawatthours,2026,1
TX,Texas,1,Electric Utility,NG,natural gas,5262.7101,thousand megawatthours,2026,1
TX,Texas,1,Electric Utility,NGO,natural gas & other gases,5262.7101,thousand megawatthours,2026,1
TX,Texas,1,Electric Utility,OB2,biomass,0.0,thousand megawatthours,2026,1
TX,Texas,1,Electric Utility,OBW,biomass,0.0,thousand megawatthours,2026,1
TX,Texas,1,Electric Utility,ORW,other renewables,0.0,thousand megawatthours,2026,1
TX,Texas,1,Electric Utility,OTH,other,-0.107,thousand megawatthours,2026,1
TX,Texas,1,Electric Utility,PEL,petroleum liquids,,thousand megawatthours,2026,1
TX,Texas,1,Electric Utility,PET,petroleum,,thousand megawatthours,2026,1
TX,Texas,1,Electric Utility,RC,refined coal,0.0,thousand megawatthours,2026,1
TX,Texas,1,Electric Utility,REN,renewable,425.74084,thousand megawatthours,2026,1
TX,Texas,1,Electric Utility,RFO,residual fuel oil,0.0,thousand megawatthours,2026,1
TX,Texas,1,Electric Utility,SPV,solar photovoltaic,27.23028,thousand megawatthours,2026,1
TX,Texas,1,Electric Utility,SUB,subbituminous coal,2058.01279,thousand megawatthours,2026,1
TX,Texas,1,Electric Utility,SUN,solar,27.23028,thousand megawatthours,2026,1
TX,Texas,1,Electric Utility,TPV,estimated total solar photovoltaic,27.23028,thousand megawatthours,2026,1
TX,Texas,1,Electric Utility,TSN,estimated total solar,27.23028,thousand megawatthours,2026,1
TX,Texas,1,Electric Utility,WAS,renewable waste products,0.0,thousand megawatthours,2026,1
TX,Texas,1,Electric Utility,WND,wind,266.66889,thousand megawatthours,2026,1
TX,Texas,1,Electric Utility,WNT,onshore wind turbine,266.66889,thousand megawatthours,2026,1
TX,Texas,1,Electric Utility,WOO,waste oil and other oils,0.0,thousand megawatthours,2026,1
TX,Texas,1,Electric Utility,WWW,wood and wood wastes,45.657,thousand megawatthours,2026,1
CA,California,1,Electric Utility,ALL,all fuels,5311.73119,thousand megawatthours,2025,12
CA,California,1,Electric Utility,AOR,all renewables,106.21161,thousand megawatthours,2025,12
CA,California,1,Electric Utility,BIO,biomass,4.38959,thousand megawatthours,2025,12
CA,California,1,Electric Utility,DFO,distillate fuel oil,2.38759,thousand megawatthours,2025,12
CA,California,1,Electric Utility,DPV,estimated small scale solar photovoltaic,0.0,thousand megawatthours,2025,12
CA,California,1,Electric Utility,FOS,fossil fuels,1927.60917,thousand megawatthours,2025,12
CA,California,1,Electric Utility,GEO,geothermal,55.975,thousand megawatthours,2025,12
CA,California,1,Electric Utility,HPS,hydro-electric pumped storage,2.252,thousand megawatthours,2025,12
CA,California,1,Electric Utility,HYC,conventional hydroelectric,1668.04541,thousand megawatthours,2025,12
CA,California,1,Electric Utility,LFG,landfill gas,,thousand megawatthours,2025,12
CA,California,1,Electric Utility,MLG,municiapl landfill gas,,thousand megawatthours,2025,12
CA,California,1,Electric Utility,NG,natural gas,1925.11457,thousand megawatthours,2025,12
CA,California,1,Electric Utility,NGO,natural gas & other gases,1925.11457,thousand megawatthours,2025,12
CA,California,1,Electric Utility,NUC,nuclear,1615.819,thousand megawatthours,2025,12
CA,California,1,Electric Utility,OB2,biomass,4.21622,thousand megawatthours,2025,12
CA,California,1,Electric Utility,OBW,biomass,4.21622,thousand megawatthours,2025,12
CA,California,1,Electric Utility,OOG,other gases,0.0,thousand megawatthours,2025,12
CA,California,1,Electric Utility,ORW,other renewables,4.21622,thousand megawatthours,2025,12
CA,California,1,Electric Utility,OTH,other,-8.206,thousand megawatthours,2025,12
CA,California,1,Electric Utility,PEL,petroleum liquids,2.49459,thousand megawatthours,2025,12
CA,California,1,Electric Utility,PET,petroleum,2.49459,thousand megawatthours,2025,12
CA,California,1,Electric Utility,REN,renewable,1774.25702,thousand megawatthours,2025,12
CA,California,1,Electric Utility,RFO,residual fuel oil,0.0,thousand megawatthours,2025,12
CA,California,1,Electric Utility,SPV,solar photovoltaic,18.44733,thousand megawatthours,2025,12
CA,California,1,Electric Utility,SUN,solar,18.44733,thousand megawatthours,2025,12
CA,California,1,Electric Utility,TPV,estimated total solar photovoltaic,18.44733,thousand megawatthours,2025,12
CA,California,1,Electric Utility,TSN,estimated total solar,18.44733,thousand megawatthours,2025,12
CA,California,1,Electric Utility,WAS,renewable waste products,4.38959,thousand megawatthours,2025,12
CA,California,1,Electric Utility,WND,wind,27.39969,thousand megawatthours,2025,12
CA,California,1,Electric Utility,WNT,onshore wind turbine,27.39969,thousand megawatthours,2025,12
CA,California,1,Electric Utility,WOO,waste oil and other oils,0.107,thousand megawatthours,2025,12
CO,Colorado,1,Electric Utility,ALL,all fuels,2800.72179,thousand megawatthours,2025,12
CO,Colorado,1,Electric Utility,AOR,all renewables,382.7282,thousand megawatthours,2025,12
CO,Colorado,1,Electric Utility,BIS,bituminous coal and synthetic coal,,thousand megawatthours,2025,12
CO,Colorado,1,Electric Utility,BIT,bituminous coal,,thousand megawatthours,2025,12
CO,Colorado,1,Electric Utility,COL,"coal, excluding waste coal",857.3008,thousand megawatthours,2025,12
CO,Colorado,1,Electric Utility,COW,all coal products,857.3008,thousand megawatthours,2025,12
CO,Colorado,1,Electric Utility,DFO,distillate fuel oil,,thousand megawatthours,2025,12
CO,Colorado,1,Electric Utility,DPV,estimated small scale solar photovoltaic,0.0,thousand megawatthours,2025,12
CO,Colorado,1,Electric Utility,FOS,fossil fuels,2229.83644,thousand megawatthours,2025,12
CO,Colorado,1,Electric Utility,HPS,hydro-electric pumped storage,4.888,thousand megawatthours,2025,12
CO,Colorado,1,Electric Utility,HYC,conventional hydroelectric,183.28515,thousand megawatthours,2025,12
CO,Colorado,1,Electric Utility,NG,natural gas,1369.45182,thousand megawatthours,2025,12
CO,Colorado,1,Electric Utility,NGO,natural gas & other gases,1369.45182,thousand megawatthours,2025,12
CO,Colorado,1,Electric Utility,OTH,other,-0.016,thousand megawatthours,2025,12
CO,Colorado,1,Electric Utility,PEL,petroleum liquids,,thousand megawatthours,2025,12
CO,Colorado,1,Electric Utility,PET,petroleum,,thousand megawatthours,2025,12
CO,Colorado,1,Electric Utility,REN,renewable,566.01335,thousand megawatthours,2025,12
CO,Colorado,1,Electric Utility,SPV,solar photovoltaic,3.93071,thousand megawatthours,2025,12
CO,Colorado,1,Electric Utility,SUB,subbituminous coal,665.77771,thousand megawatthours,2025,12
CO,Colorado,1,Electric Utility,SUN,solar,3.93071,thousand megawatthours,2025,12
CO,Colorado,1,Electric Utility,TPV,estimated total solar photovoltaic,3.93071,thousand megawatthours,2025,12
CO,Colorado,1,Electric Utility,TSN,estimated total solar,3.93071,thousand megawatthours,2025,12
CO,Colorado,1,Electric Utility,WND,wind,378.79749,thousand megawatthours,2025,12
CO,Colorado,1,Electric Utility,WNT,onshore wind turbine,378.79749,thousand megawatthours,2025,12
IL,Illinois,1,Electric Utility,ALL,all fuels,604.14935,thousand megawatthours,2025,12
IL,Illinois,1,Electric Utility,AOR,all renewables,103.89996,thousand megawatthours,2025,12
IL,Illinois,1,Electric Utility,BIO,biomass,8.06279,thousand megawatthours,2025,12
IL,Illinois,1,Electric Utility,BIS,bituminous coal and synthetic coal,172.73173,thousand megawatthours,2025,12
IL,Illinois,1,Electric Utility,BIT,bituminous coal,172.73173,thousand megawatthours,2025,12
IL,Illinois,1,Electric Utility,COL,"coal, excluding waste coal",172.73173,thousand megawatthours,2025,12
IL,Illinois,1,Electric Utility,COW,all coal products,172.73173,thousand megawatthours,2025,12
IL,Illinois,1,Electric Utility,DFO,distillate fuel oil,,thousand megawatthours,2025,12
IL,Illinois,1,Electric Utility,DPV,estimated small scale solar photovoltaic,0.0,thousand megawatthours,2025,12
IL,Illinois,1,Electric Utility,FOS,fossil fuels,497.06333,thousand megawatthours,2025,12
IL,Illinois,1,Electric Utility,HYC,conventional hydroelectric,,thousand megawatthours,2025,12
IL,Illinois,1,Electric Utility,LFG,landfill gas,8.06279,thousand megawatthours,2025,12
IL,Illinois,1,Electric Utility,MLG,municiapl landfill gas,8.06279,thousand megawatthours,2025,12
IL,Illinois,1,Electric Utility,NG,natural gas,323.69027,thousand megawatthours,2025,12
IL,Illinois,1,Electric Utility,NGO,natural gas & other gases,323.69027,thousand megawatthours,2025,12
IL,Illinois,1,Electric Utility,OTH,other,0.0,thousand megawatthours,2025,12
IL,Illinois,1,Electric Utility,PC,petroleum coke,0.0,thousand megawatthours,2025,12
IL,Illinois,1,Electric Utility,PEL,petroleum liquids,,thousand megawatthours,2025,12
IL,Illinois,1,Electric Utility,PET,petroleum,,thousand megawatthours,2025,12
IL,Illinois,1,Electric Utility,REN,renewable,107.08602,thousand megawatthours,2025,12
IL,Illinois,1,Electric Utility,SPV,solar photovoltaic,21.15488,thousand megawatthours,2025,12
IL,Illinois,1,Electric Utility,SUB,subbituminous coal,0.0,thousand megawatthours,2025,12
IL,Illinois,1,Electric Utility,SUN,solar,21.15488,thousand megawatthours,2025,12
IL,Illinois,1,Electric Utility,TPV,estimated total solar photovoltaic,21.15488,thousand megawatthours,2025,12
IL,Illinois,1,Electric Utility,TSN,estimated total solar,21.15488,thousand megawatthours,2025,12
IL,Illinois,1,Electric Utility,WAS,renewable waste products,8.06279,thousand megawatthours,2025,12
IL,Illinois,1,Electric Utility,WND,wind,74.6823,thousand megawatthours,2025,12
IL,Illinois,1,Electric Utility,WNT,onshore wind turbine,74.6823,thousand megawatthours,2025,12
IL,Illinois,1,Electric Utility,WOO,waste oil and other oils,0.0,thousand megawatthours,2025,12
NY,New York,1,Electric Utility,ALL,all fuels,2880.52113,thousand megawatthours,2025,12
NY,New York,1,Electric Utility,BIS,bituminous coal and synthetic coal,0.0,thousand megawatthours,2025,12
NY,New York,1,Electric Utility,BIT,bituminous coal,0.0,thousand megawatthours,2025,12
NY,New York,1,Electric Utility,COL,"coal, excluding waste coal",0.0,thousand megawatthours,2025,12
NY,New York,1,Electric Utility,COW,all coal products,0.0,thousand megawatthours,2025,12
NY,New York,1,Electric Utility,DFO,distillate fuel oil,,thousand megawatthours,2025,12
NY,New York,1,Electric Utility,DPV,estimated small scale solar photovoltaic,0.0,thousand megawatthours,2025,12
NY,New York,1,Electric Utility,FOS,fossil fuels,1050.95175,thousand megawatthours,2025,12
NY,New York,1,Electric Utility,HPS,hydro-electric pumped storage,-41.521,thousand megawatthours,2025,12
NY,New York,1,Electric Utility,HYC,conventional hydroelectric,1871.09038,thousand megawatthours,2025,12
NY,New York,1,Electric Utility,NG,natural gas,826.53722,thousand megawatthours,2025,12
NY,New York,1,Electric Utility,NGO,natural gas & other gases,826.53722,thousand megawatthours,2025,12
NY,New York,1,Electric Utility,OTH,other,0.0,thousand megawatthours,2025,12
NY,New York,1,Electric Utility,PEL,petroleum liquids,224.41454,thousand megawatthours,2025,12
NY,New York,1,Electric Utility,PET,petroleum,224.41454,thousand megawatthours,2025,12
NY,New York,1,Electric Utility,REN,renewable,1871.09038,thousand megawatthours,2025,12
NY,New York,1,Electric Utility,RFO,residual fuel oil,199.09814,thousand megawatthours,2025,12
NY,New York,1,Electric Utility,TPV,estimated total solar photovoltaic,0.0,thousand megawatthours,2025,12
NY,New York,1,Electric Utility,TSN,estimated total solar,0.0,thousand megawatthours,2025,12
NY,New York,1,Electric Utility,WOO,waste oil and other oils,,thousand megawatthours,2025,12
TX,Texas,1,Electric Utility,ALL,all fuels,6574.82968,thousand megawatthours,2025,12
TX,Texas,1,Electric Utility,AOR,all renewables,360.69822,thousand megawatthours,2025,12
TX,Texas,1,Electric Utility,BIO,biomass,45.089,thousand megawatthours,2025,12
TX,Texas,1,Electric Utility,COL,"coal, excluding waste coal",1731.71522,thousand megawatthours,2025,12
TX,Texas,1,Electric Utility,COW,all coal products,1731.71522,thousand megawatthours,2025,12
TX,Texas,1,Electric Utility,DFO,distillate fuel oil,6.82605,thousand megawatthours,2025,12
TX,Texas,1,Electric Utility,DPV,estimated small scale solar photovoltaic,0.0,thousand megawatthours,2025,12
TX,Texas,1,Electric Utility,FOS,fossil fuels,6132.07741,thousand megawatthours,2025,12
TX,Texas,1,Electric Utility,HYC,conventional hydroelectric,82.13205,thousand megawatthours,2025,12
TX,Texas,1,Electric Utility,LIG,lignite coal,106.72731,thousand megawatthours,2025,12
TX,Texas,1,Electric Utility,NG,natural gas,4393.53614,thousand megawatthours,2025,12
TX,Texas,1,Electric Utility,NGO,natural gas & other gases,4393.53614,thousand megawatthours,2025,12
TX,Texas,1,Electric Utility,OB2,biomass,0.0,thousand megawatthours,2025,12
TX,Texas,1,Electric Utility,OBW,biomass,0.0,thousand megawatthours,2025,12
TX,Texas,1,Electric Utility,ORW,other renewables,0.0,thousand megawatthours,2025,12
TX,Texas,1,Electric Utility,OTH,other,-0.078,thousand megawatthours,2025,12
TX,Texas,1,Electric Utility,PEL,petroleum liquids,6.82605,thousand megawatthours,2025,12
TX,Texas,1,Electric Utility,PET,petroleum,6.82605,thousand megawatthours,2025,12
TX,Texas,1,Electric Utility,RC,refined coal,0.0,thousand megawatthours,2025,12
TX,Texas,1,Electric Utility,REN,renewable,442.83027,thousand megawatthours,2025,12
TX,Texas,1,Electric Utility,RFO,residual fuel oil,0.0,thousand megawatthours,2025,12
TX,Texas,1,Electric Utility,SPV,solar photovoltaic,26.15978,thousand megawatthours,2025,12
TX,Texas,1,Electric Utility,SUB,subbituminous coal,1624.98791,thousand megawatthours,2025,12
TX,Texas,1,Electric Utility,SUN,solar,26.15978,thousand megawatthours,2025,12
TX,Texas,1,Electric Utility,TPV,estimated total solar photovoltaic,26.15978,thousand megawatthours,2025,12
TX,Texas,1,Electric Utility,TSN,estimated total solar,26.15978,thousand megawatthours,2025,12
TX,Texas,1,Electric Utility,WAS,renewable waste products,0.0,thousand megawatthours,2025,12
TX,Texas,1,Electric Utility,WND,wind,289.44944,thousand megawatthours,2025,12
TX,Texas,1,Electric Utility,WNT,onshore wind turbine,289.44944,thousand megawatthours,2025,12
TX,Texas,1,Electric Utility,WOO,waste oil and other oils,0.0,thousand megawatthours,2025,12
TX,Texas,1,Electric Utility,WWW,wood and wood wastes,45.089,thousand megawatthours,2025,12
CA,California,1,Electric Utility,ALL,all fuels,5463.54844,thousand megawatthours,2025,11
CA,California,1,Electric Utility,AOR,all renewables,107.91051,thousand megawatthours,2025,11
CA,California,1,Electric Utility,BIO,biomass,4.2703,thousand megawatthours,2025,11
CA,California,1,Electric Utility,DFO,distillate fuel oil,2.42603,thousand megawatthours,2025,11
CA,California,1,Electric Utility,DPV,estimated small scale solar photovoltaic,0.0,thousand megawatthours,2025,11
CA,California,1,Electric Utility,FOS,fossil fuels,2557.96444,thousand megawatthours,2025,11
CA,California,1,Electric Utility,GEO,geothermal,53.883,thousand megawatthours,2025,11
CA,California,1,Electric Utility,HPS,hydro-electric pumped storage,-112.506,thousand megawatthours,2025,11
CA,California,1,Electric Utility,HYC,conventional hydroelectric,1437.5135,thousand megawatthours,2025,11
CA,California,1,Electric Utility,LFG,landfill gas,,thousand megawatthours,2025,11
CA,California,1,Electric Utility,MLG,municiapl landfill gas,,thousand megawatthours,2025,11
CA,California,1,Electric Utility,NG,natural gas,2555.42941,thousand megawatthours,2025,11
CA,California,1,Electric Utility,NGO,natural gas & other gases,2555.42941,thousand megawatthours,2025,11
CA,California,1,Electric Utility,NUC,nuclear,1480.818,thousand megawatthours,2025,11
CA,California,1,Electric Utility,OB2,biomass,4.1048,thousand megawatthours,2025,11
CA,California,1,Electric Utility,OBW,biomass,4.1048,thousand megawatthours,2025,11
CA,California,1,Electric Utility,OOG,other gases,0.0,thousand megawatthours,2025,11
CA,California,1,Electric Utility,ORW,other renewables,4.1048,thousand megawatthours,2025,11
CA,California,1,Electric Utility,OTH,other,-8.152,thousand megawatthours,2025,11
CA,California,1,Electric Utility,PEL,petroleum liquids,2.53503,thousand megawatthours,2025,11
CA,California,1,Electric Utility,PET,petroleum,2.53503,thousand megawatthours,2025,11
CA,California,1,Electric Utility,REN,renewable,1545.424,thousand megawatthours,2025,11
CA,California,1,Electric Utility,RFO,residual fuel oil,0.0,thousand megawatthours,2025,11
CA,California,1,Electric Utility,SPV,solar photovoltaic,24.81729,thousand megawatthours,2025,11
CA,California,1,Electric Utility,SUN,solar,24.81729,thousand megawatthours,2025,11
CA,California,1,Electric Utility,TPV,estimated total solar photovoltaic,24.81729,thousand megawatthours,2025,11
CA,California,1,Electric Utility,TSN,estimated total solar,24.81729,thousand megawatthours,2025,11
CA,California,1,Electric Utility,WAS,renewable waste products,4.2703,thousand megawatthours,2025,11
CA,California,1,Electric Utility,WND,wind,24.93992,thousand megawatthours,2025,11
CA,California,1,Electric Utility,WNT,onshore wind turbine,24.93992,thousand megawatthours,2025,11
CA,California,1,Electric Utility,WOO,waste oil and other oils,0.109,thousand megawatthours,2025,11
CO,Colorado,1,Electric Utility,ALL,all fuels,2612.48875,thousand megawatthours,2025,11
CO,Colorado,1,Electric Utility,AOR,all renewables,353.00547,thousand megawatthours,2025,11
CO,Colorado,1,Electric Utility,BIS,bituminous coal and synthetic coal,208.67714,thousand megawatthours,2025,11
CO,Colorado,1,Electric Utility,BIT,bituminous coal,208.67714,thousand megawatthours,2025,11
CO,Colorado,1,Electric Utility,COL,"coal, excluding waste coal",742.76345,thousand megawatthours,2025,11
CO,Colorado,1,Electric Utility,COW,all coal products,742.76345,thousand megawatthours,2025,11
CO,Colorado,1,Electric Utility,DFO,distillate fuel oil,,thousand megawatthours,2025,11
CO,Colorado,1,Electric Utility,DPV,estimated small scale solar photovoltaic,0.0,thousand megawatthours,2025,11
CO,Colorado,1,Electric Utility,FOS,fossil fuels,2138.94458,thousand megawatthours,2025,11
CO,Colorado,1,Electric Utility,HPS,hydro-electric pumped storage,2.853,thousand megawatthours,2025,11
CO,Colorado,1,Electric Utility,HYC,conventional hydroelectric,117.6977,thousand megawatthours,2025,11
CO,Colorado,1,Electric Utility,NG,natural gas,1393.39182,thousand megawatthours,2025,11
CO,Colorado,1,Electric Utility,NGO,natural gas & other gases,1393.39182,thousand megawatthours,2025,11
CO,Colorado,1,Electric Utility,OTH,other,-0.012,thousand megawatthours,2025,11
CO,Colorado,1,Electric Utility,PEL,petroleum liquids,,thousand megawatthours,2025,11
CO,Colorado,1,Electric Utility,PET,petroleum,,thousand megawatthours,2025,11
CO,Colorado,1,Electric Utility,REN,renewable,470.70316,thousand megawatthours,2025,11
CO,Colorado,1,Electric Utility,SPV,solar photovoltaic,,thousand megawatthours,2025,11
CO,Colorado,1,Electric Utility,SUB,subbituminous coal,534.08632,thousand megawatthours,2025,11
CO,Colorado,1,Electric Utility,SUN,solar,,thousand megawatthours,2025,11
CO,Colorado,1,Electric Utility,TPV,estimated total solar photovoltaic,,thousand megawatthours,2025,11
CO,Colorado,1,Electric Utility,TSN,estimated total solar,,thousand megawatthours,2025,11
CO,Colorado,1,Electric Utility,WND,wind,351.96218,thousand megawatthours,2025,11
CO,Colorado,1,Electric Utility,WNT,onshore wind turbine,351.96218,thousand megawatthours,2025,11
IL,Illinois,1,Electric Utility,ALL,all fuels,537.57191,thousand megawatthours,2025,11
IL,Illinois,1,Electric Utility,AOR,all renewables,36.69455,thousand megawatthours,2025,11
IL,Illinois,1,Electric Utility,BIO,biomass,7.50966,thousand megawatthours,2025,11
IL,Illinois,1,Electric Utility,BIS,bituminous coal and synthetic coal,150.60988,thousand megawatthours,2025,11
IL,Illinois,1,Electric Utility,BIT,bituminous coal,150.60988,thousand megawatthours,2025,11
IL,Illinois,1,Electric Utility,COL,"coal, excluding waste coal",150.60988,thousand megawatthours,2025,11
IL,Illinois,1,Electric Utility,COW,all coal products,150.60988,thousand megawatthours,2025,11
IL,Illinois,1,Electric Utility,DFO,distillate fuel oil,,thousand megawatthours,2025,11
IL,Illinois,1,Electric Utility,DPV,estimated small scale solar photovoltaic,0.0,thousand megawatthours,2025,11
IL,Illinois,1,Electric Utility,FOS,fossil fuels,497.70077,thousand megawatthours,2025,11
IL,Illinois,1,Electric Utility,HYC,conventional hydroelectric,,thousand megawatthours,2025,11
IL,Illinois,1,Electric Utility,LFG,landfill gas,7.50966,thousand megawatthours,2025,11
IL,Illinois,1,Electric Utility,MLG,municiapl landfill gas,7.50966,thousand megawatthours,2025,11
IL,Illinois,1,Electric Utility,NG,natural gas,346.6125,thousand megawatthours,2025,11
IL,Illinois,1,Electric Utility,NGO,natural gas & other gases,346.6125,thousand megawatthours,2025,11
IL,Illinois,1,Electric Utility,OTH,other,0.0,thousand megawatthours,2025,11
IL,Illinois,1,Electric Utility,PC,petroleum coke,0.0,thousand megawatthours,2025,11
IL,Illinois,1,Electric Utility,PEL,petroleum liquids,,thousand megawatthours,2025,11
IL,Illinois,1,Electric Utility,PET,petroleum,,thousand megawatthours,2025,11
IL,Illinois,1,Electric Utility,REN,renewable,39.87114,thousand megawatthours,2025,11
IL,Illinois,1,Electric Utility,SPV,solar photovoltaic,28.13525,thousand megawatthours,2025,11
IL,Illinois,1,Electric Utility,SUB,subbituminous coal,0.0,thousand megawatthours,2025,11
IL,Illinois,1,Electric Utility,SUN,solar,28.13525,thousand megawatthours,2025,11
IL,Illinois,1,Electric Utility,TPV,estimated total solar photovoltaic,28.13525,thousand megawatthours,2025,11
IL,Illinois,1,Electric Utility,TSN,estimated total solar,28.13525,thousand megawatthours,2025,11
IL,Illinois,1,Electric Utility,WAS,renewable waste products,7.50966,thousand megawatthours,2025,11
IL,Illinois,1,Electric Utility,WND,wind,,thousand megawatthours,2025,11
IL,Illinois,1,Electric Utility,WNT,onshore wind turbine,1.04964,thousand megawatthours,2025,11
IL,Illinois,1,Electric Utility,WOO,waste oil and other oils,0.009,thousand megawatthours,2025,11
NY,New York,1,Electric Utility,ALL,all fuels,2702.30854,thousand megawatthours,2025,11
NY,New York,1,Electric Utility,BIS,bituminous coal and synthetic coal,0.0,thousand megawatthours,2025,11
NY,New York,1,Electric Utility,BIT,bituminous coal,0.0,thousand megawatthours,2025,11
NY,New York,1,Electric Utility,COL,"coal, excluding waste coal",0.0,thousand megawatthours,2025,11
NY,New York,1,Electric Utility,COW,all coal products,0.0,thousand megawatthours,2025,11
NY,New York,1,Electric Utility,DFO,distillate fuel oil,7.25169,thousand megawatthours,2025,11
NY,New York,1,Electric Utility,DPV,estimated small scale solar photovoltaic,0.0,thousand megawatthours,2025,11
NY,New York,1,Electric Utility,FOS,fossil fuels,926.41423,thousand megawatthours,2025,11
NY,New York,1,Electric Utility,HPS,hydro-electric pumped storage,-32.988,thousand megawatthours,2025,11
NY,New York,1,Electric Utility,HYC,conventional hydroelectric,1808.88231,thousand megawatthours,2025,11
NY,New York,1,Electric Utility,NG,natural gas,914.38472,thousand megawatthours,2025,11
NY,New York,1,Electric Utility,NGO,natural gas & other gases,914.38472,thousand megawatthours,2025,11
NY,New York,1,Electric Utility,OTH,other,0.0,thousand megawatthours,2025,11
NY,New York,1,Electric Utility,PEL,petroleum liquids,12.02952,thousand megawatthours,2025,11
NY,New York,1,Electric Utility,PET,petroleum,12.02952,thousand megawatthours,2025,11
NY,New York,1,Electric Utility,REN,renewable,1808.88231,thousand megawatthours,2025,11
NY,New York,1,Electric Utility,RFO,residual fuel oil,1.23632,thousand megawatthours,2025,11
NY,New York,1,Electric Utility,TPV,estimated total solar photovoltaic,0.0,thousand megawatthours,2025,11
NY,New York,1,Electric Utility,TSN,estimated total solar,0.0,thousand megawatthours,2025,11
NY,New York,1,Electric Utility,WOO,waste oil and other oils,,thousand megawatthours,2025,11
TX,Texas,1,Electric Utility,ALL,all fuels,5470.88953,thousand megawatthours,2025,11
TX,Texas,1,Electric Utility,AOR,all renewables,284.91769,thousand megawatthours,2025,11
TX,Texas,1,Electric Utility,BIO,biomass,13.937,thousand megawatthours,2025,11
TX,Texas,1,Electric Utility,COL,"coal, excluding waste coal",1344.91622,thousand megawatthours,2025,11
TX,Texas,1,Electric Utility,COW,all coal products,1344.91622,thousand megawatthours,2025,11
TX,Texas,1,Electric Utility,DFO,distillate fuel oil,2.03645,thousand megawatthours,2025,11
TX,Texas,1,Electric Utility,DPV,estimated small scale solar photovoltaic,0.0,thousand megawatthours,2025,11
TX,Texas,1,Electric Utility,FOS,fossil fuels,5109.73038,thousand megawatthours,2025,11
TX,Texas,1,Electric Utility,HYC,conventional hydroelectric,76.30347,thousand megawatthours,2025,11
TX,Texas,1,Electric Utility,LIG,lignite coal,0.0,thousand megawatthours,2025,11
TX,Texas,1,Electric Utility,NG,natural gas,3762.7777,thousand megawatthours,2025,11
TX,Texas,1,Electric Utility,NGO,natural gas & other gases,3762.7777,thousand megawatthours,2025,11
TX,Texas,1,Electric Utility,OB2,biomass,0.0,thousand megawatthours,2025,11
TX,Texas,1,Electric Utility,OBW,biomass,0.0,thousand megawatthours,2025,11
TX,Texas,1,Electric Utility,ORW,other renewables,0.0,thousand megawatthours,2025,11
TX,Texas,1,Electric Utility,OTH,other,-0.062,thousand megawatthours,2025,11
TX,Texas,1,Electric Utility,PEL,petroleum liquids,2.03645,thousand megawatthours,2025,11
TX,Texas,1,Electric Utility,PET,petroleum,2.03645,thousand megawatthours,2025,11
TX,Texas,1,Electric Utility,RC,refined coal,0.0,thousand megawatthours,2025,11
TX,Texas,1,Electric Utility,REN,renewable,361.22115,thousand megawatthours,2025,11
TX,Texas,1,Electric Utility,RFO,residual fuel oil,0.0,thousand megawatthours,2025,11
TX,Texas,1,Electric Utility,SPV,solar photovoltaic,29.61453,thousand megawatthours,2025,11
TX,Texas,1,Electric Utility,SUB,subbituminous coal,1344.91622,thousand megawatthours,2025,11
TX,Texas,1,Electric Utility,SUN,solar,29.61453,thousand megawatthours,2025,11
TX,Texas,1,Electric Utility,TPV,estimated total solar photovoltaic,29.61453,thousand megawatthours,2025,11
TX,Texas,1,Electric Utility,TSN,estimated total solar,29.61453,thousand megawatthours,2025,11
TX,Texas,1,Electric Utility,WAS,renewable waste products,0.0,thousand megawatthours,2025,11
TX,Texas,1,Electric Utility,WND,wind,241.36616,thousand megawatthours,2025,11
TX,Texas,1,Electric Utility,WNT,onshore wind turbine,241.36616,thousand megawatthours,2025,11
TX,Texas,1,Electric Utility,WOO,waste oil and other oils,0.0,thousand megawatthours,2025,11
TX,Texas,1,Electric Utility,WWW,wood and wood wastes,13.937,thousand megawatthours,2025,11
CA,California,1,Electric Utility,ALL,all fuels,4402.01876,thousand megawatthours,2025,10
CA,California,1,Electric Utility,AOR,all renewables,126.04342,thousand megawatthours,2025,10
CA,California,1,Electric Utility,BIO,biomass,,thousand megawatthours,2025,10
CA,California,1,Electric Utility,DFO,distillate fuel oil,2.53565,thousand megawatthours,2025,10
CA,California,1,Electric Utility,DPV,estimated small scale solar photovoltaic,0.0,thousand megawatthours,2025,10
CA,California,1,Electric Utility,FOS,fossil fuels,1771.69035,thousand megawatthours,2025,10
CA,California,1,Electric Utility,GEO,geothermal,56.892,thousand megawatthours,2025,10
CA,California,1,Electric Utility,HPS,hydro-electric pumped storage,-15.316,thousand megawatthours,2025,10
CA,California,1,Electric Utility,HYC,conventional hydroelectric,1580.82299,thousand megawatthours,2025,10
CA,California,1,Electric Utility,LFG,landfill gas,,thousand megawatthours,2025,10
CA,California,1,Electric Utility,MLG,municiapl landfill gas,,thousand megawatthours,2025,10
CA,California,1,Electric Utility,NG,natural gas,1769.0147,thousand megawatthours,2025,10
CA,California,1,Electric Utility,NGO,natural gas & other gases,1769.0147,thousand megawatthours,2025,10
CA,California,1,Electric Utility,NUC,nuclear,946.987,thousand megawatthours,2025,10
CA,California,1,Electric Utility,OB2,biomass,,thousand megawatthours,2025,10
CA,California,1,Electric Utility,OBW,biomass,,thousand megawatthours,2025,10
CA,California,1,Electric Utility,OOG,other gases,0.0,thousand megawatthours,2025,10
CA,California,1,Electric Utility,ORW,other renewables,,thousand megawatthours,2025,10
CA,California,1,Electric Utility,OTH,other,-8.209,thousand megawatthours,2025,10
CA,California,1,Electric Utility,PEL,petroleum liquids,2.67565,thousand megawatthours,2025,10
CA,California,1,Electric Utility,PET,petroleum,2.67565,thousand megawatthours,2025,10
CA,California,1,Electric Utility,REN,renewable,1706.86641,thousand megawatthours,2025,10
CA,California,1,Electric Utility,RFO,residual fuel oil,0.0,thousand megawatthours,2025,10
CA,California,1,Electric Utility,SPV,solar photovoltaic,30.0744,thousand megawatthours,2025,10
CA,California,1,Electric Utility,SUN,solar,30.0744,thousand megawatthours,2025,10
CA,California,1,Electric Utility,TPV,estimated total solar photovoltaic,30.0744,thousand megawatthours,2025,10
CA,California,1,Electric Utility,TSN,estimated total solar,30.0744,thousand megawatthours,2025,10
CA,California,1,Electric Utility,WAS,renewable waste products,,thousand megawatthours,2025,10
CA,California,1,Electric Utility,WND,wind,38.13309,thousand megawatthours,2025,10
CA,California,1,Electric Utility,WNT,onshore wind turbine,38.13309,thousand megawatthours,2025,10
CA,California,1,Electric Utility,WOO,waste oil and other oils,0.14,thousand megawatthours,2025,10
CO,Colorado,1,Electric Utility,ALL,all fuels,2443.96592,thousand megawatthours,2025,10
CO,Colorado,1,Electric Utility,AOR,all renewables,390.74761,thousand megawatthours,2025,10
CO,Colorado,1,Electric Utility,BIS,bituminous coal and synthetic coal,212.69256,thousand megawatthours,2025,10
CO,Colorado,1,Electric Utility,BIT,bituminous coal,212.69256,thousand megawatthours,2025,10
CO,Colorado,1,Electric Utility,COL,"coal, excluding waste coal",762.8514,thousand megawatthours,2025,10
CO,Colorado,1,Electric Utility,COW,all coal products,762.8514,thousand megawatthours,2025,10
CO,Colorado,1,Electric Utility,DFO,distillate fuel oil,,thousand megawatthours,2025,10
CO,Colorado,1,Electric Utility,DPV,estimated small scale solar photovoltaic,0.0,thousand megawatthours,2025,10
CO,Colorado,1,Electric Utility,FOS,fossil fuels,1963.30424,thousand megawatthours,2025,10
CO,Colorado,1,Electric Utility,HPS,hydro-electric pumped storage,-4.517,thousand megawatthours,2025,10
CO,Colorado,1,Electric Utility,HYC,conventional hydroelectric,94.43908,thousand megawatthours,2025,10
CO,Colorado,1,Electric Utility,NG,natural gas,1198.63339,thousand megawatthours,2025,10
CO,Colorado,1,Electric Utility,NGO,natural gas & other gases,1198.63339,thousand megawatthours,2025,10
CO,Colorado,1,Electric Utility,OTH,other,-0.008,thousand megawatthours,2025,10
CO,Colorado,1,Electric Utility,PEL,petroleum liquids,,thousand megawatthours,2025,10
CO,Colorado,1,Electric Utility,PET,petroleum,,thousand megawatthours,2025,10
CO,Colorado,1,Electric Utility,REN,renewable,485.18669,thousand megawatthours,2025,10
CO,Colorado,1,Electric Utility,SPV,solar photovoltaic,,thousand megawatthours,2025,10
CO,Colorado,1,Electric Utility,SUB,subbituminous coal,550.15884,thousand megawatthours,2025,10
CO,Colorado,1,Electric Utility,SUN,solar,,thousand megawatthours,2025,10
CO,Colorado,1,Electric Utility,TPV,estimated total solar photovoltaic,,thousand megawatthours,2025,10
CO,Colorado,1,Electric Utility,TSN,estimated total solar,,thousand megawatthours,2025,10
CO,Colorado,1,Electric Utility,WND,wind,389.36587,thousand megawatthours,2025,10
CO,Colorado,1,Electric Utility,WNT,onshore wind turbine,389.36587,thousand megawatthours,2025,10
IL,Illinois,1,Electric Utility,ALL,all fuels,634.32074,thousand megawatthours,2025,10
IL,Illinois,1,Electric Utility,AOR,all renewables,49.49654,thousand megawatthours,2025,10
IL,Illinois,1,Electric Utility,BIO,biomass,6.16292,thousand megawatthours,2025,10
IL,Illinois,1,Electric Utility,BIS,bituminous coal and synthetic coal,48.55537,thousand megawatthours,2025,10
IL,Illinois,1,Electric Utility,BIT,bituminous coal,48.55537,thousand megawatthours,2025,10
IL,Illinois,1,Electric Utility,COL,"coal, excluding waste coal",48.55537,thousand megawatthours,2025,10
IL,Illinois,1,Electric Utility,COW,all coal products,48.55537,thousand megawatthours,2025,10
IL,Illinois,1,Electric Utility,DFO,distillate fuel oil,0.59267,thousand megawatthours,2025,10
IL,Illinois,1,Electric Utility,DPV,estimated small scale solar photovoltaic,0.0,thousand megawatthours,2025,10
IL,Illinois,1,Electric Utility,FOS,fossil fuels,581.29262,thousand megawatthours,2025,10
IL,Illinois,1,Electric Utility,HYC,conventional hydroelectric,,thousand megawatthours,2025,10
IL,Illinois,1,Electric Utility,LFG,landfill gas,6.16292,thousand megawatthours,2025,10
IL,Illinois,1,Electric Utility,MLG,municiapl landfill gas,6.16292,thousand megawatthours,2025,10
IL,Illinois,1,Electric Utility,NG,natural gas,532.14457,thousand megawatthours,2025,10
IL,Illinois,1,Electric Utility,NGO,natural gas & other gases,532.14457,thousand megawatthours,2025,10
IL,Illinois,1,Electric Utility,OTH,other,0.0,thousand megawatthours,2025,10
IL,Illinois,1,Electric Utility,PC,petroleum coke,0.0,thousand megawatthours,2025,10
IL,Illinois,1,Electric Utility,PEL,petroleum liquids,0.59267,thousand megawatthours,2025,10
IL,Illinois,1,Electric Utility,PET,petroleum,0.59267,thousand megawatthours,2025,10
IL,Illinois,1,Electric Utility,REN,renewable,53.02812,thousand megawatthours,2025,10
IL,Illinois,1,Electric Utility,SPV,solar photovoltaic,42.64219,thousand megawatthours,2025,10
IL,Illinois,1,Electric Utility,SUB,subbituminous coal,0.0,thousand megawatthours,2025,10
IL,Illinois,1,Electric Utility,SUN,solar,42.64219,thousand megawatthours,2025,10
IL,Illinois,1,Electric Utility,TPV,estimated total solar photovoltaic,42.64219,thousand megawatthours,2025,10
IL,Illinois,1,Electric Utility,TSN,estimated total solar,42.64219,thousand megawatthours,2025,10
IL,Illinois,1,Electric Utility,WAS,renewable waste products,6.16292,thousand megawatthours,2025,10
IL,Illinois,1,Electric Utility,WND,wind,0.69143,thousand megawatthours,2025,10
IL,Illinois,1,Electric Utility,WNT,onshore wind turbine,0.69143,thousand megawatthours,2025,10
IL,Illinois,1,Electric Utility,WOO,waste oil and other oils,0.0,thousand megawatthours,2025,10
NY,New York,1,Electric Utility,ALL,all fuels,2562.31701,thousand megawatthours,2025,10
NY,New York,1,Electric Utility,BIS,bituminous coal and synthetic coal,0.0,thousand megawatthours,2025,10
NY,New York,1,Electric Utility,BIT,bituminous coal,0.0,thousand megawatthours,2025,10
NY,New York,1,Electric Utility,COL,"coal, excluding waste coal",0.0,thousand megawatthours,2025,10
NY,New York,1,Electric Utility,COW,all coal products,0.0,thousand megawatthours,2025,10
NY,New York,1,Electric Utility,DFO,distillate fuel oil,2.8283,thousand megawatthours,2025,10
NY,New York,1,Electric Utility,DPV,estimated small scale solar photovoltaic,0.0,thousand megawatthours,2025,10
NY,New York,1,Electric Utility,FOS,fossil fuels,943.07032,thousand megawatthours,2025,10
NY,New York,1,Electric Utility,HPS,hydro-electric pumped storage,-44.094,thousand megawatthours,2025,10
NY,New York,1,Electric Utility,HYC,conventional hydroelectric,1663.34069,thousand megawatthours,2025,10
NY,New York,1,Electric Utility,NG,natural gas,938.8057,thousand megawatthours,2025,10
NY,New York,1,Electric Utility,NGO,natural gas & other gases,938.8057,thousand megawatthours,2025,10
NY,New York,1,Electric Utility,OTH,other,0.0,thousand megawatthours,2025,10
NY,New York,1,Electric Utility,PEL,petroleum liquids,4.26462,thousand megawatthours,2025,10
NY,New York,1,Electric Utility,PET,petroleum,4.26462,thousand megawatthours,2025,10
NY,New York,1,Electric Utility,REN,renewable,1663.34069,thousand megawatthours,2025,10
NY,New York,1,Electric Utility,RFO,residual fuel oil,0.0,thousand megawatthours,2025,10
NY,New York,1,Electric Utility,TPV,estimated total solar photovoltaic,0.0,thousand megawatthours,2025,10
NY,New York,1,Electric Utility,TSN,estimated total solar,0.0,thousand megawatthours,2025,10
NY,New York,1,Electric Utility,WOO,waste oil and other oils,,thousand megawatthours,2025,10
TX,Texas,1,Electric Utility,ALL,all fuels,7910.65479,thousand megawatthours,2025,10
TX,Texas,1,Electric Utility,AOR,all renewables,303.13223,thousand megawatthours,2025,10
TX,Texas,1,Electric Utility,BIO,biomass,26.96,thousand megawatthours,2025,10
TX,Texas,1,Electric Utility,COL,"coal, excluding waste coal",1882.00953,thousand megawatthours,2025,10
TX,Texas,1,Electric Utility,COW,all coal products,1882.00953,thousand megawatthours,2025,10
TX,Texas,1,Electric Utility,DFO,distillate fuel oil,3.87871,thousand megawatthours,2025,10
TX,Texas,1,Electric Utility,DPV,estimated small scale solar photovoltaic,0.0,thousand megawatthours,2025,10
TX,Texas,1,Electric Utility,FOS,fossil fuels,7529.98722,thousand megawatthours,2025,10
TX,Texas,1,Electric Utility,HYC,conventional hydroelectric,77.62534,thousand megawatthours,2025,10
TX,Texas,1,Electric Utility,LIG,lignite coal,133.57622,thousand megawatthours,2025,10
TX,Texas,1,Electric Utility,NG,natural gas,5644.09898,thousand megawatthours,2025,10
TX,Texas,1,Electric Utility,NGO,natural gas & other gases,5644.09898,thousand megawatthours,2025,10
TX,Texas,1,Electric Utility,OB2,biomass,0.0,thousand megawatthours,2025,10
TX,Texas,1,Electric Utility,OBW,biomass,0.0,thousand megawatthours,2025,10
TX,Texas,1,Electric Utility,ORW,other renewables,0.0,thousand megawatthours,2025,10
TX,Texas,1,Electric Utility,OTH,other,-0.09,thousand megawatthours,2025,10
TX,Texas,1,Electric Utility,PEL,petroleum liquids,3.87871,thousand megawatthours,2025,10
TX,Texas,1,Electric Utility,PET,petroleum,3.87871,thousand megawatthours,2025,10
TX,Texas,1,Electric Utility,RC,refined coal,0.0,thousand megawatthours,2025,10
TX,Texas,1,Electric Utility,REN,renewable,380.75757,thousand megawatthours,2025,10
TX,Texas,1,Electric Utility,RFO,residual fuel oil,0.0,thousand megawatthours,2025,10
TX,Texas,1,Electric Utility,SPV,solar photovoltaic,25.14386,thousand megawatthours,2025,10
TX,Texas,1,Electric Utility,SUB,subbituminous coal,1748.43331,thousand megawatthours,2025,10
TX,Texas,1,Electric Utility,SUN,solar,25.14386,thousand megawatthours,2025,10
TX,Texas,1,Electric Utility,TPV,estimated total solar photovoltaic,25.14386,thousand megawatthours,2025,10
TX,Texas,1,Electric Utility,TSN,estimated total solar,25.14386,thousand megawatthours,2025,10
TX,Texas,1,Electric Utility,WAS,renewable waste products,0.0,thousand megawatthours,2025,10
TX,Texas,1,Electric Utility,WND,wind,251.02837,thousand megawatthours,2025,10
TX,Texas,1,Electric Utility,WNT,onshore wind turbine,251.02837,thousand megawatthours,2025,10
TX,Texas,1,Electric Utility,WOO,waste oil and other oils,0.0,thousand megawatthours,2025,10
TX,Texas,1,Electric Utility,WWW,wood and wood wastes,26.96,thousand megawatthours,2025,10
CA,California,1,Electric Utility,ALL,all fuels,6705.30468,thousand megawatthours,2025,9
CA,California,1,Electric Utility,AOR,all renewables,165.96578,thousand megawatthours,2025,9
CA,California,1,Electric Utility,BIO,biomass,1.38975,thousand megawatthours,2025,9
CA,California,1,Electric Utility,DFO,distillate fuel oil,2.66134,thousand megawatthours,2025,9
CA,California,1,Electric Utility,DPV,estimated small scale solar photovoltaic,0.0,thousand megawatthours,2025,9
CA,California,1,Electric Utility,FOS,fossil fuels,2878.38699,thousand megawatthours,2025,9
CA,California,1,Electric Utility,GEO,geothermal,54.542,thousand megawatthours,2025,9
CA,California,1,Electric Utility,HPS,hydro-electric pumped storage,64.009,thousand megawatthours,2025,9
CA,California,1,Electric Utility,HYC,conventional hydroelectric,1979.31391,thousand megawatthours,2025,9
CA,California,1,Electric Utility,LFG,landfill gas,,thousand megawatthours,2025,9
CA,California,1,Electric Utility,MLG,municiapl landfill gas,,thousand megawatthours,2025,9
CA,California,1,Electric Utility,NG,natural gas,2875.61465,thousand megawatthours,2025,9
CA,California,1,Electric Utility,NGO,natural gas & other gases,2875.61465,thousand megawatthours,2025,9
CA,California,1,Electric Utility,NUC,nuclear,1625.613,thousand megawatthours,2025,9
CA,California,1,Electric Utility,OB2,biomass,1.22867,thousand megawatthours,2025,9
CA,California,1,Electric Utility,OBW,biomass,1.22867,thousand megawatthours,2025,9
CA,California,1,Electric Utility,OOG,other gases,0.0,thousand megawatthours,2025,9
CA,California,1,Electric Utility,ORW,other renewables,1.22867,thousand megawatthours,2025,9
CA,California,1,Electric Utility,OTH,other,-7.984,thousand megawatthours,2025,9
CA,California,1,Electric Utility,PEL,petroleum liquids,2.77234,thousand megawatthours,2025,9
CA,California,1,Electric Utility,PET,petroleum,2.77234,thousand megawatthours,2025,9
CA,California,1,Electric Utility,REN,renewable,2145.27969,thousand megawatthours,2025,9
CA,California,1,Electric Utility,RFO,residual fuel oil,0.0,thousand megawatthours,2025,9
CA,California,1,Electric Utility,SPV,solar photovoltaic,36.04549,thousand megawatthours,2025,9
CA,California,1,Electric Utility,SUN,solar,36.04549,thousand megawatthours,2025,9
CA,California,1,Electric Utility,TPV,estimated total solar photovoltaic,36.04549,thousand megawatthours,2025,9
CA,California,1,Electric Utility,TSN,estimated total solar,36.04549,thousand megawatthours,2025,9
CA,California,1,Electric Utility,WAS,renewable waste products,1.38975,thousand megawatthours,2025,9
CA,California,1,Electric Utility,WND,wind,73.98854,thousand megawatthours,2025,9
CA,California,1,Electric Utility,WNT,onshore wind turbine,73.98854,thousand megawatthours,2025,9
CA,California,1,Electric Utility,WOO,waste oil and other oils,0.111,thousand megawatthours,2025,9
CO,Colorado,1,Electric Utility,ALL,all fuels,2768.09415,thousand megawatthours,2025,9
CO,Colorado,1,Electric Utility,AOR,all renewables,298.2185,thousand megawatthours,2025,9
CO,Colorado,1,Electric Utility,BIS,bituminous coal and synthetic coal,202.51844,thousand megawatthours,2025,9
CO,Colorado,1,Electric Utility,BIT,bituminous coal,202.51844,thousand megawatthours,2025,9
CO,Colorado,1,Electric Utility,COL,"coal, excluding waste coal",877.59451,thousand megawatthours,2025,9
CO,Colorado,1,Electric Utility,COW,all coal products,877.59451,thousand megawatthours,2025,9
CO,Colorado,1,Electric Utility,DFO,distillate fuel oil,,thousand megawatthours,2025,9
CO,Colorado,1,Electric Utility,DPV,estimated small scale solar photovoltaic,0.0,thousand megawatthours,2025,9
CO,Colorado,1,Electric Utility,FOS,fossil fuels,2366.62033,thousand megawatthours,2025,9
CO,Colorado,1,Electric Utility,HPS,hydro-electric pumped storage,3.214,thousand megawatthours,2025,9
CO,Colorado,1,Electric Utility,HYC,conventional hydroelectric,100.04631,thousand megawatthours,2025,9
CO,Colorado,1,Electric Utility,NG,natural gas,1487.06122,thousand megawatthours,2025,9
CO,Colorado,1,Electric Utility,NGO,natural gas & other gases,1487.06122,thousand megawatthours,2025,9
CO,Colorado,1,Electric Utility,OTH,other,-0.005,thousand megawatthours,2025,9
CO,Colorado,1,Electric Utility,PEL,petroleum liquids,,thousand megawatthours,2025,9
CO,Colorado,1,Electric Utility,PET,petroleum,,thousand megawatthours,2025,9
CO,Colorado,1,Electric Utility,REN,renewable,398.26481,thousand megawatthours,2025,9
CO,Colorado,1,Electric Utility,SPV,solar photovoltaic,,thousand megawatthours,2025,9
CO,Colorado,1,Electric Utility,SUB,subbituminous coal,675.07607,thousand megawatthours,2025,9
CO,Colorado,1,Electric Utility,SUN,solar,,thousand megawatthours,2025,9
CO,Colorado,1,Electric Utility,TPV,estimated total solar photovoltaic,,thousand megawatthours,2025,9
CO,Colorado,1,Electric Utility,TSN,estimated total solar,,thousand megawatthours,2025,9
CO,Colorado,1,Electric Utility,WND,wind,296.62261,thousand megawatthours,2025,9
CO,Colorado,1,Electric Utility,WNT,onshore wind turbine,296.62261,thousand megawatthours,2025,9
IL,Illinois,1,Electric Utility,ALL,all fuels,537.74433,thousand megawatthours,2025,9
IL,Illinois,1,Electric Utility,AOR,all renewables,70.7905,thousand megawatthours,2025,9
IL,Illinois,1,Electric Utility,BIO,biomass,6.92388,thousand megawatthours,2025,9
IL,Illinois,1,Electric Utility,BIS,bituminous coal and synthetic coal,162.48276,thousand megawatthours,2025,9
IL,Illinois,1,Electric Utility,BIT,bituminous coal,162.48276,thousand megawatthours,2025,9
IL,Illinois,1,Electric Utility,COL,"coal, excluding waste coal",162.48276,thousand megawatthours,2025,9
IL,Illinois,1,Electric Utility,COW,all coal products,162.48276,thousand megawatthours,2025,9
IL,Illinois,1,Electric Utility,DFO,distillate fuel oil,0.45243,thousand megawatthours,2025,9
IL,Illinois,1,Electric Utility,DPV,estimated small scale solar photovoltaic,0.0,thousand megawatthours,2025,9
IL,Illinois,1,Electric Utility,FOS,fossil fuels,463.71986,thousand megawatthours,2025,9
IL,Illinois,1,Electric Utility,HYC,conventional hydroelectric,,thousand megawatthours,2025,9
IL,Illinois,1,Electric Utility,LFG,landfill gas,6.92388,thousand megawatthours,2025,9
IL,Illinois,1,Electric Utility,MLG,municiapl landfill gas,6.92388,thousand megawatthours,2025,9
IL,Illinois,1,Electric Utility,NG,natural gas,300.78468,thousand megawatthours,2025,9
IL,Illinois,1,Electric Utility,NGO,natural gas & other gases,300.78468,thousand megawatthours,2025,9
IL,Illinois,1,Electric Utility,OTH,other,0.0,thousand megawatthours,2025,9
IL,Illinois,1,Electric Utility,PC,petroleum coke,0.0,thousand megawatthours,2025,9
IL,Illinois,1,Electric Utility,PEL,petroleum liquids,0.45243,thousand megawatthours,2025,9
IL,Illinois,1,Electric Utility,PET,petroleum,0.45243,thousand megawatthours,2025,9
IL,Illinois,1,Electric Utility,REN,renewable,74.02447,thousand megawatthours,2025,9
IL,Illinois,1,Electric Utility,SPV,solar photovoltaic,63.62066,thousand megawatthours,2025,9
IL,Illinois,1,Electric Utility,SUB,subbituminous coal,0.0,thousand megawatthours,2025,9
IL,Illinois,1,Electric Utility,SUN,solar,63.62066,thousand megawatthours,2025,9
IL,Illinois,1,Electric Utility,TPV,estimated total solar photovoltaic,63.62066,thousand megawatthours,2025,9
IL,Illinois,1,Electric Utility,TSN,estimated total solar,63.62066,thousand megawatthours,2025,9
IL,Illinois,1,Electric Utility,WAS,renewable waste products,6.92388,thousand megawatthours,2025,9
IL,Illinois,1,Electric Utility,WND,wind,,thousand megawatthours,2025,9
IL,Illinois,1,Electric Utility,WNT,onshore wind turbine,0.24595,thousand megawatthours,2025,9
IL,Illinois,1,Electric Utility,WOO,waste oil and other oils,0.0,thousand megawatthours,2025,9
NY,New York,1,Electric Utility,ALL,all fuels,2759.2479,thousand megawatthours,2025,9
NY,New York,1,Electric Utility,BIS,bituminous coal and synthetic coal,0.0,thousand megawatthours,2025,9
NY,New York,1,Electric Utility,BIT,bituminous coal,0.0,thousand megawatthours,2025,9
NY,New York,1,Electric Utility,COL,"coal, excluding waste coal",0.0,thousand megawatthours,2025,9
NY,New York,1,Electric Utility,COW,all coal products,0.0,thousand megawatthours,2025,9
NY,New York,1,Electric Utility,DFO,distillate fuel oil,3.44313,thousand megawatthours,2025,9
NY,New York,1,Electric Utility,DPV,estimated small scale solar photovoltaic,0.0,thousand megawatthours,2025,9
NY,New York,1,Electric Utility,FOS,fossil fuels,1155.75005,thousand megawatthours,2025,9
NY,New York,1,Electric Utility,HPS,hydro-electric pumped storage,-41.173,thousand megawatthours,2025,9
NY,New York,1,Electric Utility,HYC,conventional hydroelectric,1644.67085,thousand megawatthours,2025,9
NY,New York,1,Electric Utility,NG,natural gas,1150.4713,thousand megawatthours,2025,9
NY,New York,1,Electric Utility,NGO,natural gas & other gases,1150.4713,thousand megawatthours,2025,9
NY,New York,1,Electric Utility,OTH,other,0.0,thousand megawatthours,2025,9
NY,New York,1,Electric Utility,PEL,petroleum liquids,5.27875,thousand megawatthours,2025,9
NY,New York,1,Electric Utility,PET,petroleum,5.27875,thousand megawatthours,2025,9
NY,New York,1,Electric Utility,REN,renewable,1644.67085,thousand megawatthours,2025,9
NY,New York,1,Electric Utility,RFO,residual fuel oil,0.0,thousand megawatthours,2025,9
NY,New York,1,Electric Utility,TPV,estimated total solar photovoltaic,0.0,thousand megawatthours,2025,9
NY,New York,1,Electric Utility,TSN,estimated total solar,0.0,thousand megawatthours,2025,9
NY,New York,1,Electric Utility,WOO,waste oil and other oils,1.83562,thousand megawatthours,2025,9
TX,Texas,1,Electric Utility,ALL,all fuels,9558.12575,thousand megawatthours,2025,9
TX,Texas,1,Electric Utility,AOR,all renewables,179.59476,thousand megawatthours,2025,9
TX,Texas,1,Electric Utility,BIO,biomass,39.36,thousand megawatthours,2025,9
TX,Texas,1,Electric Utility,COL,"coal, excluding waste coal",2311.3087,thousand megawatthours,2025,9
TX,Texas,1,Electric Utility,COW,all coal products,2311.3087,thousand megawatthours,2025,9
TX,Texas,1,Electric Utility,DFO,distillate fuel oil,2.72753,thousand megawatthours,2025,9
TX,Texas,1,Electric Utility,DPV,estimated small scale solar photovoltaic,0.0,thousand megawatthours,2025,9
TX,Texas,1,Electric Utility,FOS,fossil fuels,9302.82663,thousand megawatthours,2025,9
TX,Texas,1,Electric Utility,HYC,conventional hydroelectric,75.76535,thousand megawatthours,2025,9
TX,Texas,1,Electric Utility,LIG,lignite coal,177.27169,thousand megawatthours,2025,9
TX,Texas,1,Electric Utility,NG,natural gas,6988.79041,thousand megawatthours,2025,9
TX,Texas,1,Electric Utility,NGO,natural gas & other gases,6988.79041,thousand megawatthours,2025,9
TX,Texas,1,Electric Utility,OB2,biomass,0.0,thousand megawatthours,2025,9
TX,Texas,1,Electric Utility,OBW,biomass,0.0,thousand megawatthours,2025,9
TX,Texas,1,Electric Utility,ORW,other renewables,0.0,thousand megawatthours,2025,9
TX,Texas,1,Electric Utility,OTH,other,-0.061,thousand megawatthours,2025,9
TX,Texas,1,Electric Utility,PEL,petroleum liquids,2.72753,thousand megawatthours,2025,9
TX,Texas,1,Electric Utility,PET,petroleum,2.72753,thousand megawatthours,2025,9
TX,Texas,1,Electric Utility,RC,refined coal,0.0,thousand megawatthours,2025,9
TX,Texas,1,Electric Utility,REN,renewable,255.36012,thousand megawatthours,2025,9
TX,Texas,1,Electric Utility,RFO,residual fuel oil,0.0,thousand megawatthours,2025,9
TX,Texas,1,Electric Utility,SPV,solar photovoltaic,3.51847,thousand megawatthours,2025,9
TX,Texas,1,Electric Utility,SUB,subbituminous coal,2134.03701,thousand megawatthours,2025,9
TX,Texas,1,Electric Utility,SUN,solar,3.51847,thousand megawatthours,2025,9
TX,Texas,1,Electric Utility,TPV,estimated total solar photovoltaic,3.51847,thousand megawatthours,2025,9
TX,Texas,1,Electric Utility,TSN,estimated total solar,3.51847,thousand megawatthours,2025,9
TX,Texas,1,Electric Utility,WAS,renewable waste products,0.0,thousand megawatthours,2025,9
TX,Texas,1,Electric Utility,WND,wind,136.71629,thousand megawatthours,2025,9
TX,Texas,1,Electric Utility,WNT,onshore wind turbine,136.71629,thousand megawatthours,2025,9
TX,Texas,1,Electric Utility,WOO,waste oil and other oils,0.0,thousand megawatthours,2025,9
TX,Texas,1,Electric Utility,WWW,wood and wood wastes,39.36,thousand megawatthours,2025,9
CA,California,1,Electric Utility,ALL,all fuels,7472.58135,thousand megawatthours,2025,8
CA,California,1,Electric Utility,AOR,all renewables,220.68832,thousand megawatthours,2025,8
CA,California,1,Electric Utility,BIO,biomass,2.56193,thousand megawatthours,2025,8
CA,California,1,Electric Utility,DFO,distillate fuel oil,2.93006,thousand megawatthours,2025,8
CA,California,1,Electric Utility,DPV,estimated small scale solar photovoltaic,0.0,thousand megawatthours,2025,8
CA,California,1,Electric Utility,FOS,fossil fuels,3158.80392,thousand megawatthours,2025,8
CA,California,1,Electric Utility,GEO,geothermal,55.05,thousand megawatthours,2025,8
CA,California,1,Electric Utility,HPS,hydro-electric pumped storage,105.936,thousand megawatthours,2025,8
CA,California,1,Electric Utility,HYC,conventional hydroelectric,2488.10311,thousand megawatthours,2025,8
CA,California,1,Electric Utility,LFG,landfill gas,,thousand megawatthours,2025,8
CA,California,1,Electric Utility,MLG,municiapl landfill gas,,thousand megawatthours,2025,8
CA,California,1,Electric Utility,NG,natural gas,3155.73385,thousand megawatthours,2025,8
CA,California,1,Electric Utility,NGO,natural gas & other gases,3155.73385,thousand megawatthours,2025,8
CA,California,1,Electric Utility,NUC,nuclear,1505.966,thousand megawatthours,2025,8
CA,California,1,Electric Utility,OB2,biomass,2.39078,thousand megawatthours,2025,8
CA,California,1,Electric Utility,OBW,biomass,2.39078,thousand megawatthours,2025,8
CA,California,1,Electric Utility,OOG,other gases,0.0,thousand megawatthours,2025,8
CA,California,1,Electric Utility,ORW,other renewables,2.39078,thousand megawatthours,2025,8
CA,California,1,Electric Utility,OTH,other,-6.916,thousand megawatthours,2025,8
CA,California,1,Electric Utility,PEL,petroleum liquids,3.07006,thousand megawatthours,2025,8
CA,California,1,Electric Utility,PET,petroleum,3.07006,thousand megawatthours,2025,8
CA,California,1,Electric Utility,REN,renewable,2708.79144,thousand megawatthours,2025,8
CA,California,1,Electric Utility,RFO,residual fuel oil,0.0,thousand megawatthours,2025,8
CA,California,1,Electric Utility,SPV,solar photovoltaic,39.93579,thousand megawatthours,2025,8
CA,California,1,Electric Utility,SUN,solar,39.93579,thousand megawatthours,2025,8
CA,California,1,Electric Utility,TPV,estimated total solar photovoltaic,39.93579,thousand megawatthours,2025,8
CA,California,1,Electric Utility,TSN,estimated total solar,39.93579,thousand megawatthours,2025,8
CA,California,1,Electric Utility,WAS,renewable waste products,2.56193,thousand megawatthours,2025,8
CA,California,1,Electric Utility,WND,wind,123.14061,thousand megawatthours,2025,8
CA,California,1,Electric Utility,WNT,onshore wind turbine,123.14061,thousand megawatthours,2025,8
CA,California,1,Electric Utility,WOO,waste oil and other oils,0.14,thousand megawatthours,2025,8
CO,Colorado,1,Electric Utility,ALL,all fuels,3474.29487,thousand megawatthours,2025,8
CO,Colorado,1,Electric Utility,AOR,all renewables,320.98302,thousand megawatthours,2025,8
CO,Colorado,1,Electric Utility,BIS,bituminous coal and synthetic coal,220.724,thousand megawatthours,2025,8
CO,Colorado,1,Electric Utility,BIT,bituminous coal,220.724,thousand megawatthours,2025,8
CO,Colorado,1,Electric Utility,COL,"coal, excluding waste coal",1295.26674,thousand megawatthours,2025,8
CO,Colorado,1,Electric Utility,COW,all coal products,1295.26674,thousand megawatthours,2025,8
CO,Colorado,1,Electric Utility,DFO,distillate fuel oil,,thousand megawatthours,2025,8
CO,Colorado,1,Electric Utility,DPV,estimated small scale solar photovoltaic,0.0,thousand megawatthours,2025,8
CO,Colorado,1,Electric Utility,FOS,fossil fuels,3022.58799,thousand megawatthours,2025,8
CO,Colorado,1,Electric Utility,HPS,hydro-electric pumped storage,1.802,thousand megawatthours,2025,8
CO,Colorado,1,Electric Utility,HYC,conventional hydroelectric,128.92685,thousand megawatthours,2025,8
CO,Colorado,1,Electric Utility,NG,natural gas,1724.9676,thousand megawatthours,2025,8
CO,Colorado,1,Electric Utility,NGO,natural gas & other gases,1724.9676,thousand megawatthours,2025,8
CO,Colorado,1,Electric Utility,OTH,other,-0.005,thousand megawatthours,2025,8
CO,Colorado,1,Electric Utility,PEL,petroleum liquids,,thousand megawatthours,2025,8
CO,Colorado,1,Electric Utility,PET,petroleum,,thousand megawatthours,2025,8
CO,Colorado,1,Electric Utility,REN,renewable,449.90988,thousand megawatthours,2025,8
CO,Colorado,1,Electric Utility,SPV,solar photovoltaic,,thousand megawatthours,2025,8
CO,Colorado,1,Electric Utility,SUB,subbituminous coal,1074.54275,thousand megawatthours,2025,8
CO,Colorado,1,Electric Utility,SUN,solar,,thousand megawatthours,2025,8
CO,Colorado,1,Electric Utility,TPV,estimated total solar photovoltaic,,thousand megawatthours,2025,8
CO,Colorado,1,Electric Utility,TSN,estimated total solar,,thousand megawatthours,2025,8
CO,Colorado,1,Electric Utility,WND,wind,319.16794,thousand megawatthours,2025,8
CO,Colorado,1,Electric Utility,WNT,onshore wind turbine,319.16794,thousand megawatthours,2025,8
IL,Illinois,1,Electric Utility,ALL,all fuels,490.36972,thousand megawatthours,2025,8
IL,Illinois,1,Electric Utility,AOR,all renewables,85.97856,thousand megawatthours,2025,8
IL,Illinois,1,Electric Utility,BIO,biomass,7.94656,thousand megawatthours,2025,8
IL,Illinois,1,Electric Utility,BIS,bituminous coal and synthetic coal,136.61237,thousand megawatthours,2025,8
IL,Illinois,1,Electric Utility,BIT,bituminous coal,136.61237,thousand megawatthours,2025,8
IL,Illinois,1,Electric Utility,COL,"coal, excluding waste coal",136.61237,thousand megawatthours,2025,8
IL,Illinois,1,Electric Utility,COW,all coal products,136.61237,thousand megawatthours,2025,8
IL,Illinois,1,Electric Utility,DFO,distillate fuel oil,,thousand megawatthours,2025,8
IL,Illinois,1,Electric Utility,DPV,estimated small scale solar photovoltaic,0.0,thousand megawatthours,2025,8
IL,Illinois,1,Electric Utility,FOS,fossil fuels,399.76884,thousand megawatthours,2025,8
IL,Illinois,1,Electric Utility,HYC,conventional hydroelectric,,thousand megawatthours,2025,8
IL,Illinois,1,Electric Utility,LFG,landfill gas,7.94656,thousand megawatthours,2025,8
IL,Illinois,1,Electric Utility,MLG,municiapl landfill gas,7.94656,thousand megawatthours,2025,8
IL,Illinois,1,Electric Utility,NG,natural gas,262.54079,thousand megawatthours,2025,8
IL,Illinois,1,Electric Utility,NGO,natural gas & other gases,262.54079,thousand megawatthours,2025,8
IL,Illinois,1,Electric Utility,OTH,other,0.0,thousand megawatthours,2025,8
IL,Illinois,1,Electric Utility,PC,petroleum coke,0.0,thousand megawatthours,2025,8
IL,Illinois,1,Electric Utility,PEL,petroleum liquids,,thousand megawatthours,2025,8
IL,Illinois,1,Electric Utility,PET,petroleum,,thousand megawatthours,2025,8
IL,Illinois,1,Electric Utility,REN,renewable,90.60088,thousand megawatthours,2025,8
IL,Illinois,1,Electric Utility,SPV,solar photovoltaic,77.72818,thousand megawatthours,2025,8
IL,Illinois,1,Electric Utility,SUB,subbituminous coal,0.0,thousand megawatthours,2025,8
IL,Illinois,1,Electric Utility,SUN,solar,77.72818,thousand megawatthours,2025,8
IL,Illinois,1,Electric Utility,TPV,estimated total solar photovoltaic,77.72818,thousand megawatthours,2025,8
IL,Illinois,1,Electric Utility,TSN,estimated total solar,77.72818,thousand megawatthours,2025,8
IL,Illinois,1,Electric Utility,WAS,renewable waste products,7.94656,thousand megawatthours,2025,8
IL,Illinois,1,Electric Utility,WND,wind,,thousand megawatthours,2025,8
IL,Illinois,1,Electric Utility,WNT,onshore wind turbine,0.30382,thousand megawatthours,2025,8
IL,Illinois,1,Electric Utility,WOO,waste oil and other oils,0.0,thousand megawatthours,2025,8
NY,New York,1,Electric Utility,ALL,all fuels,3147.59602,thousand megawatthours,2025,8
NY,New York,1,Electric Utility,BIS,bituminous coal and synthetic coal,0.0,thousand megawatthours,2025,8
NY,New York,1,Electric Utility,BIT,bituminous coal,0.0,thousand megawatthours,2025,8
NY,New York,1,Electric Utility,COL,"coal, excluding waste coal",0.0,thousand megawatthours,2025,8
NY,New York,1,Electric Utility,COW,all coal products,0.0,thousand megawatthours,2025,8
NY,New York,1,Electric Utility,DFO,distillate fuel oil,,thousand megawatthours,2025,8
NY,New York,1,Electric Utility,DPV,estimated small scale solar photovoltaic,0.0,thousand megawatthours,2025,8
NY,New York,1,Electric Utility,FOS,fossil fuels,1407.10543,thousand megawatthours,2025,8
NY,New York,1,Electric Utility,HPS,hydro-electric pumped storage,-55.499,thousand megawatthours,2025,8
NY,New York,1,Electric Utility,HYC,conventional hydroelectric,1795.98959,thousand megawatthours,2025,8
NY,New York,1,Electric Utility,NG,natural gas,1393.51776,thousand megawatthours,2025,8
NY,New York,1,Electric Utility,NGO,natural gas & other gases,1393.51776,thousand megawatthours,2025,8
NY,New York,1,Electric Utility,OTH,other,0.0,thousand megawatthours,2025,8
NY,New York,1,Electric Utility,PEL,petroleum liquids,13.58767,thousand megawatthours,2025,8
NY,New York,1,Electric Utility,PET,petroleum,13.58767,thousand megawatthours,2025,8
NY,New York,1,Electric Utility,REN,renewable,1795.98959,thousand megawatthours,2025,8
NY,New York,1,Electric Utility,RFO,residual fuel oil,2.58795,thousand megawatthours,2025,8
NY,New York,1,Electric Utility,TPV,estimated total solar photovoltaic,0.0,thousand megawatthours,2025,8
NY,New York,1,Electric Utility,TSN,estimated total solar,0.0,thousand megawatthours,2025,8
NY,New York,1,Electric Utility,WOO,waste oil and other oils,,thousand megawatthours,2025,8
TX,Texas,1,Electric Utility,ALL,all fuels,11213.46237,thousand megawatthours,2025,8
TX,Texas,1,Electric Utility,AOR,all renewables,245.82171,thousand megawatthours,2025,8
TX,Texas,1,Electric Utility,BIO,biomass,42.684,thousand megawatthours,2025,8
TX,Texas,1,Electric Utility,COL,"coal, excluding waste coal",2523.43878,thousand megawatthours,2025,8
TX,Texas,1,Electric Utility,COW,all coal products,2523.43878,thousand megawatthours,2025,8
TX,Texas,1,Electric Utility,DFO,distillate fuel oil,2.50145,thousand megawatthours,2025,8
TX,Texas,1,Electric Utility,DPV,estimated small scale solar photovoltaic,0.0,thousand megawatthours,2025,8
TX,Texas,1,Electric Utility,FOS,fossil fuels,10872.30342,thousand megawatthours,2025,8
TX,Texas,1,Electric Utility,HYC,conventional hydroelectric,95.43124,thousand megawatthours,2025,8
TX,Texas,1,Electric Utility,LIG,lignite coal,150.36406,thousand megawatthours,2025,8
TX,Texas,1,Electric Utility,NG,natural gas,8346.3632,thousand megawatthours,2025,8
TX,Texas,1,Electric Utility,NGO,natural gas & other gases,8346.3632,thousand megawatthours,2025,8
TX,Texas,1,Electric Utility,OB2,biomass,0.0,thousand megawatthours,2025,8
TX,Texas,1,Electric Utility,OBW,biomass,0.0,thousand megawatthours,2025,8
TX,Texas,1,Electric Utility,ORW,other renewables,0.0,thousand megawatthours,2025,8
TX,Texas,1,Electric Utility,OTH,other,-0.094,thousand megawatthours,2025,8
TX,Texas,1,Electric Utility,PEL,petroleum liquids,2.50145,thousand megawatthours,2025,8
TX,Texas,1,Electric Utility,PET,petroleum,2.50145,thousand megawatthours,2025,8
TX,Texas,1,Electric Utility,RC,refined coal,0.0,thousand megawatthours,2025,8
TX,Texas,1,Electric Utility,REN,renewable,341.25295,thousand megawatthours,2025,8
TX,Texas,1,Electric Utility,RFO,residual fuel oil,0.0,thousand megawatthours,2025,8
TX,Texas,1,Electric Utility,SPV,solar photovoltaic,4.00629,thousand megawatthours,2025,8
TX,Texas,1,Electric Utility,SUB,subbituminous coal,2373.07473,thousand megawatthours,2025,8
TX,Texas,1,Electric Utility,SUN,solar,4.00629,thousand megawatthours,2025,8
TX,Texas,1,Electric Utility,TPV,estimated total solar photovoltaic,4.00629,thousand megawatthours,2025,8
TX,Texas,1,Electric Utility,TSN,estimated total solar,4.00629,thousand megawatthours,2025,8
TX,Texas,1,Electric Utility,WAS,renewable waste products,0.0,thousand megawatthours,2025,8
TX,Texas,1,Electric Utility,WND,wind,199.13142,thousand megawatthours,2025,8
TX,Texas,1,Electric Utility,WNT,onshore wind turbine,199.13142,thousand megawatthours,2025,8
TX,Texas,1,Electric Utility,WOO,waste oil and other oils,0.0,thousand megawatthours,2025,8
TX,Texas,1,Electric Utility,WWW,wood and wood wastes,42.684,thousand megawatthours,2025,8
CA,California,1,Electric Utility,ALL,all fuels,7178.25151,thousand megawatthours,2025,7
CA,California,1,Electric Utility,AOR,all renewables,257.49806,thousand megawatthours,2025,7
CA,California,1,Electric Utility,BIO,biomass,6.2334,thousand megawatthours,2025,7
CA,California,1,Electric Utility,DFO,distillate fuel oil,,thousand megawatthours,2025,7
CA,California,1,Electric Utility,DPV,estimated small scale solar photovoltaic,0.0,thousand megawatthours,2025,7
CA,California,1,Electric Utility,FOS,fossil fuels,2288.72499,thousand megawatthours,2025,7
CA,California,1,Electric Utility,GEO,geothermal,57.079,thousand megawatthours,2025,7
CA,California,1,Electric Utility,HPS,hydro-electric pumped storage,210.252,thousand megawatthours,2025,7
CA,California,1,Electric Utility,HYC,conventional hydroelectric,2768.91545,thousand megawatthours,2025,7
CA,California,1,Electric Utility,LFG,landfill gas,,thousand megawatthours,2025,7
CA,California,1,Electric Utility,MLG,municiapl landfill gas,,thousand megawatthours,2025,7
CA,California,1,Electric Utility,NG,natural gas,2285.96633,thousand megawatthours,2025,7
CA,California,1,Electric Utility,NGO,natural gas & other gases,2285.96633,thousand megawatthours,2025,7
CA,California,1,Electric Utility,NUC,nuclear,1660.799,thousand megawatthours,2025,7
CA,California,1,Electric Utility,OB2,biomass,6.05169,thousand megawatthours,2025,7
CA,California,1,Electric Utility,OBW,biomass,6.05169,thousand megawatthours,2025,7
CA,California,1,Electric Utility,OOG,other gases,0.0,thousand megawatthours,2025,7
CA,California,1,Electric Utility,ORW,other renewables,6.05169,thousand megawatthours,2025,7
CA,California,1,Electric Utility,OTH,other,-7.938,thousand megawatthours,2025,7
CA,California,1,Electric Utility,PEL,petroleum liquids,,thousand megawatthours,2025,7
CA,California,1,Electric Utility,PET,petroleum,,thousand megawatthours,2025,7
CA,California,1,Electric Utility,REN,renewable,3026.41352,thousand megawatthours,2025,7
CA,California,1,Electric Utility,RFO,residual fuel oil,0.0,thousand megawatthours,2025,7
CA,California,1,Electric Utility,SPV,solar photovoltaic,42.60015,thousand megawatthours,2025,7
CA,California,1,Electric Utility,SUN,solar,42.60015,thousand megawatthours,2025,7
CA,California,1,Electric Utility,TPV,estimated total solar photovoltaic,42.60015,thousand megawatthours,2025,7
CA,California,1,Electric Utility,TSN,estimated total solar,42.60015,thousand megawatthours,2025,7
CA,California,1,Electric Utility,WAS,renewable waste products,6.2334,thousand megawatthours,2025,7
CA,California,1,Electric Utility,WND,wind,151.58552,thousand megawatthours,2025,7
CA,California,1,Electric Utility,WNT,onshore wind turbine,151.58552,thousand megawatthours,2025,7
CA,California,1,Electric Utility,WOO,waste oil and other oils,0.155,thousand megawatthours,2025,7
CO,Colorado,1,Electric Utility,ALL,all fuels,3426.3951,thousand megawatthours,2025,7
CO,Colorado,1,Electric Utility,AOR,all renewables,338.19235,thousand megawatthours,2025,7
CO,Colorado,1,Electric Utility,BIS,bituminous coal and synthetic coal,238.5338,thousand megawatthours,2025,7
CO,Colorado,1,Electric Utility,BIT,bituminous coal,238.5338,thousand megawatthours,2025,7
CO,Colorado,1,Electric Utility,COL,"coal, excluding waste coal",1340.72887,thousand megawatthours,2025,7
CO,Colorado,1,Electric Utility,COW,all coal products,1340.72887,thousand megawatthours,2025,7
CO,Colorado,1,Electric Utility,DFO,distillate fuel oil,,thousand megawatthours,2025,7
CO,Colorado,1,Electric Utility,DPV,estimated small scale solar photovoltaic,0.0,thousand megawatthours,2025,7
CO,Colorado,1,Electric Utility,FOS,fossil fuels,2964.9628,thousand megawatthours,2025,7
CO,Colorado,1,Electric Utility,HPS,hydro-electric pumped storage,-0.044,thousand megawatthours,2025,7
CO,Colorado,1,Electric Utility,HYC,conventional hydroelectric,123.28995,thousand megawatthours,2025,7
CO,Colorado,1,Electric Utility,NG,natural gas,1623.25186,thousand megawatthours,2025,7
CO,Colorado,1,Electric Utility,NGO,natural gas & other gases,1623.25186,thousand megawatthours,2025,7
CO,Colorado,1,Electric Utility,OTH,other,-0.006,thousand megawatthours,2025,7
CO,Colorado,1,Electric Utility,PEL,petroleum liquids,,thousand megawatthours,2025,7
CO,Colorado,1,Electric Utility,PET,petroleum,,thousand megawatthours,2025,7
CO,Colorado,1,Electric Utility,REN,renewable,461.4823,thousand megawatthours,2025,7
CO,Colorado,1,Electric Utility,SPV,solar photovoltaic,,thousand megawatthours,2025,7
CO,Colorado,1,Electric Utility,SUB,subbituminous coal,1102.19507,thousand megawatthours,2025,7
CO,Colorado,1,Electric Utility,SUN,solar,,thousand megawatthours,2025,7
CO,Colorado,1,Electric Utility,TPV,estimated total solar photovoltaic,,thousand megawatthours,2025,7
CO,Colorado,1,Electric Utility,TSN,estimated total solar,,thousand megawatthours,2025,7
CO,Colorado,1,Electric Utility,WND,wind,336.23169,thousand megawatthours,2025,7
CO,Colorado,1,Electric Utility,WNT,onshore wind turbine,336.23169,thousand megawatthours,2025,7
IL,Illinois,1,Electric Utility,ALL,all fuels,731.04119,thousand megawatthours,2025,7
IL,Illinois,1,Electric Utility,AOR,all renewables,81.71948,thousand megawatthours,2025,7
IL,Illinois,1,Electric Utility,BIO,biomass,8.2171,thousand megawatthours,2025,7
IL,Illinois,1,Electric Utility,BIS,bituminous coal and synthetic coal,175.36656,thousand megawatthours,2025,7
IL,Illinois,1,Electric Utility,BIT,bituminous coal,175.36656,thousand megawatthours,2025,7
IL,Illinois,1,Electric Utility,COL,"coal, excluding waste coal",175.36656,thousand megawatthours,2025,7
IL,Illinois,1,Electric Utility,COW,all coal products,175.36656,thousand megawatthours,2025,7
IL,Illinois,1,Electric Utility,DFO,distillate fuel oil,,thousand megawatthours,2025,7
IL,Illinois,1,Electric Utility,DPV,estimated small scale solar photovoltaic,0.0,thousand megawatthours,2025,7
IL,Illinois,1,Electric Utility,FOS,fossil fuels,645.03706,thousand megawatthours,2025,7
IL,Illinois,1,Electric Utility,HYC,conventional hydroelectric,4.28464,thousand megawatthours,2025,7
IL,Illinois,1,Electric Utility,LFG,landfill gas,8.2171,thousand megawatthours,2025,7
IL,Illinois,1,Electric Utility,MLG,municiapl landfill gas,8.2171,thousand megawatthours,2025,7
IL,Illinois,1,Electric Utility,NG,natural gas,468.83692,thousand megawatthours,2025,7
IL,Illinois,1,Electric Utility,NGO,natural gas & other gases,468.83692,thousand megawatthours,2025,7
IL,Illinois,1,Electric Utility,OTH,other,0.0,thousand megawatthours,2025,7
IL,Illinois,1,Electric Utility,PC,petroleum coke,0.0,thousand megawatthours,2025,7
IL,Illinois,1,Electric Utility,PEL,petroleum liquids,,thousand megawatthours,2025,7
IL,Illinois,1,Electric Utility,PET,petroleum,,thousand megawatthours,2025,7
IL,Illinois,1,Electric Utility,REN,renewable,86.00413,thousand megawatthours,2025,7
IL,Illinois,1,Electric Utility,SPV,solar photovoltaic,73.09796,thousand megawatthours,2025,7
IL,Illinois,1,Electric Utility,SUB,subbituminous coal,0.0,thousand megawatthours,2025,7
IL,Illinois,1,Electric Utility,SUN,solar,73.09796,thousand megawatthours,2025,7
IL,Illinois,1,Electric Utility,TPV,estimated total solar photovoltaic,73.09796,thousand megawatthours,2025,7
IL,Illinois,1,Electric Utility,TSN,estimated total solar,73.09796,thousand megawatthours,2025,7
IL,Illinois,1,Electric Utility,WAS,renewable waste products,8.2171,thousand megawatthours,2025,7
IL,Illinois,1,Electric Utility,WND,wind,,thousand megawatthours,2025,7
IL,Illinois,1,Electric Utility,WNT,onshore wind turbine,0.40442,thousand megawatthours,2025,7
IL,Illinois,1,Electric Utility,WOO,waste oil and other oils,0.0,thousand megawatthours,2025,7
NY,New York,1,Electric Utility,ALL,all fuels,3650.60799,thousand megawatthours,2025,7
NY,New York,1,Electric Utility,BIS,bituminous coal and synthetic coal,0.0,thousand megawatthours,2025,7
NY,New York,1,Electric Utility,BIT,bituminous coal,0.0,thousand megawatthours,2025,7
NY,New York,1,Electric Utility,COL,"coal, excluding waste coal",0.0,thousand megawatthours,2025,7
NY,New York,1,Electric Utility,COW,all coal products,0.0,thousand megawatthours,2025,7
NY,New York,1,Electric Utility,DFO,distillate fuel oil,8.46298,thousand megawatthours,2025,7
NY,New York,1,Electric Utility,DPV,estimated small scale solar photovoltaic,0.0,thousand megawatthours,2025,7
NY,New York,1,Electric Utility,FOS,fossil fuels,1843.95076,thousand megawatthours,2025,7
NY,New York,1,Electric Utility,HPS,hydro-electric pumped storage,-69.12,thousand megawatthours,2025,7
NY,New York,1,Electric Utility,HYC,conventional hydroelectric,1875.77723,thousand megawatthours,2025,7
NY,New York,1,Electric Utility,NG,natural gas,1822.69282,thousand megawatthours,2025,7
NY,New York,1,Electric Utility,NGO,natural gas & other gases,1822.69282,thousand megawatthours,2025,7
NY,New York,1,Electric Utility,OTH,other,0.0,thousand megawatthours,2025,7
NY,New York,1,Electric Utility,PEL,petroleum liquids,21.25794,thousand megawatthours,2025,7
NY,New York,1,Electric Utility,PET,petroleum,21.25794,thousand megawatthours,2025,7
NY,New York,1,Electric Utility,REN,renewable,1875.77723,thousand megawatthours,2025,7
NY,New York,1,Electric Utility,RFO,residual fuel oil,8.32543,thousand megawatthours,2025,7
NY,New York,1,Electric Utility,TPV,estimated total solar photovoltaic,0.0,thousand megawatthours,2025,7
NY,New York,1,Electric Utility,TSN,estimated total solar,0.0,thousand megawatthours,2025,7
NY,New York,1,Electric Utility,WOO,waste oil and other oils,4.46953,thousand megawatthours,2025,7
TX,Texas,1,Electric Utility,ALL,all fuels,10753.87771,thousand megawatthours,2025,7
TX,Texas,1,Electric Utility,AOR,all renewables,223.4812,thousand megawatthours,2025,7
TX,Texas,1,Electric Utility,BIO,biomass,24.602,thousand megawatthours,2025,7
TX,Texas,1,Electric Utility,COL,"coal, excluding waste coal",2528.38542,thousand megawatthours,2025,7
TX,Texas,1,Electric Utility,COW,all coal products,2528.38542,thousand megawatthours,2025,7
TX,Texas,1,Electric Utility,DFO,distillate fuel oil,,thousand megawatthours,2025,7
TX,Texas,1,Electric Utility,DPV,estimated small scale solar photovoltaic,0.0,thousand megawatthours,2025,7
TX,Texas,1,Electric Utility,FOS,fossil fuels,10427.06056,thousand megawatthours,2025,7
TX,Texas,1,Electric Utility,HYC,conventional hydroelectric,103.40094,thousand megawatthours,2025,7
TX,Texas,1,Electric Utility,LIG,lignite coal,189.2229,thousand megawatthours,2025,7
TX,Texas,1,Electric Utility,NG,natural gas,7896.27514,thousand megawatthours,2025,7
TX,Texas,1,Electric Utility,NGO,natural gas & other gases,7896.27514,thousand megawatthours,2025,7
TX,Texas,1,Electric Utility,OB2,biomass,0.0,thousand megawatthours,2025,7
TX,Texas,1,Electric Utility,OBW,biomass,0.0,thousand megawatthours,2025,7
TX,Texas,1,Electric Utility,ORW,other renewables,0.0,thousand megawatthours,2025,7
TX,Texas,1,Electric Utility,OTH,other,-0.065,thousand megawatthours,2025,7
TX,Texas,1,Electric Utility,PEL,petroleum liquids,,thousand megawatthours,2025,7
TX,Texas,1,Electric Utility,PET,petroleum,,thousand megawatthours,2025,7
TX,Texas,1,Electric Utility,RC,refined coal,0.0,thousand megawatthours,2025,7
TX,Texas,1,Electric Utility,REN,renewable,326.88215,thousand megawatthours,2025,7
TX,Texas,1,Electric Utility,RFO,residual fuel oil,0.0,thousand megawatthours,2025,7
TX,Texas,1,Electric Utility,SPV,solar photovoltaic,,thousand megawatthours,2025,7
TX,Texas,1,Electric Utility,SUB,subbituminous coal,2339.16252,thousand megawatthours,2025,7
TX,Texas,1,Electric Utility,SUN,solar,,thousand megawatthours,2025,7
TX,Texas,1,Electric Utility,TPV,estimated total solar photovoltaic,,thousand megawatthours,2025,7
TX,Texas,1,Electric Utility,TSN,estimated total solar,,thousand megawatthours,2025,7
TX,Texas,1,Electric Utility,WAS,renewable waste products,0.0,thousand megawatthours,2025,7
TX,Texas,1,Electric Utility,WND,wind,194.58265,thousand megawatthours,2025,7
TX,Texas,1,Electric Utility,WNT,onshore wind turbine,194.58265,thousand megawatthours,2025,7
TX,Texas,1,Electric Utility,WOO,waste oil and other oils,0.0,thousand megawatthours,2025,7
TX,Texas,1,Electric Utility,WWW,wood and wood wastes,24.602,thousand megawatthours,2025,7
CA,California,1,Electric Utility,ALL,all fuels,6219.13236,thousand megawatthours,2025,6
CA,California,1,Electric Utility,AOR,all renewables,239.87492,thousand megawatthours,2025,6
CA,California,1,Electric Utility,BIO,biomass,6.00962,thousand megawatthours,2025,6
CA,California,1,Electric Utility,DFO,distillate fuel oil,2.3873,thousand megawatthours,2025,6
CA,California,1,Electric Utility,DPV,estimated small scale solar photovoltaic,0.0,thousand megawatthours,2025,6
CA,California,1,Electric Utility,FOS,fossil fuels,1720.53546,thousand megawatthours,2025,6
CA,California,1,Electric Utility,GEO,geothermal,58.242,thousand megawatthours,2025,6
CA,California,1,Electric Utility,HPS,hydro-electric pumped storage,31.659,thousand megawatthours,2025,6
CA,California,1,Electric Utility,HYC,conventional hydroelectric,2597.63898,thousand megawatthours,2025,6
CA,California,1,Electric Utility,LFG,landfill gas,,thousand megawatthours,2025,6
CA,California,1,Electric Utility,MLG,municiapl landfill gas,,thousand megawatthours,2025,6
CA,California,1,Electric Utility,NG,natural gas,1718.03516,thousand megawatthours,2025,6
CA,California,1,Electric Utility,NGO,natural gas & other gases,1718.03516,thousand megawatthours,2025,6
CA,California,1,Electric Utility,NUC,nuclear,1637.668,thousand megawatthours,2025,6
CA,California,1,Electric Utility,OB2,biomass,5.83039,thousand megawatthours,2025,6
CA,California,1,Electric Utility,OBW,biomass,5.83039,thousand megawatthours,2025,6
CA,California,1,Electric Utility,OOG,other gases,0.0,thousand megawatthours,2025,6
CA,California,1,Electric Utility,ORW,other renewables,5.83039,thousand megawatthours,2025,6
CA,California,1,Electric Utility,OTH,other,-8.244,thousand megawatthours,2025,6
CA,California,1,Electric Utility,PEL,petroleum liquids,2.5003,thousand megawatthours,2025,6
CA,California,1,Electric Utility,PET,petroleum,2.5003,thousand megawatthours,2025,6
CA,California,1,Electric Utility,REN,renewable,2837.5139,thousand megawatthours,2025,6
CA,California,1,Electric Utility,RFO,residual fuel oil,0.0,thousand megawatthours,2025,6
CA,California,1,Electric Utility,SPV,solar photovoltaic,40.39245,thousand megawatthours,2025,6
CA,California,1,Electric Utility,SUN,solar,40.39245,thousand megawatthours,2025,6
CA,California,1,Electric Utility,TPV,estimated total solar photovoltaic,40.39245,thousand megawatthours,2025,6
CA,California,1,Electric Utility,TSN,estimated total solar,40.39245,thousand megawatthours,2025,6
CA,California,1,Electric Utility,WAS,renewable waste products,6.00962,thousand megawatthours,2025,6
CA,California,1,Electric Utility,WND,wind,135.23085,thousand megawatthours,2025,6
CA,California,1,Electric Utility,WNT,onshore wind turbine,135.23085,thousand megawatthours,2025,6
CA,California,1,Electric Utility,WOO,waste oil and other oils,0.113,thousand megawatthours,2025,6
CO,Colorado,1,Electric Utility,ALL,all fuels,2912.29402,thousand megawatthours,2025,6
CO,Colorado,1,Electric Utility,AOR,all renewables,366.89582,thousand megawatthours,2025,6
CO,Colorado,1,Electric Utility,BIS,bituminous coal and synthetic coal,237.2162,thousand megawatthours,2025,6
CO,Colorado,1,Electric Utility,BIT,bituminous coal,237.2162,thousand megawatthours,2025,6
CO,Colorado,1,Electric Utility,COL,"coal, excluding waste coal",1306.95176,thousand megawatthours,2025,6
CO,Colorado,1,Electric Utility,COW,all coal products,1306.95176,thousand megawatthours,2025,6
CO,Colorado,1,Electric Utility,DFO,distillate fuel oil,,thousand megawatthours,2025,6
CO,Colorado,1,Electric Utility,DPV,estimated small scale solar photovoltaic,0.0,thousand megawatthours,2025,6
CO,Colorado,1,Electric Utility,FOS,fossil fuels,2395.90403,thousand megawatthours,2025,6
CO,Colorado,1,Electric Utility,HPS,hydro-electric pumped storage,12.626,thousand megawatthours,2025,6
CO,Colorado,1,Electric Utility,HYC,conventional hydroelectric,136.87317,thousand megawatthours,2025,6
CO,Colorado,1,Electric Utility,NG,natural gas,1087.86551,thousand megawatthours,2025,6
CO,Colorado,1,Electric Utility,NGO,natural gas & other gases,1087.86551,thousand megawatthours,2025,6
CO,Colorado,1,Electric Utility,OTH,other,-0.005,thousand megawatthours,2025,6
CO,Colorado,1,Electric Utility,PEL,petroleum liquids,,thousand megawatthours,2025,6
CO,Colorado,1,Electric Utility,PET,petroleum,,thousand megawatthours,2025,6
CO,Colorado,1,Electric Utility,REN,renewable,503.76899,thousand megawatthours,2025,6
CO,Colorado,1,Electric Utility,SPV,solar photovoltaic,,thousand megawatthours,2025,6
CO,Colorado,1,Electric Utility,SUB,subbituminous coal,1069.73556,thousand megawatthours,2025,6
CO,Colorado,1,Electric Utility,SUN,solar,,thousand megawatthours,2025,6
CO,Colorado,1,Electric Utility,TPV,estimated total solar photovoltaic,,thousand megawatthours,2025,6
CO,Colorado,1,Electric Utility,TSN,estimated total solar,,thousand megawatthours,2025,6
CO,Colorado,1,Electric Utility,WND,wind,364.99648,thousand megawatthours,2025,6
CO,Colorado,1,Electric Utility,WNT,onshore wind turbine,364.99648,thousand megawatthours,2025,6
IL,Illinois,1,Electric Utility,ALL,all fuels,381.76316,thousand megawatthours,2025,6
IL,Illinois,1,Electric Utility,AOR,all renewables,78.0784,thousand megawatthours,2025,6
IL,Illinois,1,Electric Utility,BIO,biomass,8.08361,thousand megawatthours,2025,6
IL,Illinois,1,Electric Utility,BIS,bituminous coal and synthetic coal,141.92307,thousand megawatthours,2025,6
IL,Illinois,1,Electric Utility,BIT,bituminous coal,141.92307,thousand megawatthours,2025,6
IL,Illinois,1,Electric Utility,COL,"coal, excluding waste coal",141.92307,thousand megawatthours,2025,6
IL,Illinois,1,Electric Utility,COW,all coal products,141.92307,thousand megawatthours,2025,6
IL,Illinois,1,Electric Utility,DFO,distillate fuel oil,,thousand megawatthours,2025,6
IL,Illinois,1,Electric Utility,DPV,estimated small scale solar photovoltaic,0.0,thousand megawatthours,2025,6
IL,Illinois,1,Electric Utility,FOS,fossil fuels,299.81209,thousand megawatthours,2025,6
IL,Illinois,1,Electric Utility,HYC,conventional hydroelectric,,thousand megawatthours,2025,6
IL,Illinois,1,Electric Utility,LFG,landfill gas,8.08361,thousand megawatthours,2025,6
IL,Illinois,1,Electric Utility,MLG,municiapl landfill gas,8.08361,thousand megawatthours,2025,6
IL,Illinois,1,Electric Utility,NG,natural gas,156.94253,thousand megawatthours,2025,6
IL,Illinois,1,Electric Utility,NGO,natural gas & other gases,156.94253,thousand megawatthours,2025,6
IL,Illinois,1,Electric Utility,OTH,other,0.0,thousand megawatthours,2025,6
IL,Illinois,1,Electric Utility,PC,petroleum coke,0.0,thousand megawatthours,2025,6
IL,Illinois,1,Electric Utility,PEL,petroleum liquids,,thousand megawatthours,2025,6
IL,Illinois,1,Electric Utility,PET,petroleum,,thousand megawatthours,2025,6
IL,Illinois,1,Electric Utility,REN,renewable,81.95107,thousand megawatthours,2025,6
IL,Illinois,1,Electric Utility,SPV,solar photovoltaic,69.38125,thousand megawatthours,2025,6
IL,Illinois,1,Electric Utility,SUB,subbituminous coal,0.0,thousand megawatthours,2025,6
IL,Illinois,1,Electric Utility,SUN,solar,69.38125,thousand megawatthours,2025,6
IL,Illinois,1,Electric Utility,TPV,estimated total solar photovoltaic,69.38125,thousand megawatthours,2025,6
IL,Illinois,1,Electric Utility,TSN,estimated total solar,69.38125,thousand megawatthours,2025,6
IL,Illinois,1,Electric Utility,WAS,renewable waste products,8.08361,thousand megawatthours,2025,6
IL,Illinois,1,Electric Utility,WND,wind,,thousand megawatthours,2025,6
IL,Illinois,1,Electric Utility,WNT,onshore wind turbine,0.61354,thousand megawatthours,2025,6
IL,Illinois,1,Electric Utility,WOO,waste oil and other oils,0.019,thousand megawatthours,2025,6
NY,New York,1,Electric Utility,ALL,all fuels,3092.79789,thousand megawatthours,2025,6
NY,New York,1,Electric Utility,BIS,bituminous coal and synthetic coal,0.0,thousand megawatthours,2025,6
NY,New York,1,Electric Utility,BIT,bituminous coal,0.0,thousand megawatthours,2025,6
NY,New York,1,Electric Utility,COL,"coal, excluding waste coal",0.0,thousand megawatthours,2025,6
NY,New York,1,Electric Utility,COW,all coal products,0.0,thousand megawatthours,2025,6
NY,New York,1,Electric Utility,DFO,distillate fuel oil,10.67976,thousand megawatthours,2025,6
NY,New York,1,Electric Utility,DPV,estimated small scale solar photovoltaic,0.0,thousand megawatthours,2025,6
NY,New York,1,Electric Utility,FOS,fossil fuels,1260.16533,thousand megawatthours,2025,6
NY,New York,1,Electric Utility,HPS,hydro-electric pumped storage,-41.212,thousand megawatthours,2025,6
NY,New York,1,Electric Utility,HYC,conventional hydroelectric,1873.84456,thousand megawatthours,2025,6
NY,New York,1,Electric Utility,NG,natural gas,1238.76331,thousand megawatthours,2025,6
NY,New York,1,Electric Utility,NGO,natural gas & other gases,1238.76331,thousand megawatthours,2025,6
NY,New York,1,Electric Utility,OTH,other,0.0,thousand megawatthours,2025,6
NY,New York,1,Electric Utility,PEL,petroleum liquids,21.40202,thousand megawatthours,2025,6
NY,New York,1,Electric Utility,PET,petroleum,21.40202,thousand megawatthours,2025,6
NY,New York,1,Electric Utility,REN,renewable,1873.84456,thousand megawatthours,2025,6
NY,New York,1,Electric Utility,RFO,residual fuel oil,4.85472,thousand megawatthours,2025,6
NY,New York,1,Electric Utility,TPV,estimated total solar photovoltaic,0.0,thousand megawatthours,2025,6
NY,New York,1,Electric Utility,TSN,estimated total solar,0.0,thousand megawatthours,2025,6
NY,New York,1,Electric Utility,WOO,waste oil and other oils,5.86754,thousand megawatthours,2025,6
TX,Texas,1,Electric Utility,ALL,all fuels,9344.96874,thousand megawatthours,2025,6
TX,Texas,1,Electric Utility,AOR,all renewables,269.42692,thousand megawatthours,2025,6
TX,Texas,1,Electric Utility,BIO,biomass,17.915,thousand megawatthours,2025,6
TX,Texas,1,Electric Utility,COL,"coal, excluding waste coal",1926.73789,thousand megawatthours,2025,6
TX,Texas,1,Electric Utility,COW,all coal products,1926.73789,thousand megawatthours,2025,6
TX,Texas,1,Electric Utility,DFO,distillate fuel oil,3.1486,thousand megawatthours,2025,6
TX,Texas,1,Electric Utility,DPV,estimated small scale solar photovoltaic,0.0,thousand megawatthours,2025,6
TX,Texas,1,Electric Utility,FOS,fossil fuels,8956.89901,thousand megawatthours,2025,6
TX,Texas,1,Electric Utility,HYC,conventional hydroelectric,118.7048,thousand megawatthours,2025,6
TX,Texas,1,Electric Utility,LIG,lignite coal,150.37688,thousand megawatthours,2025,6
TX,Texas,1,Electric Utility,NG,natural gas,7027.01252,thousand megawatthours,2025,6
TX,Texas,1,Electric Utility,NGO,natural gas & other gases,7027.01252,thousand megawatthours,2025,6
TX,Texas,1,Electric Utility,OB2,biomass,0.0,thousand megawatthours,2025,6
TX,Texas,1,Electric Utility,OBW,biomass,0.0,thousand megawatthours,2025,6
TX,Texas,1,Electric Utility,ORW,other renewables,0.0,thousand megawatthours,2025,6
TX,Texas,1,Electric Utility,OTH,other,-0.062,thousand megawatthours,2025,6
TX,Texas,1,Electric Utility,PEL,petroleum liquids,3.1486,thousand megawatthours,2025,6
TX,Texas,1,Electric Utility,PET,petroleum,3.1486,thousand megawatthours,2025,6
TX,Texas,1,Electric Utility,RC,refined coal,0.0,thousand megawatthours,2025,6
TX,Texas,1,Electric Utility,REN,renewable,388.13173,thousand megawatthours,2025,6
TX,Texas,1,Electric Utility,RFO,residual fuel oil,0.0,thousand megawatthours,2025,6
TX,Texas,1,Electric Utility,SPV,solar photovoltaic,,thousand megawatthours,2025,6
TX,Texas,1,Electric Utility,SUB,subbituminous coal,1776.361,thousand megawatthours,2025,6
TX,Texas,1,Electric Utility,SUN,solar,,thousand megawatthours,2025,6
TX,Texas,1,Electric Utility,TPV,estimated total solar photovoltaic,,thousand megawatthours,2025,6
TX,Texas,1,Electric Utility,TSN,estimated total solar,,thousand megawatthours,2025,6
TX,Texas,1,Electric Utility,WAS,renewable waste products,0.0,thousand megawatthours,2025,6
TX,Texas,1,Electric Utility,WND,wind,247.36205,thousand megawatthours,2025,6
TX,Texas,1,Electric Utility,WNT,onshore wind turbine,247.36205,thousand megawatthours,2025,6
TX,Texas,1,Electric Utility,WOO,waste oil and other oils,0.0,thousand megawatthours,2025,6
TX,Texas,1,Electric Utility,WWW,wood and wood wastes,17.915,thousand megawatthours,2025,6
CA,California,1,Electric Utility,ALL,all fuels,5810.10097,thousand megawatthours,2025,5
CA,California,1,Electric Utility,AOR,all renewables,198.60883,thousand megawatthours,2025,5
CA,California,1,Electric Utility,BIO,biomass,5.38596,thousand megawatthours,2025,5
CA,California,1,Electric Utility,DFO,distillate fuel oil,2.29392,thousand megawatthours,2025,5
CA,California,1,Electric Utility,DPV,estimated small scale solar photovoltaic,0.0,thousand megawatthours,2025,5
CA,California,1,Electric Utility,FOS,fossil fuels,1494.55397,thousand megawatthours,2025,5
CA,California,1,Electric Utility,GEO,geothermal,38.14,thousand megawatthours,2025,5
CA,California,1,Electric Utility,HPS,hydro-electric pumped storage,73.179,thousand megawatthours,2025,5
CA,California,1,Electric Utility,HYC,conventional hydroelectric,2899.78918,thousand megawatthours,2025,5
CA,California,1,Electric Utility,LFG,landfill gas,,thousand megawatthours,2025,5
CA,California,1,Electric Utility,MLG,municiapl landfill gas,,thousand megawatthours,2025,5
CA,California,1,Electric Utility,NG,natural gas,1492.14104,thousand megawatthours,2025,5
CA,California,1,Electric Utility,NGO,natural gas & other gases,1492.14104,thousand megawatthours,2025,5
CA,California,1,Electric Utility,NUC,nuclear,1150.741,thousand megawatthours,2025,5
CA,California,1,Electric Utility,OB2,biomass,5.20938,thousand megawatthours,2025,5
CA,California,1,Electric Utility,OBW,biomass,5.20938,thousand megawatthours,2025,5
CA,California,1,Electric Utility,OOG,other gases,0.0,thousand megawatthours,2025,5
CA,California,1,Electric Utility,ORW,other renewables,5.20938,thousand megawatthours,2025,5
CA,California,1,Electric Utility,OTH,other,-6.771,thousand megawatthours,2025,5
CA,California,1,Electric Utility,PEL,petroleum liquids,2.41292,thousand megawatthours,2025,5
CA,California,1,Electric Utility,PET,petroleum,2.41292,thousand megawatthours,2025,5
CA,California,1,Electric Utility,REN,renewable,3098.39801,thousand megawatthours,2025,5
CA,California,1,Electric Utility,RFO,residual fuel oil,0.0,thousand megawatthours,2025,5
CA,California,1,Electric Utility,SPV,solar photovoltaic,37.71322,thousand megawatthours,2025,5
CA,California,1,Electric Utility,SUN,solar,37.71322,thousand megawatthours,2025,5
CA,California,1,Electric Utility,TPV,estimated total solar photovoltaic,37.71322,thousand megawatthours,2025,5
CA,California,1,Electric Utility,TSN,estimated total solar,37.71322,thousand megawatthours,2025,5
CA,California,1,Electric Utility,WAS,renewable waste products,5.38596,thousand megawatthours,2025,5
CA,California,1,Electric Utility,WND,wind,117.36966,thousand megawatthours,2025,5
CA,California,1,Electric Utility,WNT,onshore wind turbine,117.36966,thousand megawatthours,2025,5
CA,California,1,Electric Utility,WOO,waste oil and other oils,0.119,thousand megawatthours,2025,5
CO,Colorado,1,Electric Utility,ALL,all fuels,2648.75924,thousand megawatthours,2025,5
CO,Colorado,1,Electric Utility,AOR,all renewables,319.66706,thousand megawatthours,2025,5
CO,Colorado,1,Electric Utility,BIS,bituminous coal and synthetic coal,178.23431,thousand megawatthours,2025,5
CO,Colorado,1,Electric Utility,BIT,bituminous coal,178.23431,thousand megawatthours,2025,5
CO,Colorado,1,Electric Utility,COL,"coal, excluding waste coal",1241.03191,thousand megawatthours,2025,5
CO,Colorado,1,Electric Utility,COW,all coal products,1241.03191,thousand megawatthours,2025,5
CO,Colorado,1,Electric Utility,DFO,distillate fuel oil,,thousand megawatthours,2025,5
CO,Colorado,1,Electric Utility,DPV,estimated small scale solar photovoltaic,0.0,thousand megawatthours,2025,5
CO,Colorado,1,Electric Utility,FOS,fossil fuels,2171.6828,thousand megawatthours,2025,5
CO,Colorado,1,Electric Utility,HPS,hydro-electric pumped storage,14.082,thousand megawatthours,2025,5
CO,Colorado,1,Electric Utility,HYC,conventional hydroelectric,143.33038,thousand megawatthours,2025,5
CO,Colorado,1,Electric Utility,NG,natural gas,929.14981,thousand megawatthours,2025,5
CO,Colorado,1,Electric Utility,NGO,natural gas & other gases,929.14981,thousand megawatthours,2025,5
CO,Colorado,1,Electric Utility,OTH,other,-0.003,thousand megawatthours,2025,5
CO,Colorado,1,Electric Utility,PEL,petroleum liquids,,thousand megawatthours,2025,5
CO,Colorado,1,Electric Utility,PET,petroleum,,thousand megawatthours,2025,5
CO,Colorado,1,Electric Utility,REN,renewable,462.99744,thousand megawatthours,2025,5
CO,Colorado,1,Electric Utility,SPV,solar photovoltaic,,thousand megawatthours,2025,5
CO,Colorado,1,Electric Utility,SUB,subbituminous coal,1062.79761,thousand megawatthours,2025,5
CO,Colorado,1,Electric Utility,SUN,solar,,thousand megawatthours,2025,5
CO,Colorado,1,Electric Utility,TPV,estimated total solar photovoltaic,,thousand megawatthours,2025,5
CO,Colorado,1,Electric Utility,TSN,estimated total solar,,thousand megawatthours,2025,5
CO,Colorado,1,Electric Utility,WND,wind,317.87601,thousand megawatthours,2025,5
CO,Colorado,1,Electric Utility,WNT,onshore wind turbine,317.87601,thousand megawatthours,2025,5
IL,Illinois,1,Electric Utility,ALL,all fuels,151.27441,thousand megawatthours,2025,5
IL,Illinois,1,Electric Utility,AOR,all renewables,72.60287,thousand megawatthours,2025,5
IL,Illinois,1,Electric Utility,BIO,biomass,8.17764,thousand megawatthours,2025,5
IL,Illinois,1,Electric Utility,BIS,bituminous coal and synthetic coal,71.12739,thousand megawatthours,2025,5
IL,Illinois,1,Electric Utility,BIT,bituminous coal,71.12739,thousand megawatthours,2025,5
IL,Illinois,1,Electric Utility,COL,"coal, excluding waste coal",71.12739,thousand megawatthours,2025,5
IL,Illinois,1,Electric Utility,COW,all coal products,71.12739,thousand megawatthours,2025,5
IL,Illinois,1,Electric Utility,DFO,distillate fuel oil,0.27962,thousand megawatthours,2025,5
IL,Illinois,1,Electric Utility,DPV,estimated small scale solar photovoltaic,0.0,thousand megawatthours,2025,5
IL,Illinois,1,Electric Utility,FOS,fossil fuels,74.60615,thousand megawatthours,2025,5
IL,Illinois,1,Electric Utility,HYC,conventional hydroelectric,,thousand megawatthours,2025,5
IL,Illinois,1,Electric Utility,LFG,landfill gas,8.17764,thousand megawatthours,2025,5
IL,Illinois,1,Electric Utility,MLG,municiapl landfill gas,8.17764,thousand megawatthours,2025,5
IL,Illinois,1,Electric Utility,NG,natural gas,,thousand megawatthours,2025,5
IL,Illinois,1,Electric Utility,NGO,natural gas & other gases,,thousand megawatthours,2025,5
IL,Illinois,1,Electric Utility,OTH,other,0.0,thousand megawatthours,2025,5
IL,Illinois,1,Electric Utility,PC,petroleum coke,0.0,thousand megawatthours,2025,5
IL,Illinois,1,Electric Utility,PEL,petroleum liquids,0.27962,thousand megawatthours,2025,5
IL,Illinois,1,Electric Utility,PET,petroleum,0.27962,thousand megawatthours,2025,5
IL,Illinois,1,Electric Utility,REN,renewable,76.66826,thousand megawatthours,2025,5
IL,Illinois,1,Electric Utility,SPV,solar photovoltaic,63.69296,thousand megawatthours,2025,5
IL,Illinois,1,Electric Utility,SUB,subbituminous coal,0.0,thousand megawatthours,2025,5
IL,Illinois,1,Electric Utility,SUN,solar,63.69296,thousand megawatthours,2025,5
IL,Illinois,1,Electric Utility,TPV,estimated total solar photovoltaic,63.69296,thousand megawatthours,2025,5
IL,Illinois,1,Electric Utility,TSN,estimated total solar,63.69296,thousand megawatthours,2025,5
IL,Illinois,1,Electric Utility,WAS,renewable waste products,8.17764,thousand megawatthours,2025,5
IL,Illinois,1,Electric Utility,WND,wind,,thousand megawatthours,2025,5
IL,Illinois,1,Electric Utility,WNT,onshore wind turbine,0.73226,thousand megawatthours,2025,5
IL,Illinois,1,Electric Utility,WOO,waste oil and other oils,0.0,thousand megawatthours,2025,5
NY,New York,1,Electric Utility,ALL,all fuels,2853.92922,thousand megawatthours,2025,5
NY,New York,1,Electric Utility,BIS,bituminous coal and synthetic coal,0.0,thousand megawatthours,2025,5
NY,New York,1,Electric Utility,BIT,bituminous coal,0.0,thousand megawatthours,2025,5
NY,New York,1,Electric Utility,COL,"coal, excluding waste coal",0.0,thousand megawatthours,2025,5
NY,New York,1,Electric Utility,COW,all coal products,0.0,thousand megawatthours,2025,5
NY,New York,1,Electric Utility,DFO,distillate fuel oil,,thousand megawatthours,2025,5
NY,New York,1,Electric Utility,DPV,estimated small scale solar photovoltaic,0.0,thousand megawatthours,2025,5
NY,New York,1,Electric Utility,FOS,fossil fuels,915.43564,thousand megawatthours,2025,5
NY,New York,1,Electric Utility,HPS,hydro-electric pumped storage,-40.487,thousand megawatthours,2025,5
NY,New York,1,Electric Utility,HYC,conventional hydroelectric,1978.98058,thousand megawatthours,2025,5
NY,New York,1,Electric Utility,NG,natural gas,912.18357,thousand megawatthours,2025,5
NY,New York,1,Electric Utility,NGO,natural gas & other gases,912.18357,thousand megawatthours,2025,5
NY,New York,1,Electric Utility,OTH,other,0.0,thousand megawatthours,2025,5
NY,New York,1,Electric Utility,PEL,petroleum liquids,3.25207,thousand megawatthours,2025,5
NY,New York,1,Electric Utility,PET,petroleum,3.25207,thousand megawatthours,2025,5
NY,New York,1,Electric Utility,REN,renewable,1978.98058,thousand megawatthours,2025,5
NY,New York,1,Electric Utility,RFO,residual fuel oil,0.0,thousand megawatthours,2025,5
NY,New York,1,Electric Utility,TPV,estimated total solar photovoltaic,0.0,thousand megawatthours,2025,5
NY,New York,1,Electric Utility,TSN,estimated total solar,0.0,thousand megawatthours,2025,5
NY,New York,1,Electric Utility,WOO,waste oil and other oils,,thousand megawatthours,2025,5
TX,Texas,1,Electric Utility,ALL,all fuels,8366.83966,thousand megawatthours,2025,5
TX,Texas,1,Electric Utility,AOR,all renewables,244.08664,thousand megawatthours,2025,5
TX,Texas,1,Electric Utility,BIO,biomass,3.748,thousand megawatthours,2025,5
TX,Texas,1,Electric Utility,COL,"coal, excluding waste coal",1702.8741,thousand megawatthours,2025,5
TX,Texas,1,Electric Utility,COW,all coal products,1702.8741,thousand megawatthours,2025,5
TX,Texas,1,Electric Utility,DFO,distillate fuel oil,3.71239,thousand megawatthours,2025,5
TX,Texas,1,Electric Utility,DPV,estimated small scale solar photovoltaic,0.0,thousand megawatthours,2025,5
TX,Texas,1,Electric Utility,FOS,fossil fuels,7982.45226,thousand megawatthours,2025,5
TX,Texas,1,Electric Utility,HYC,conventional hydroelectric,140.36377,thousand megawatthours,2025,5
TX,Texas,1,Electric Utility,LIG,lignite coal,175.85229,thousand megawatthours,2025,5
TX,Texas,1,Electric Utility,NG,natural gas,6275.86577,thousand megawatthours,2025,5
TX,Texas,1,Electric Utility,NGO,natural gas & other gases,6275.86577,thousand megawatthours,2025,5
TX,Texas,1,Electric Utility,OB2,biomass,0.0,thousand megawatthours,2025,5
TX,Texas,1,Electric Utility,OBW,biomass,0.0,thousand megawatthours,2025,5
TX,Texas,1,Electric Utility,ORW,other renewables,0.0,thousand megawatthours,2025,5
TX,Texas,1,Electric Utility,OTH,other,-0.063,thousand megawatthours,2025,5
TX,Texas,1,Electric Utility,PEL,petroleum liquids,3.71239,thousand megawatthours,2025,5
TX,Texas,1,Electric Utility,PET,petroleum,3.71239,thousand megawatthours,2025,5
TX,Texas,1,Electric Utility,RC,refined coal,0.0,thousand megawatthours,2025,5
TX,Texas,1,Electric Utility,REN,renewable,384.4504,thousand megawatthours,2025,5
TX,Texas,1,Electric Utility,RFO,residual fuel oil,0.0,thousand megawatthours,2025,5
TX,Texas,1,Electric Utility,SPV,solar photovoltaic,,thousand megawatthours,2025,5
TX,Texas,1,Electric Utility,SUB,subbituminous coal,1527.02181,thousand megawatthours,2025,5
TX,Texas,1,Electric Utility,SUN,solar,,thousand megawatthours,2025,5
TX,Texas,1,Electric Utility,TPV,estimated total solar photovoltaic,,thousand megawatthours,2025,5
TX,Texas,1,Electric Utility,TSN,estimated total solar,,thousand megawatthours,2025,5
TX,Texas,1,Electric Utility,WAS,renewable waste products,0.0,thousand megawatthours,2025,5
TX,Texas,1,Electric Utility,WND,wind,236.42462,thousand megawatthours,2025,5
TX,Texas,1,Electric Utility,WNT,onshore wind turbine,236.42462,thousand megawatthours,2025,5
TX,Texas,1,Electric Utility,WOO,waste oil and other oils,0.0,thousand megawatthours,2025,5
TX,Texas,1,Electric Utility,WWW,wood and wood wastes,3.748,thousand megawatthours,2025,5
CA,California,1,Electric Utility,ALL,all fuels,5046.58424,thousand megawatthours,2025,4
CA,California,1,Electric Utility,AOR,all renewables,189.96004,thousand megawatthours,2025,4
CA,California,1,Electric Utility,BIO,biomass,2.3318,thousand megawatthours,2025,4
CA,California,1,Electric Utility,DFO,distillate fuel oil,2.29915,thousand megawatthours,2025,4
CA,California,1,Electric Utility,DPV,estimated small scale solar photovoltaic,0.0,thousand megawatthours,2025,4
CA,California,1,Electric Utility,FOS,fossil fuels,1005.71678,thousand megawatthours,2025,4
CA,California,1,Electric Utility,GEO,geothermal,66.996,thousand megawatthours,2025,4
CA,California,1,Electric Utility,HPS,hydro-electric pumped storage,-13.41,thousand megawatthours,2025,4
CA,California,1,Electric Utility,HYC,conventional hydroelectric,2731.18842,thousand megawatthours,2025,4
CA,California,1,Electric Utility,LFG,landfill gas,,thousand megawatthours,2025,4
CA,California,1,Electric Utility,MLG,municiapl landfill gas,,thousand megawatthours,2025,4
CA,California,1,Electric Utility,NG,natural gas,1003.30263,thousand megawatthours,2025,4
CA,California,1,Electric Utility,NGO,natural gas & other gases,1003.30263,thousand megawatthours,2025,4
CA,California,1,Electric Utility,NUC,nuclear,1141.022,thousand megawatthours,2025,4
CA,California,1,Electric Utility,OB2,biomass,2.17031,thousand megawatthours,2025,4
CA,California,1,Electric Utility,OBW,biomass,2.17031,thousand megawatthours,2025,4
CA,California,1,Electric Utility,OOG,other gases,0.0,thousand megawatthours,2025,4
CA,California,1,Electric Utility,ORW,other renewables,2.17031,thousand megawatthours,2025,4
CA,California,1,Electric Utility,OTH,other,-7.893,thousand megawatthours,2025,4
CA,California,1,Electric Utility,PEL,petroleum liquids,2.41415,thousand megawatthours,2025,4
CA,California,1,Electric Utility,PET,petroleum,2.41415,thousand megawatthours,2025,4
CA,California,1,Electric Utility,REN,renewable,2921.14846,thousand megawatthours,2025,4
CA,California,1,Electric Utility,RFO,residual fuel oil,0.0,thousand megawatthours,2025,4
CA,California,1,Electric Utility,SPV,solar photovoltaic,35.60355,thousand megawatthours,2025,4
CA,California,1,Electric Utility,SUN,solar,35.60355,thousand megawatthours,2025,4
CA,California,1,Electric Utility,TPV,estimated total solar photovoltaic,35.60355,thousand megawatthours,2025,4
CA,California,1,Electric Utility,TSN,estimated total solar,35.60355,thousand megawatthours,2025,4
CA,California,1,Electric Utility,WAS,renewable waste products,2.3318,thousand megawatthours,2025,4
CA,California,1,Electric Utility,WND,wind,85.02869,thousand megawatthours,2025,4
CA,California,1,Electric Utility,WNT,onshore wind turbine,85.02869,thousand megawatthours,2025,4
CA,California,1,Electric Utility,WOO,waste oil and other oils,0.115,thousand megawatthours,2025,4
CO,Colorado,1,Electric Utility,ALL,all fuels,2562.34025,thousand megawatthours,2025,4
CO,Colorado,1,Electric Utility,AOR,all renewables,302.73989,thousand megawatthours,2025,4
CO,Colorado,1,Electric Utility,BIS,bituminous coal and synthetic coal,200.07409,thousand megawatthours,2025,4
CO,Colorado,1,Electric Utility,BIT,bituminous coal,200.07409,thousand megawatthours,2025,4
CO,Colorado,1,Electric Utility,COL,"coal, excluding waste coal",1251.44851,thousand megawatthours,2025,4
CO,Colorado,1,Electric Utility,COW,all coal products,1251.44851,thousand megawatthours,2025,4
CO,Colorado,1,Electric Utility,DFO,distillate fuel oil,,thousand megawatthours,2025,4
CO,Colorado,1,Electric Utility,DPV,estimated small scale solar photovoltaic,0.0,thousand megawatthours,2025,4
CO,Colorado,1,Electric Utility,FOS,fossil fuels,2119.35074,thousand megawatthours,2025,4
CO,Colorado,1,Electric Utility,HPS,hydro-electric pumped storage,16.354,thousand megawatthours,2025,4
CO,Colorado,1,Electric Utility,HYC,conventional hydroelectric,123.90162,thousand megawatthours,2025,4
CO,Colorado,1,Electric Utility,NG,natural gas,866.11451,thousand megawatthours,2025,4
CO,Colorado,1,Electric Utility,NGO,natural gas & other gases,866.11451,thousand megawatthours,2025,4
CO,Colorado,1,Electric Utility,OTH,other,-0.006,thousand megawatthours,2025,4
CO,Colorado,1,Electric Utility,PEL,petroleum liquids,,thousand megawatthours,2025,4
CO,Colorado,1,Electric Utility,PET,petroleum,,thousand megawatthours,2025,4
CO,Colorado,1,Electric Utility,REN,renewable,426.64151,thousand megawatthours,2025,4
CO,Colorado,1,Electric Utility,SPV,solar photovoltaic,,thousand megawatthours,2025,4
CO,Colorado,1,Electric Utility,SUB,subbituminous coal,1051.37443,thousand megawatthours,2025,4
CO,Colorado,1,Electric Utility,SUN,solar,,thousand megawatthours,2025,4
CO,Colorado,1,Electric Utility,TPV,estimated total solar photovoltaic,,thousand megawatthours,2025,4
CO,Colorado,1,Electric Utility,TSN,estimated total solar,,thousand megawatthours,2025,4
CO,Colorado,1,Electric Utility,WND,wind,301.09574,thousand megawatthours,2025,4
CO,Colorado,1,Electric Utility,WNT,onshore wind turbine,301.09574,thousand megawatthours,2025,4
IL,Illinois,1,Electric Utility,ALL,all fuels,232.16992,thousand megawatthours,2025,4
IL,Illinois,1,Electric Utility,AOR,all renewables,63.09082,thousand megawatthours,2025,4
IL,Illinois,1,Electric Utility,BIO,biomass,8.01592,thousand megawatthours,2025,4
IL,Illinois,1,Electric Utility,BIS,bituminous coal and synthetic coal,81.04496,thousand megawatthours,2025,4
IL,Illinois,1,Electric Utility,BIT,bituminous coal,81.04496,thousand megawatthours,2025,4
IL,Illinois,1,Electric Utility,COL,"coal, excluding waste coal",81.04496,thousand megawatthours,2025,4
IL,Illinois,1,Electric Utility,COW,all coal products,81.04496,thousand megawatthours,2025,4
IL,Illinois,1,Electric Utility,DFO,distillate fuel oil,0.41354,thousand megawatthours,2025,4
IL,Illinois,1,Electric Utility,DPV,estimated small scale solar photovoltaic,0.0,thousand megawatthours,2025,4
IL,Illinois,1,Electric Utility,FOS,fossil fuels,165.96906,thousand megawatthours,2025,4
IL,Illinois,1,Electric Utility,HYC,conventional hydroelectric,,thousand megawatthours,2025,4
IL,Illinois,1,Electric Utility,LFG,landfill gas,8.01592,thousand megawatthours,2025,4
IL,Illinois,1,Electric Utility,MLG,municiapl landfill gas,8.01592,thousand megawatthours,2025,4
IL,Illinois,1,Electric Utility,NG,natural gas,,thousand megawatthours,2025,4
IL,Illinois,1,Electric Utility,NGO,natural gas & other gases,,thousand megawatthours,2025,4
IL,Illinois,1,Electric Utility,OTH,other,0.0,thousand megawatthours,2025,4
IL,Illinois,1,Electric Utility,PC,petroleum coke,0.0,thousand megawatthours,2025,4
IL,Illinois,1,Electric Utility,PEL,petroleum liquids,0.41354,thousand megawatthours,2025,4
IL,Illinois,1,Electric Utility,PET,petroleum,0.41354,thousand megawatthours,2025,4
IL,Illinois,1,Electric Utility,REN,renewable,66.20086,thousand megawatthours,2025,4
IL,Illinois,1,Electric Utility,SPV,solar photovoltaic,54.05128,thousand megawatthours,2025,4
IL,Illinois,1,Electric Utility,SUB,subbituminous coal,0.0,thousand megawatthours,2025,4
IL,Illinois,1,Electric Utility,SUN,solar,54.05128,thousand megawatthours,2025,4
IL,Illinois,1,Electric Utility,TPV,estimated total solar photovoltaic,54.05128,thousand megawatthours,2025,4
IL,Illinois,1,Electric Utility,TSN,estimated total solar,54.05128,thousand megawatthours,2025,4
IL,Illinois,1,Electric Utility,WAS,renewable waste products,8.01592,thousand megawatthours,2025,4
IL,Illinois,1,Electric Utility,WND,wind,1.02362,thousand megawatthours,2025,4
IL,Illinois,1,Electric Utility,WNT,onshore wind turbine,1.02362,thousand megawatthours,2025,4
IL,Illinois,1,Electric Utility,WOO,waste oil and other oils,0.0,thousand megawatthours,2025,4
NY,New York,1,Electric Utility,ALL,all fuels,2380.62647,thousand megawatthours,2025,4
NY,New York,1,Electric Utility,BIS,bituminous coal and synthetic coal,0.0,thousand megawatthours,2025,4
NY,New York,1,Electric Utility,BIT,bituminous coal,0.0,thousand megawatthours,2025,4
NY,New York,1,Electric Utility,COL,"coal, excluding waste coal",0.0,thousand megawatthours,2025,4
NY,New York,1,Electric Utility,COW,all coal products,0.0,thousand megawatthours,2025,4
NY,New York,1,Electric Utility,DFO,distillate fuel oil,2.62742,thousand megawatthours,2025,4
NY,New York,1,Electric Utility,DPV,estimated small scale solar photovoltaic,0.0,thousand megawatthours,2025,4
NY,New York,1,Electric Utility,FOS,fossil fuels,634.2924,thousand megawatthours,2025,4
NY,New York,1,Electric Utility,HPS,hydro-electric pumped storage,-31.22,thousand megawatthours,2025,4
NY,New York,1,Electric Utility,HYC,conventional hydroelectric,1777.55407,thousand megawatthours,2025,4
NY,New York,1,Electric Utility,NG,natural gas,630.30751,thousand megawatthours,2025,4
NY,New York,1,Electric Utility,NGO,natural gas & other gases,630.30751,thousand megawatthours,2025,4
NY,New York,1,Electric Utility,OTH,other,0.0,thousand megawatthours,2025,4
NY,New York,1,Electric Utility,PEL,petroleum liquids,3.98489,thousand megawatthours,2025,4
NY,New York,1,Electric Utility,PET,petroleum,3.98489,thousand megawatthours,2025,4
NY,New York,1,Electric Utility,REN,renewable,1777.55407,thousand megawatthours,2025,4
NY,New York,1,Electric Utility,RFO,residual fuel oil,0.0,thousand megawatthours,2025,4
NY,New York,1,Electric Utility,TPV,estimated total solar photovoltaic,0.0,thousand megawatthours,2025,4
NY,New York,1,Electric Utility,TSN,estimated total solar,0.0,thousand megawatthours,2025,4
NY,New York,1,Electric Utility,WOO,waste oil and other oils,1.35747,thousand megawatthours,2025,4
TX,Texas,1,Electric Utility,ALL,all fuels,5862.11656,thousand megawatthours,2025,4
TX,Texas,1,Electric Utility,AOR,all renewables,295.22263,thousand megawatthours,2025,4
TX,Texas,1,Electric Utility,BIO,biomass,0.0,thousand megawatthours,2025,4
TX,Texas,1,Electric Utility,COL,"coal, excluding waste coal",1309.60819,thousand megawatthours,2025,4
TX,Texas,1,Electric Utility,COW,all coal products,1309.60819,thousand megawatthours,2025,4
TX,Texas,1,Electric Utility,DFO,distillate fuel oil,3.29103,thousand megawatthours,2025,4
TX,Texas,1,Electric Utility,DPV,estimated small scale solar photovoltaic,0.0,thousand megawatthours,2025,4
TX,Texas,1,Electric Utility,FOS,fossil fuels,5458.56999,thousand megawatthours,2025,4
TX,Texas,1,Electric Utility,HYC,conventional hydroelectric,108.38293,thousand megawatthours,2025,4
TX,Texas,1,Electric Utility,LIG,lignite coal,0.0,thousand megawatthours,2025,4
TX,Texas,1,Electric Utility,NG,natural gas,4145.67077,thousand megawatthours,2025,4
TX,Texas,1,Electric Utility,NGO,natural gas & other gases,4145.67077,thousand megawatthours,2025,4
TX,Texas,1,Electric Utility,OB2,biomass,0.0,thousand megawatthours,2025,4
TX,Texas,1,Electric Utility,OBW,biomass,0.0,thousand megawatthours,2025,4
TX,Texas,1,Electric Utility,ORW,other renewables,0.0,thousand megawatthours,2025,4
TX,Texas,1,Electric Utility,OTH,other,-0.059,thousand megawatthours,2025,4
TX,Texas,1,Electric Utility,PEL,petroleum liquids,3.29103,thousand megawatthours,2025,4
TX,Texas,1,Electric Utility,PET,petroleum,3.29103,thousand megawatthours,2025,4
TX,Texas,1,Electric Utility,RC,refined coal,0.0,thousand megawatthours,2025,4
TX,Texas,1,Electric Utility,REN,renewable,403.60556,thousand megawatthours,2025,4
TX,Texas,1,Electric Utility,RFO,residual fuel oil,0.0,thousand megawatthours,2025,4
TX,Texas,1,Electric Utility,SPV,solar photovoltaic,,thousand megawatthours,2025,4
TX,Texas,1,Electric Utility,SUB,subbituminous coal,1309.60819,thousand megawatthours,2025,4
TX,Texas,1,Electric Utility,SUN,solar,,thousand megawatthours,2025,4
TX,Texas,1,Electric Utility,TPV,estimated total solar photovoltaic,,thousand megawatthours,2025,4
TX,Texas,1,Electric Utility,TSN,estimated total solar,,thousand megawatthours,2025,4
TX,Texas,1,Electric Utility,WAS,renewable waste products,0.0,thousand megawatthours,2025,4
TX,Texas,1,Electric Utility,WND,wind,293.6532,thousand megawatthours,2025,4
TX,Texas,1,Electric Utility,WNT,onshore wind turbine,293.6532,thousand megawatthours,2025,4
TX,Texas,1,Electric Utility,WOO,waste oil and other oils,0.0,thousand megawatthours,2025,4
TX,Texas,1,Electric Utility,WWW,wood and wood wastes,0.0,thousand megawatthours,2025,4
CA,California,1,Electric Utility,ALL,all fuels,5563.30611,thousand megawatthours,2025,3
CA,California,1,Electric Utility,AOR,all renewables,144.45061,thousand megawatthours,2025,3
CA,California,1,Electric Utility,BIO,biomass,3.87935,thousand megawatthours,2025,3
CA,California,1,Electric Utility,DFO,distillate fuel oil,2.42131,thousand megawatthours,2025,3
CA,California,1,Electric Utility,DPV,estimated small scale solar photovoltaic,0.0,thousand megawatthours,2025,3
CA,California,1,Electric Utility,FOS,fossil fuels,1389.25035,thousand megawatthours,2025,3
CA,California,1,Electric Utility,GEO,geothermal,40.237,thousand megawatthours,2025,3
CA,California,1,Electric Utility,HPS,hydro-electric pumped storage,-22.645,thousand megawatthours,2025,3
CA,California,1,Electric Utility,HYC,conventional hydroelectric,2473.78215,thousand megawatthours,2025,3
CA,California,1,Electric Utility,LFG,landfill gas,,thousand megawatthours,2025,3
CA,California,1,Electric Utility,MLG,municiapl landfill gas,,thousand megawatthours,2025,3
CA,California,1,Electric Utility,NG,natural gas,1386.69904,thousand megawatthours,2025,3
CA,California,1,Electric Utility,NGO,natural gas & other gases,1386.69904,thousand megawatthours,2025,3
CA,California,1,Electric Utility,NUC,nuclear,1583.593,thousand megawatthours,2025,3
CA,California,1,Electric Utility,OB2,biomass,3.70011,thousand megawatthours,2025,3
CA,California,1,Electric Utility,OBW,biomass,3.70011,thousand megawatthours,2025,3
CA,California,1,Electric Utility,OOG,other gases,0.0,thousand megawatthours,2025,3
CA,California,1,Electric Utility,ORW,other renewables,3.70011,thousand megawatthours,2025,3
CA,California,1,Electric Utility,OTH,other,-5.125,thousand megawatthours,2025,3
CA,California,1,Electric Utility,PEL,petroleum liquids,2.55131,thousand megawatthours,2025,3
CA,California,1,Electric Utility,PET,petroleum,2.55131,thousand megawatthours,2025,3
CA,California,1,Electric Utility,REN,renewable,2618.23276,thousand megawatthours,2025,3
CA,California,1,Electric Utility,RFO,residual fuel oil,0.0,thousand megawatthours,2025,3
CA,California,1,Electric Utility,SPV,solar photovoltaic,32.575,thousand megawatthours,2025,3
CA,California,1,Electric Utility,SUN,solar,32.575,thousand megawatthours,2025,3
CA,California,1,Electric Utility,TPV,estimated total solar photovoltaic,32.575,thousand megawatthours,2025,3
CA,California,1,Electric Utility,TSN,estimated total solar,32.575,thousand megawatthours,2025,3
CA,California,1,Electric Utility,WAS,renewable waste products,3.87935,thousand megawatthours,2025,3
CA,California,1,Electric Utility,WND,wind,67.75926,thousand megawatthours,2025,3
CA,California,1,Electric Utility,WNT,onshore wind turbine,67.75926,thousand megawatthours,2025,3
CA,California,1,Electric Utility,WOO,waste oil and other oils,0.13,thousand megawatthours,2025,3
CO,Colorado,1,Electric Utility,ALL,all fuels,2555.29151,thousand megawatthours,2025,3
CO,Colorado,1,Electric Utility,AOR,all renewables,331.51094,thousand megawatthours,2025,3
CO,Colorado,1,Electric Utility,BIS,bituminous coal and synthetic coal,230.79577,thousand megawatthours,2025,3
CO,Colorado,1,Electric Utility,BIT,bituminous coal,230.79577,thousand megawatthours,2025,3
CO,Colorado,1,Electric Utility,COL,"coal, excluding waste coal",1198.97701,thousand megawatthours,2025,3
CO,Colorado,1,Electric Utility,COW,all coal products,1198.97701,thousand megawatthours,2025,3
CO,Colorado,1,Electric Utility,DFO,distillate fuel oil,,thousand megawatthours,2025,3
CO,Colorado,1,Electric Utility,DPV,estimated small scale solar photovoltaic,0.0,thousand megawatthours,2025,3
CO,Colorado,1,Electric Utility,FOS,fossil fuels,2072.25673,thousand megawatthours,2025,3
CO,Colorado,1,Electric Utility,HPS,hydro-electric pumped storage,4.918,thousand megawatthours,2025,3
CO,Colorado,1,Electric Utility,HYC,conventional hydroelectric,146.61484,thousand megawatthours,2025,3
CO,Colorado,1,Electric Utility,NG,natural gas,871.78613,thousand megawatthours,2025,3
CO,Colorado,1,Electric Utility,NGO,natural gas & other gases,871.78613,thousand megawatthours,2025,3
CO,Colorado,1,Electric Utility,OTH,other,-0.009,thousand megawatthours,2025,3
CO,Colorado,1,Electric Utility,PEL,petroleum liquids,,thousand megawatthours,2025,3
CO,Colorado,1,Electric Utility,PET,petroleum,,thousand megawatthours,2025,3
CO,Colorado,1,Electric Utility,REN,renewable,478.12578,thousand megawatthours,2025,3
CO,Colorado,1,Electric Utility,SPV,solar photovoltaic,,thousand megawatthours,2025,3
CO,Colorado,1,Electric Utility,SUB,subbituminous coal,968.18124,thousand megawatthours,2025,3
CO,Colorado,1,Electric Utility,SUN,solar,,thousand megawatthours,2025,3
CO,Colorado,1,Electric Utility,TPV,estimated total solar photovoltaic,,thousand megawatthours,2025,3
CO,Colorado,1,Electric Utility,TSN,estimated total solar,,thousand megawatthours,2025,3
CO,Colorado,1,Electric Utility,WND,wind,330.08096,thousand megawatthours,2025,3
CO,Colorado,1,Electric Utility,WNT,onshore wind turbine,330.08096,thousand megawatthours,2025,3
IL,Illinois,1,Electric Utility,ALL,all fuels,210.51966,thousand megawatthours,2025,3
IL,Illinois,1,Electric Utility,AOR,all renewables,61.95662,thousand megawatthours,2025,3
IL,Illinois,1,Electric Utility,BIO,biomass,7.71123,thousand megawatthours,2025,3
IL,Illinois,1,Electric Utility,BIS,bituminous coal and synthetic coal,113.3997,thousand megawatthours,2025,3
IL,Illinois,1,Electric Utility,BIT,bituminous coal,113.3997,thousand megawatthours,2025,3
IL,Illinois,1,Electric Utility,COL,"coal, excluding waste coal",113.3997,thousand megawatthours,2025,3
IL,Illinois,1,Electric Utility,COW,all coal products,113.3997,thousand megawatthours,2025,3
IL,Illinois,1,Electric Utility,DFO,distillate fuel oil,,thousand megawatthours,2025,3
IL,Illinois,1,Electric Utility,DPV,estimated small scale solar photovoltaic,0.0,thousand megawatthours,2025,3
IL,Illinois,1,Electric Utility,FOS,fossil fuels,144.9201,thousand megawatthours,2025,3
IL,Illinois,1,Electric Utility,HYC,conventional hydroelectric,,thousand megawatthours,2025,3
IL,Illinois,1,Electric Utility,LFG,landfill gas,7.71123,thousand megawatthours,2025,3
IL,Illinois,1,Electric Utility,MLG,municiapl landfill gas,7.71123,thousand megawatthours,2025,3
IL,Illinois,1,Electric Utility,NG,natural gas,31.10937,thousand megawatthours,2025,3
IL,Illinois,1,Electric Utility,NGO,natural gas & other gases,31.10937,thousand megawatthours,2025,3
IL,Illinois,1,Electric Utility,OTH,other,0.0,thousand megawatthours,2025,3
IL,Illinois,1,Electric Utility,PC,petroleum coke,0.0,thousand megawatthours,2025,3
IL,Illinois,1,Electric Utility,PEL,petroleum liquids,,thousand megawatthours,2025,3
IL,Illinois,1,Electric Utility,PET,petroleum,,thousand megawatthours,2025,3
IL,Illinois,1,Electric Utility,REN,renewable,65.59956,thousand megawatthours,2025,3
IL,Illinois,1,Electric Utility,SPV,solar photovoltaic,52.85669,thousand megawatthours,2025,3
IL,Illinois,1,Electric Utility,SUB,subbituminous coal,0.0,thousand megawatthours,2025,3
IL,Illinois,1,Electric Utility,SUN,solar,52.85669,thousand megawatthours,2025,3
IL,Illinois,1,Electric Utility,TPV,estimated total solar photovoltaic,52.85669,thousand megawatthours,2025,3
IL,Illinois,1,Electric Utility,TSN,estimated total solar,52.85669,thousand megawatthours,2025,3
IL,Illinois,1,Electric Utility,WAS,renewable waste products,7.71123,thousand megawatthours,2025,3
IL,Illinois,1,Electric Utility,WND,wind,,thousand megawatthours,2025,3
IL,Illinois,1,Electric Utility,WNT,onshore wind turbine,1.3887,thousand megawatthours,2025,3
IL,Illinois,1,Electric Utility,WOO,waste oil and other oils,0.0,thousand megawatthours,2025,3
NY,New York,1,Electric Utility,ALL,all fuels,2554.24188,thousand megawatthours,2025,3
NY,New York,1,Electric Utility,BIS,bituminous coal and synthetic coal,0.0,thousand megawatthours,2025,3
NY,New York,1,Electric Utility,BIT,bituminous coal,0.0,thousand megawatthours,2025,3
NY,New York,1,Electric Utility,COL,"coal, excluding waste coal",0.0,thousand megawatthours,2025,3
NY,New York,1,Electric Utility,COW,all coal products,0.0,thousand megawatthours,2025,3
NY,New York,1,Electric Utility,DFO,distillate fuel oil,,thousand megawatthours,2025,3
NY,New York,1,Electric Utility,DPV,estimated small scale solar photovoltaic,0.0,thousand megawatthours,2025,3
NY,New York,1,Electric Utility,FOS,fossil fuels,648.24813,thousand megawatthours,2025,3
NY,New York,1,Electric Utility,HPS,hydro-electric pumped storage,-24.653,thousand megawatthours,2025,3
NY,New York,1,Electric Utility,HYC,conventional hydroelectric,1930.64675,thousand megawatthours,2025,3
NY,New York,1,Electric Utility,NG,natural gas,645.29775,thousand megawatthours,2025,3
NY,New York,1,Electric Utility,NGO,natural gas & other gases,645.29775,thousand megawatthours,2025,3
NY,New York,1,Electric Utility,OTH,other,0.0,thousand megawatthours,2025,3
NY,New York,1,Electric Utility,PEL,petroleum liquids,2.95037,thousand megawatthours,2025,3
NY,New York,1,Electric Utility,PET,petroleum,2.95037,thousand megawatthours,2025,3
NY,New York,1,Electric Utility,REN,renewable,1930.64675,thousand megawatthours,2025,3
NY,New York,1,Electric Utility,RFO,residual fuel oil,0.0,thousand megawatthours,2025,3
NY,New York,1,Electric Utility,TPV,estimated total solar photovoltaic,0.0,thousand megawatthours,2025,3
NY,New York,1,Electric Utility,TSN,estimated total solar,0.0,thousand megawatthours,2025,3
NY,New York,1,Electric Utility,WOO,waste oil and other oils,,thousand megawatthours,2025,3
TX,Texas,1,Electric Utility,ALL,all fuels,5394.42284,thousand megawatthours,2025,3
TX,Texas,1,Electric Utility,AOR,all renewables,309.29171,thousand megawatthours,2025,3
TX,Texas,1,Electric Utility,BIO,biomass,0.0,thousand megawatthours,2025,3
TX,Texas,1,Electric Utility,COL,"coal, excluding waste coal",1381.91363,thousand megawatthours,2025,3
TX,Texas,1,Electric Utility,COW,all coal products,1381.91363,thousand megawatthours,2025,3
TX,Texas,1,Electric Utility,DFO,distillate fuel oil,,thousand megawatthours,2025,3
TX,Texas,1,Electric Utility,DPV,estimated small scale solar photovoltaic,0.0,thousand megawatthours,2025,3
TX,Texas,1,Electric Utility,FOS,fossil fuels,4963.53734,thousand megawatthours,2025,3
TX,Texas,1,Electric Utility,HYC,conventional hydroelectric,121.65679,thousand megawatthours,2025,3
TX,Texas,1,Electric Utility,LIG,lignite coal,0.0,thousand megawatthours,2025,3
TX,Texas,1,Electric Utility,NG,natural gas,3579.55769,thousand megawatthours,2025,3
TX,Texas,1,Electric Utility,NGO,natural gas & other gases,3579.55769,thousand megawatthours,2025,3
TX,Texas,1,Electric Utility,OB2,biomass,0.0,thousand megawatthours,2025,3
TX,Texas,1,Electric Utility,OBW,biomass,0.0,thousand megawatthours,2025,3
TX,Texas,1,Electric Utility,ORW,other renewables,0.0,thousand megawatthours,2025,3
TX,Texas,1,Electric Utility,OTH,other,-0.063,thousand megawatthours,2025,3
TX,Texas,1,Electric Utility,PEL,petroleum liquids,,thousand megawatthours,2025,3
TX,Texas,1,Electric Utility,PET,petroleum,,thousand megawatthours,2025,3
TX,Texas,1,Electric Utility,RC,refined coal,0.0,thousand megawatthours,2025,3
TX,Texas,1,Electric Utility,REN,renewable,430.9485,thousand megawatthours,2025,3
TX,Texas,1,Electric Utility,RFO,residual fuel oil,0.0,thousand megawatthours,2025,3
TX,Texas,1,Electric Utility,SPV,solar photovoltaic,,thousand megawatthours,2025,3
TX,Texas,1,Electric Utility,SUB,subbituminous coal,1381.91363,thousand megawatthours,2025,3
TX,Texas,1,Electric Utility,SUN,solar,,thousand megawatthours,2025,3
TX,Texas,1,Electric Utility,TPV,estimated total solar photovoltaic,,thousand megawatthours,2025,3
TX,Texas,1,Electric Utility,TSN,estimated total solar,,thousand megawatthours,2025,3
TX,Texas,1,Electric Utility,WAS,renewable waste products,0.0,thousand megawatthours,2025,3
TX,Texas,1,Electric Utility,WND,wind,307.90391,thousand megawatthours,2025,3
TX,Texas,1,Electric Utility,WNT,onshore wind turbine,307.90391,thousand megawatthours,2025,3
TX,Texas,1,Electric Utility,WOO,waste oil and other oils,0.0,thousand megawatthours,2025,3
TX,Texas,1,Electric Utility,WWW,wood and wood wastes,0.0,thousand megawatthours,2025,3
CA,California,1,Electric Utility,ALL,all fuels,5870.29735,thousand megawatthours,2025,2
CA,California,1,Electric Utility,AOR,all renewables,126.527,thousand megawatthours,2025,2
CA,California,1,Electric Utility,BIO,biomass,5.97868,thousand megawatthours,2025,2
CA,California,1,Electric Utility,DFO,distillate fuel oil,,thousand megawatthours,2025,2
CA,California,1,Electric Utility,DPV,estimated small scale solar photovoltaic,0.0,thousand megawatthours,2025,2
CA,California,1,Electric Utility,FOS,fossil fuels,1997.19433,thousand megawatthours,2025,2
CA,California,1,Electric Utility,GEO,geothermal,53.528,thousand megawatthours,2025,2
CA,California,1,Electric Utility,HPS,hydro-electric pumped storage,-17.261,thousand megawatthours,2025,2
CA,California,1,Electric Utility,HYC,conventional hydroelectric,2243.62303,thousand megawatthours,2025,2
CA,California,1,Electric Utility,LFG,landfill gas,,thousand megawatthours,2025,2
CA,California,1,Electric Utility,MLG,municiapl landfill gas,,thousand megawatthours,2025,2
CA,California,1,Electric Utility,NG,natural gas,1994.91316,thousand megawatthours,2025,2
CA,California,1,Electric Utility,NGO,natural gas & other gases,1994.91316,thousand megawatthours,2025,2
CA,California,1,Electric Utility,NUC,nuclear,1523.028,thousand megawatthours,2025,2
CA,California,1,Electric Utility,OB2,biomass,5.81453,thousand megawatthours,2025,2
CA,California,1,Electric Utility,OBW,biomass,5.81453,thousand megawatthours,2025,2
CA,California,1,Electric Utility,OOG,other gases,0.0,thousand megawatthours,2025,2
CA,California,1,Electric Utility,ORW,other renewables,5.81453,thousand megawatthours,2025,2
CA,California,1,Electric Utility,OTH,other,-2.814,thousand megawatthours,2025,2
CA,California,1,Electric Utility,PEL,petroleum liquids,,thousand megawatthours,2025,2
CA,California,1,Electric Utility,PET,petroleum,,thousand megawatthours,2025,2
CA,California,1,Electric Utility,REN,renewable,2370.15002,thousand megawatthours,2025,2
CA,California,1,Electric Utility,RFO,residual fuel oil,0.0,thousand megawatthours,2025,2
CA,California,1,Electric Utility,SPV,solar photovoltaic,20.96107,thousand megawatthours,2025,2
CA,California,1,Electric Utility,SUN,solar,20.96107,thousand megawatthours,2025,2
CA,California,1,Electric Utility,TPV,estimated total solar photovoltaic,20.96107,thousand megawatthours,2025,2
CA,California,1,Electric Utility,TSN,estimated total solar,20.96107,thousand megawatthours,2025,2
CA,California,1,Electric Utility,WAS,renewable waste products,5.97868,thousand megawatthours,2025,2
CA,California,1,Electric Utility,WND,wind,46.05924,thousand megawatthours,2025,2
CA,California,1,Electric Utility,WNT,onshore wind turbine,46.05924,thousand megawatthours,2025,2
CA,California,1,Electric Utility,WOO,waste oil and other oils,0.112,thousand megawatthours,2025,2
CO,Colorado,1,Electric Utility,ALL,all fuels,2970.3191,thousand megawatthours,2025,2
CO,Colorado,1,Electric Utility,AOR,all renewables,329.41501,thousand megawatthours,2025,2
CO,Colorado,1,Electric Utility,BIS,bituminous coal and synthetic coal,164.65814,thousand megawatthours,2025,2
CO,Colorado,1,Electric Utility,BIT,bituminous coal,164.65814,thousand megawatthours,2025,2
CO,Colorado,1,Electric Utility,COL,"coal, excluding waste coal",1432.99911,thousand megawatthours,2025,2
CO,Colorado,1,Electric Utility,COW,all coal products,1432.99911,thousand megawatthours,2025,2
CO,Colorado,1,Electric Utility,DFO,distillate fuel oil,,thousand megawatthours,2025,2
CO,Colorado,1,Electric Utility,DPV,estimated small scale solar photovoltaic,0.0,thousand megawatthours,2025,2
CO,Colorado,1,Electric Utility,FOS,fossil fuels,2513.44634,thousand megawatthours,2025,2
CO,Colorado,1,Electric Utility,HPS,hydro-electric pumped storage,1.962,thousand megawatthours,2025,2
CO,Colorado,1,Electric Utility,HYC,conventional hydroelectric,125.51175,thousand megawatthours,2025,2
CO,Colorado,1,Electric Utility,NG,natural gas,1078.45697,thousand megawatthours,2025,2
CO,Colorado,1,Electric Utility,NGO,natural gas & other gases,1078.45697,thousand megawatthours,2025,2
CO,Colorado,1,Electric Utility,OTH,other,-0.016,thousand megawatthours,2025,2
CO,Colorado,1,Electric Utility,PEL,petroleum liquids,,thousand megawatthours,2025,2
CO,Colorado,1,Electric Utility,PET,petroleum,,thousand megawatthours,2025,2
CO,Colorado,1,Electric Utility,REN,renewable,454.92676,thousand megawatthours,2025,2
CO,Colorado,1,Electric Utility,SPV,solar photovoltaic,,thousand megawatthours,2025,2
CO,Colorado,1,Electric Utility,SUB,subbituminous coal,1268.34097,thousand megawatthours,2025,2
CO,Colorado,1,Electric Utility,SUN,solar,,thousand megawatthours,2025,2
CO,Colorado,1,Electric Utility,TPV,estimated total solar photovoltaic,,thousand megawatthours,2025,2
CO,Colorado,1,Electric Utility,TSN,estimated total solar,,thousand megawatthours,2025,2
CO,Colorado,1,Electric Utility,WND,wind,328.38276,thousand megawatthours,2025,2
CO,Colorado,1,Electric Utility,WNT,onshore wind turbine,328.38276,thousand megawatthours,2025,2
IL,Illinois,1,Electric Utility,ALL,all fuels,298.41027,thousand megawatthours,2025,2
IL,Illinois,1,Electric Utility,AOR,all renewables,46.70447,thousand megawatthours,2025,2
IL,Illinois,1,Electric Utility,BIO,biomass,7.28385,thousand megawatthours,2025,2
IL,Illinois,1,Electric Utility,BIS,bituminous coal and synthetic coal,152.26959,thousand megawatthours,2025,2
IL,Illinois,1,Electric Utility,BIT,bituminous coal,152.26959,thousand megawatthours,2025,2
IL,Illinois,1,Electric Utility,COL,"coal, excluding waste coal",152.26959,thousand megawatthours,2025,2
IL,Illinois,1,Electric Utility,COW,all coal products,152.26959,thousand megawatthours,2025,2
IL,Illinois,1,Electric Utility,DFO,distillate fuel oil,,thousand megawatthours,2025,2
IL,Illinois,1,Electric Utility,DPV,estimated small scale solar photovoltaic,0.0,thousand megawatthours,2025,2
IL,Illinois,1,Electric Utility,FOS,fossil fuels,247.95854,thousand megawatthours,2025,2
IL,Illinois,1,Electric Utility,HYC,conventional hydroelectric,,thousand megawatthours,2025,2
IL,Illinois,1,Electric Utility,LFG,landfill gas,7.28385,thousand megawatthours,2025,2
IL,Illinois,1,Electric Utility,MLG,municiapl landfill gas,7.28385,thousand megawatthours,2025,2
IL,Illinois,1,Electric Utility,NG,natural gas,95.30179,thousand megawatthours,2025,2
IL,Illinois,1,Electric Utility,NGO,natural gas & other gases,95.30179,thousand megawatthours,2025,2
IL,Illinois,1,Electric Utility,OTH,other,0.0,thousand megawatthours,2025,2
IL,Illinois,1,Electric Utility,PC,petroleum coke,0.0,thousand megawatthours,2025,2
IL,Illinois,1,Electric Utility,PEL,petroleum liquids,,thousand megawatthours,2025,2
IL,Illinois,1,Electric Utility,PET,petroleum,,thousand megawatthours,2025,2
IL,Illinois,1,Electric Utility,REN,renewable,50.45173,thousand megawatthours,2025,2
IL,Illinois,1,Electric Utility,SPV,solar photovoltaic,38.58808,thousand megawatthours,2025,2
IL,Illinois,1,Electric Utility,SUB,subbituminous coal,0.0,thousand megawatthours,2025,2
IL,Illinois,1,Electric Utility,SUN,solar,38.58808,thousand megawatthours,2025,2
IL,Illinois,1,Electric Utility,TPV,estimated total solar photovoltaic,38.58808,thousand megawatthours,2025,2
IL,Illinois,1,Electric Utility,TSN,estimated total solar,38.58808,thousand megawatthours,2025,2
IL,Illinois,1,Electric Utility,WAS,renewable waste products,7.28385,thousand megawatthours,2025,2
IL,Illinois,1,Electric Utility,WND,wind,,thousand megawatthours,2025,2
IL,Illinois,1,Electric Utility,WNT,onshore wind turbine,0.83254,thousand megawatthours,2025,2
IL,Illinois,1,Electric Utility,WOO,waste oil and other oils,0.0,thousand megawatthours,2025,2
NY,New York,1,Electric Utility,ALL,all fuels,2480.72799,thousand megawatthours,2025,2
NY,New York,1,Electric Utility,BIS,bituminous coal and synthetic coal,0.0,thousand megawatthours,2025,2
NY,New York,1,Electric Utility,BIT,bituminous coal,0.0,thousand megawatthours,2025,2
NY,New York,1,Electric Utility,COL,"coal, excluding waste coal",0.0,thousand megawatthours,2025,2
NY,New York,1,Electric Utility,COW,all coal products,0.0,thousand megawatthours,2025,2
NY,New York,1,Electric Utility,DFO,distillate fuel oil,24.22932,thousand megawatthours,2025,2
NY,New York,1,Electric Utility,DPV,estimated small scale solar photovoltaic,0.0,thousand megawatthours,2025,2
NY,New York,1,Electric Utility,FOS,fossil fuels,929.29024,thousand megawatthours,2025,2
NY,New York,1,Electric Utility,HPS,hydro-electric pumped storage,-39.529,thousand megawatthours,2025,2
NY,New York,1,Electric Utility,HYC,conventional hydroelectric,1590.96674,thousand megawatthours,2025,2
NY,New York,1,Electric Utility,NG,natural gas,846.14242,thousand megawatthours,2025,2
NY,New York,1,Electric Utility,NGO,natural gas & other gases,846.14242,thousand megawatthours,2025,2
NY,New York,1,Electric Utility,OTH,other,0.0,thousand megawatthours,2025,2
NY,New York,1,Electric Utility,PEL,petroleum liquids,83.14783,thousand megawatthours,2025,2
NY,New York,1,Electric Utility,PET,petroleum,83.14783,thousand megawatthours,2025,2
NY,New York,1,Electric Utility,REN,renewable,1590.96674,thousand megawatthours,2025,2
NY,New York,1,Electric Utility,RFO,residual fuel oil,55.24464,thousand megawatthours,2025,2
NY,New York,1,Electric Utility,TPV,estimated total solar photovoltaic,0.0,thousand megawatthours,2025,2
NY,New York,1,Electric Utility,TSN,estimated total solar,0.0,thousand megawatthours,2025,2
NY,New York,1,Electric Utility,WOO,waste oil and other oils,3.67387,thousand megawatthours,2025,2
TX,Texas,1,Electric Utility,ALL,all fuels,7185.74177,thousand megawatthours,2025,2
TX,Texas,1,Electric Utility,AOR,all renewables,221.07813,thousand megawatthours,2025,2
TX,Texas,1,Electric Utility,BIO,biomass,10.253,thousand megawatthours,2025,2
TX,Texas,1,Electric Utility,COL,"coal, excluding waste coal",1883.17561,thousand megawatthours,2025,2
TX,Texas,1,Electric Utility,COW,all coal products,1883.17561,thousand megawatthours,2025,2
TX,Texas,1,Electric Utility,DFO,distillate fuel oil,,thousand megawatthours,2025,2
TX,Texas,1,Electric Utility,DPV,estimated small scale solar photovoltaic,0.0,thousand megawatthours,2025,2
TX,Texas,1,Electric Utility,FOS,fossil fuels,6834.6254,thousand megawatthours,2025,2
TX,Texas,1,Electric Utility,HYC,conventional hydroelectric,130.09224,thousand megawatthours,2025,2
TX,Texas,1,Electric Utility,LIG,lignite coal,115.99909,thousand megawatthours,2025,2
TX,Texas,1,Electric Utility,NG,natural gas,4946.2448,thousand megawatthours,2025,2
TX,Texas,1,Electric Utility,NGO,natural gas & other gases,4946.2448,thousand megawatthours,2025,2
TX,Texas,1,Electric Utility,OB2,biomass,0.0,thousand megawatthours,2025,2
TX,Texas,1,Electric Utility,OBW,biomass,0.0,thousand megawatthours,2025,2
TX,Texas,1,Electric Utility,ORW,other renewables,0.0,thousand megawatthours,2025,2
TX,Texas,1,Electric Utility,OTH,other,-0.054,thousand megawatthours,2025,2
TX,Texas,1,Electric Utility,PEL,petroleum liquids,,thousand megawatthours,2025,2
TX,Texas,1,Electric Utility,PET,petroleum,,thousand megawatthours,2025,2
TX,Texas,1,Electric Utility,RC,refined coal,0.0,thousand megawatthours,2025,2
TX,Texas,1,Electric Utility,REN,renewable,351.17037,thousand megawatthours,2025,2
TX,Texas,1,Electric Utility,RFO,residual fuel oil,0.0,thousand megawatthours,2025,2
TX,Texas,1,Electric Utility,SPV,solar photovoltaic,,thousand megawatthours,2025,2
TX,Texas,1,Electric Utility,SUB,subbituminous coal,1767.17652,thousand megawatthours,2025,2
TX,Texas,1,Electric Utility,SUN,solar,,thousand megawatthours,2025,2
TX,Texas,1,Electric Utility,TPV,estimated total solar photovoltaic,,thousand megawatthours,2025,2
TX,Texas,1,Electric Utility,TSN,estimated total solar,,thousand megawatthours,2025,2
TX,Texas,1,Electric Utility,WAS,renewable waste products,0.0,thousand megawatthours,2025,2
TX,Texas,1,Electric Utility,WND,wind,209.86442,thousand megawatthours,2025,2
TX,Texas,1,Electric Utility,WNT,onshore wind turbine,209.86442,thousand megawatthours,2025,2
TX,Texas,1,Electric Utility,WOO,waste oil and other oils,0.0,thousand megawatthours,2025,2
TX,Texas,1,Electric Utility,WWW,wood and wood wastes,10.253,thousand megawatthours,2025,2
CA,California,1,Electric Utility,ALL,all fuels,5848.27487,thousand megawatthours,2025,1
CA,California,1,Electric Utility,AOR,all renewables,140.61545,thousand megawatthours,2025,1
CA,California,1,Electric Utility,BIO,biomass,5.91246,thousand megawatthours,2025,1
CA,California,1,Electric Utility,DFO,distillate fuel oil,2.44786,thousand megawatthours,2025,1
CA,California,1,Electric Utility,DPV,estimated small scale solar photovoltaic,0.0,thousand megawatthours,2025,1
CA,California,1,Electric Utility,FOS,fossil fuels,2574.53635,thousand megawatthours,2025,1
CA,California,1,Electric Utility,GEO,geothermal,69.56,thousand megawatthours,2025,1
CA,California,1,Electric Utility,HPS,hydro-electric pumped storage,-45.552,thousand megawatthours,2025,1
CA,California,1,Electric Utility,HYC,conventional hydroelectric,1495.33607,thousand megawatthours,2025,1
CA,California,1,Electric Utility,LFG,landfill gas,,thousand megawatthours,2025,1
CA,California,1,Electric Utility,MLG,municiapl landfill gas,,thousand megawatthours,2025,1
CA,California,1,Electric Utility,NG,natural gas,2571.99148,thousand megawatthours,2025,1
CA,California,1,Electric Utility,NGO,natural gas & other gases,2571.99148,thousand megawatthours,2025,1
CA,California,1,Electric Utility,NUC,nuclear,1686.34,thousand megawatthours,2025,1
CA,California,1,Electric Utility,OB2,biomass,5.73465,thousand megawatthours,2025,1
CA,California,1,Electric Utility,OBW,biomass,5.73465,thousand megawatthours,2025,1
CA,California,1,Electric Utility,OOG,other gases,0.0,thousand megawatthours,2025,1
CA,California,1,Electric Utility,ORW,other renewables,5.73465,thousand megawatthours,2025,1
CA,California,1,Electric Utility,OTH,other,-3.001,thousand megawatthours,2025,1
CA,California,1,Electric Utility,PEL,petroleum liquids,2.54486,thousand megawatthours,2025,1
CA,California,1,Electric Utility,PET,petroleum,2.54486,thousand megawatthours,2025,1
CA,California,1,Electric Utility,REN,renewable,1635.95153,thousand megawatthours,2025,1
CA,California,1,Electric Utility,RFO,residual fuel oil,0.0,thousand megawatthours,2025,1
CA,California,1,Electric Utility,SPV,solar photovoltaic,20.63562,thousand megawatthours,2025,1
CA,California,1,Electric Utility,SUN,solar,20.63562,thousand megawatthours,2025,1
CA,California,1,Electric Utility,TPV,estimated total solar photovoltaic,20.63562,thousand megawatthours,2025,1
CA,California,1,Electric Utility,TSN,estimated total solar,20.63562,thousand megawatthours,2025,1
CA,California,1,Electric Utility,WAS,renewable waste products,5.91246,thousand megawatthours,2025,1
CA,California,1,Electric Utility,WND,wind,44.50737,thousand megawatthours,2025,1
CA,California,1,Electric Utility,WNT,onshore wind turbine,44.50737,thousand megawatthours,2025,1
CA,California,1,Electric Utility,WOO,waste oil and other oils,0.097,thousand megawatthours,2025,1
CO,Colorado,1,Electric Utility,ALL,all fuels,3546.44196,thousand megawatthours,2025,1
CO,Colorado,1,Electric Utility,AOR,all renewables,363.66199,thousand megawatthours,2025,1
CO,Colorado,1,Electric Utility,BIS,bituminous coal and synthetic coal,178.05816,thousand megawatthours,2025,1
CO,Colorado,1,Electric Utility,BIT,bituminous coal,178.05816,thousand megawatthours,2025,1
CO,Colorado,1,Electric Utility,COL,"coal, excluding waste coal",1710.4299,thousand megawatthours,2025,1
CO,Colorado,1,Electric Utility,COW,all coal products,1710.4299,thousand megawatthours,2025,1
CO,Colorado,1,Electric Utility,DFO,distillate fuel oil,,thousand megawatthours,2025,1
CO,Colorado,1,Electric Utility,DPV,estimated small scale solar photovoltaic,0.0,thousand megawatthours,2025,1
CO,Colorado,1,Electric Utility,FOS,fossil fuels,3034.8922,thousand megawatthours,2025,1
CO,Colorado,1,Electric Utility,HPS,hydro-electric pumped storage,-1.354,thousand megawatthours,2025,1
CO,Colorado,1,Electric Utility,HYC,conventional hydroelectric,150.26978,thousand megawatthours,2025,1
CO,Colorado,1,Electric Utility,NG,natural gas,1321.67697,thousand megawatthours,2025,1
CO,Colorado,1,Electric Utility,NGO,natural gas & other gases,1321.67697,thousand megawatthours,2025,1
CO,Colorado,1,Electric Utility,OTH,other,-1.028,thousand megawatthours,2025,1
CO,Colorado,1,Electric Utility,PEL,petroleum liquids,,thousand megawatthours,2025,1
CO,Colorado,1,Electric Utility,PET,petroleum,,thousand megawatthours,2025,1
CO,Colorado,1,Electric Utility,REN,renewable,513.93176,thousand megawatthours,2025,1
CO,Colorado,1,Electric Utility,SPV,solar photovoltaic,,thousand megawatthours,2025,1
CO,Colorado,1,Electric Utility,SUB,subbituminous coal,1532.37174,thousand megawatthours,2025,1
CO,Colorado,1,Electric Utility,SUN,solar,,thousand megawatthours,2025,1
CO,Colorado,1,Electric Utility,TPV,estimated total solar photovoltaic,,thousand megawatthours,2025,1
CO,Colorado,1,Electric Utility,TSN,estimated total solar,,thousand megawatthours,2025,1
CO,Colorado,1,Electric Utility,WND,wind,362.67365,thousand megawatthours,2025,1
CO,Colorado,1,Electric Utility,WNT,onshore wind turbine,362.67365,thousand megawatthours,2025,1
IL,Illinois,1,Electric Utility,ALL,all fuels,419.09657,thousand megawatthours,2025,1
IL,Illinois,1,Electric Utility,AOR,all renewables,44.74385,thousand megawatthours,2025,1
IL,Illinois,1,Electric Utility,BIO,biomass,8.48899,thousand megawatthours,2025,1
IL,Illinois,1,Electric Utility,BIS,bituminous coal and synthetic coal,165.65603,thousand megawatthours,2025,1
IL,Illinois,1,Electric Utility,BIT,bituminous coal,165.65603,thousand megawatthours,2025,1
IL,Illinois,1,Electric Utility,COL,"coal, excluding waste coal",165.65603,thousand megawatthours,2025,1
IL,Illinois,1,Electric Utility,COW,all coal products,165.65603,thousand megawatthours,2025,1
IL,Illinois,1,Electric Utility,DFO,distillate fuel oil,,thousand megawatthours,2025,1
IL,Illinois,1,Electric Utility,DPV,estimated small scale solar photovoltaic,0.0,thousand megawatthours,2025,1
IL,Illinois,1,Electric Utility,FOS,fossil fuels,371.05583,thousand megawatthours,2025,1
IL,Illinois,1,Electric Utility,HYC,conventional hydroelectric,3.29689,thousand megawatthours,2025,1
IL,Illinois,1,Electric Utility,LFG,landfill gas,8.48899,thousand megawatthours,2025,1
IL,Illinois,1,Electric Utility,MLG,municiapl landfill gas,8.48899,thousand megawatthours,2025,1
IL,Illinois,1,Electric Utility,NG,natural gas,204.58353,thousand megawatthours,2025,1
IL,Illinois,1,Electric Utility,NGO,natural gas & other gases,204.58353,thousand megawatthours,2025,1
IL,Illinois,1,Electric Utility,OTH,other,0.0,thousand megawatthours,2025,1
IL,Illinois,1,Electric Utility,PC,petroleum coke,0.0,thousand megawatthours,2025,1
IL,Illinois,1,Electric Utility,PEL,petroleum liquids,,thousand megawatthours,2025,1
IL,Illinois,1,Electric Utility,PET,petroleum,,thousand megawatthours,2025,1
IL,Illinois,1,Electric Utility,REN,renewable,48.04074,thousand megawatthours,2025,1
IL,Illinois,1,Electric Utility,SPV,solar photovoltaic,35.26159,thousand megawatthours,2025,1
IL,Illinois,1,Electric Utility,SUB,subbituminous coal,0.0,thousand megawatthours,2025,1
IL,Illinois,1,Electric Utility,SUN,solar,35.26159,thousand megawatthours,2025,1
IL,Illinois,1,Electric Utility,TPV,estimated total solar photovoltaic,35.26159,thousand megawatthours,2025,1
IL,Illinois,1,Electric Utility,TSN,estimated total solar,35.26159,thousand megawatthours,2025,1
IL,Illinois,1,Electric Utility,WAS,renewable waste products,8.48899,thousand megawatthours,2025,1
IL,Illinois,1,Electric Utility,WND,wind,,thousand megawatthours,2025,1
IL,Illinois,1,Electric Utility,WNT,onshore wind turbine,0.99326,thousand megawatthours,2025,1
IL,Illinois,1,Electric Utility,WOO,waste oil and other oils,0.0,thousand megawatthours,2025,1
NY,New York,1,Electric Utility,ALL,all fuels,2939.09851,thousand megawatthours,2025,1
NY,New York,1,Electric Utility,BIS,bituminous coal and synthetic coal,0.0,thousand megawatthours,2025,1
NY,New York,1,Electric Utility,BIT,bituminous coal,0.0,thousand megawatthours,2025,1
NY,New York,1,Electric Utility,COL,"coal, excluding waste coal",0.0,thousand megawatthours,2025,1
NY,New York,1,Electric Utility,COW,all coal products,0.0,thousand megawatthours,2025,1
NY,New York,1,Electric Utility,DFO,distillate fuel oil,65.4725,thousand megawatthours,2025,1
NY,New York,1,Electric Utility,DPV,estimated small scale solar photovoltaic,0.0,thousand megawatthours,2025,1
NY,New York,1,Electric Utility,FOS,fossil fuels,1084.51762,thousand megawatthours,2025,1
NY,New York,1,Electric Utility,HPS,hydro-electric pumped storage,-28.551,thousand megawatthours,2025,1
NY,New York,1,Electric Utility,HYC,conventional hydroelectric,1883.13189,thousand megawatthours,2025,1
NY,New York,1,Electric Utility,NG,natural gas,871.55085,thousand megawatthours,2025,1
NY,New York,1,Electric Utility,NGO,natural gas & other gases,871.55085,thousand megawatthours,2025,1
NY,New York,1,Electric Utility,OTH,other,0.0,thousand megawatthours,2025,1
NY,New York,1,Electric Utility,PEL,petroleum liquids,212.96677,thousand megawatthours,2025,1
NY,New York,1,Electric Utility,PET,petroleum,212.96677,thousand megawatthours,2025,1
NY,New York,1,Electric Utility,REN,renewable,1883.13189,thousand megawatthours,2025,1
NY,New York,1,Electric Utility,RFO,residual fuel oil,134.11856,thousand megawatthours,2025,1
NY,New York,1,Electric Utility,TPV,estimated total solar photovoltaic,0.0,thousand megawatthours,2025,1
NY,New York,1,Electric Utility,TSN,estimated total solar,0.0,thousand megawatthours,2025,1
NY,New York,1,Electric Utility,WOO,waste oil and other oils,13.37571,thousand megawatthours,2025,1
TX,Texas,1,Electric Utility,ALL,all fuels,8686.18917,thousand megawatthours,2025,1
TX,Texas,1,Electric Utility,AOR,all renewables,272.81226,thousand megawatthours,2025,1
TX,Texas,1,Electric Utility,BIO,biomass,26.197,thousand megawatthours,2025,1
TX,Texas,1,Electric Utility,COL,"coal, excluding waste coal",2427.27566,thousand megawatthours,2025,1
TX,Texas,1,Electric Utility,COW,all coal products,2427.27566,thousand megawatthours,2025,1
TX,Texas,1,Electric Utility,DFO,distillate fuel oil,,thousand megawatthours,2025,1
TX,Texas,1,Electric Utility,DPV,estimated small scale solar photovoltaic,0.0,thousand megawatthours,2025,1
TX,Texas,1,Electric Utility,FOS,fossil fuels,8317.21851,thousand megawatthours,2025,1
TX,Texas,1,Electric Utility,HYC,conventional hydroelectric,96.2254,thousand megawatthours,2025,1
TX,Texas,1,Electric Utility,LIG,lignite coal,218.44605,thousand megawatthours,2025,1
TX,Texas,1,Electric Utility,NG,natural gas,5885.86073,thousand megawatthours,2025,1
TX,Texas,1,Electric Utility,NGO,natural gas & other gases,5885.86073,thousand megawatthours,2025,1
TX,Texas,1,Electric Utility,OB2,biomass,0.0,thousand megawatthours,2025,1
TX,Texas,1,Electric Utility,OBW,biomass,0.0,thousand megawatthours,2025,1
TX,Texas,1,Electric Utility,ORW,other renewables,0.0,thousand megawatthours,2025,1
TX,Texas,1,Electric Utility,OTH,other,-0.067,thousand megawatthours,2025,1
TX,Texas,1,Electric Utility,PEL,petroleum liquids,,thousand megawatthours,2025,1
TX,Texas,1,Electric Utility,PET,petroleum,,thousand megawatthours,2025,1
TX,Texas,1,Electric Utility,RC,refined coal,0.0,thousand megawatthours,2025,1
TX,Texas,1,Electric Utility,REN,renewable,369.03766,thousand megawatthours,2025,1
TX,Texas,1,Electric Utility,RFO,residual fuel oil,0.0,thousand megawatthours,2025,1
TX,Texas,1,Electric Utility,SPV,solar photovoltaic,,thousand megawatthours,2025,1
TX,Texas,1,Electric Utility,SUB,subbituminous coal,2208.82961,thousand megawatthours,2025,1
TX,Texas,1,Electric Utility,SUN,solar,,thousand megawatthours,2025,1
TX,Texas,1,Electric Utility,TPV,estimated total solar photovoltaic,,thousand megawatthours,2025,1
TX,Texas,1,Electric Utility,TSN,estimated total solar,,thousand megawatthours,2025,1
TX,Texas,1,Electric Utility,WAS,renewable waste products,0.0,thousand megawatthours,2025,1
TX,Texas,1,Electric Utility,WND,wind,245.68452,thousand megawatthours,2025,1
TX,Texas,1,Electric Utility,WNT,onshore wind turbine,245.68452,thousand megawatthours,2025,1
TX,Texas,1,Electric Utility,WOO,waste oil and other oils,0.0,thousand megawatthours,2025,1
TX,Texas,1,Electric Utility,WWW,wood and wood wastes,26.197,thousand megawatthours,2025,1
CA,California,1,Electric Utility,ALL,all fuels,5574.42723,thousand megawatthours,2024,12
CA,California,1,Electric Utility,AOR,all renewables,109.2512,thousand megawatthours,2024,12
CA,California,1,Electric Utility,BIO,biomass,3.8982,thousand megawatthours,2024,12
CA,California,1,Electric Utility,DFO,distillate fuel oil,2.41989,thousand megawatthours,2024,12
CA,California,1,Electric Utility,DPV,estimated small scale solar photovoltaic,0.0,thousand megawatthours,2024,12
CA,California,1,Electric Utility,FOS,fossil fuels,2484.34602,thousand megawatthours,2024,12
CA,California,1,Electric Utility,GEO,geothermal,66.759,thousand megawatthours,2024,12
CA,California,1,Electric Utility,HPS,hydro-electric pumped storage,-47.251,thousand megawatthours,2024,12
CA,California,1,Electric Utility,HYC,conventional hydroelectric,1351.73,thousand megawatthours,2024,12
CA,California,1,Electric Utility,LFG,landfill gas,0.19244,thousand megawatthours,2024,12
CA,California,1,Electric Utility,MLG,municiapl landfill gas,0.19244,thousand megawatthours,2024,12
CA,California,1,Electric Utility,NG,natural gas,2481.73214,thousand megawatthours,2024,12
CA,California,1,Electric Utility,NGO,natural gas & other gases,2481.73214,thousand megawatthours,2024,12
CA,California,1,Electric Utility,NUC,nuclear,1681.567,thousand megawatthours,2024,12
CA,California,1,Electric Utility,OB2,biomass,3.70577,thousand megawatthours,2024,12
CA,California,1,Electric Utility,OBW,biomass,3.70577,thousand megawatthours,2024,12
CA,California,1,Electric Utility,OOG,other gases,0.0,thousand megawatthours,2024,12
CA,California,1,Electric Utility,ORW,other renewables,3.70577,thousand megawatthours,2024,12
CA,California,1,Electric Utility,OTH,other,-5.216,thousand megawatthours,2024,12
CA,California,1,Electric Utility,PEL,petroleum liquids,2.61389,thousand megawatthours,2024,12
CA,California,1,Electric Utility,PET,petroleum,2.61389,thousand megawatthours,2024,12
CA,California,1,Electric Utility,REN,renewable,1460.9812,thousand megawatthours,2024,12
CA,California,1,Electric Utility,RFO,residual fuel oil,0.0,thousand megawatthours,2024,12
CA,California,1,Electric Utility,SPV,solar photovoltaic,16.22,thousand megawatthours,2024,12
CA,California,1,Electric Utility,SUN,solar,16.22,thousand megawatthours,2024,12
CA,California,1,Electric Utility,TPV,estimated total solar photovoltaic,16.22,thousand megawatthours,2024,12
CA,California,1,Electric Utility,TSN,estimated total solar,16.22,thousand megawatthours,2024,12
CA,California,1,Electric Utility,WAS,renewable waste products,3.8982,thousand megawatthours,2024,12
CA,California,1,Electric Utility,WND,wind,22.374,thousand megawatthours,2024,12
CA,California,1,Electric Utility,WNT,onshore wind turbine,22.374,thousand megawatthours,2024,12
CA,California,1,Electric Utility,WOO,waste oil and other oils,0.194,thousand megawatthours,2024,12
CO,Colorado,1,Electric Utility,ALL,all fuels,3075.64709,thousand megawatthours,2024,12
CO,Colorado,1,Electric Utility,AOR,all renewables,347.373,thousand megawatthours,2024,12
CO,Colorado,1,Electric Utility,BIS,bituminous coal and synthetic coal,166.18541,thousand megawatthours,2024,12
CO,Colorado,1,Electric Utility,BIT,bituminous coal,166.18541,thousand megawatthours,2024,12
CO,Colorado,1,Electric Utility,COL,"coal, excluding waste coal",1471.0556,thousand megawatthours,2024,12
CO,Colorado,1,Electric Utility,COW,all coal products,1471.0556,thousand megawatthours,2024,12
CO,Colorado,1,Electric Utility,DFO,distillate fuel oil,3.11489,thousand megawatthours,2024,12
CO,Colorado,1,Electric Utility,DPV,estimated small scale solar photovoltaic,0.0,thousand megawatthours,2024,12
CO,Colorado,1,Electric Utility,FOS,fossil fuels,2628.07809,thousand megawatthours,2024,12
CO,Colorado,1,Electric Utility,HPS,hydro-electric pumped storage,6.66,thousand megawatthours,2024,12
CO,Colorado,1,Electric Utility,HYC,conventional hydroelectric,95.44,thousand megawatthours,2024,12
CO,Colorado,1,Electric Utility,NG,natural gas,1153.9076,thousand megawatthours,2024,12
CO,Colorado,1,Electric Utility,NGO,natural gas & other gases,1153.9076,thousand megawatthours,2024,12
CO,Colorado,1,Electric Utility,OTH,other,-1.904,thousand megawatthours,2024,12
CO,Colorado,1,Electric Utility,PEL,petroleum liquids,3.11489,thousand megawatthours,2024,12
CO,Colorado,1,Electric Utility,PET,petroleum,3.11489,thousand megawatthours,2024,12
CO,Colorado,1,Electric Utility,REN,renewable,442.813,thousand megawatthours,2024,12
CO,Colorado,1,Electric Utility,SPV,solar photovoltaic,0.857,thousand megawatthours,2024,12
CO,Colorado,1,Electric Utility,SUB,subbituminous coal,1304.87019,thousand megawatthours,2024,12
CO,Colorado,1,Electric Utility,SUN,solar,0.857,thousand megawatthours,2024,12
CO,Colorado,1,Electric Utility,TPV,estimated total solar photovoltaic,0.857,thousand megawatthours,2024,12
CO,Colorado,1,Electric Utility,TSN,estimated total solar,0.857,thousand megawatthours,2024,12
CO,Colorado,1,Electric Utility,WND,wind,346.516,thousand megawatthours,2024,12
CO,Colorado,1,Electric Utility,WNT,onshore wind turbine,346.516,thousand megawatthours,2024,12
IL,Illinois,1,Electric Utility,ALL,all fuels,345.19478,thousand megawatthours,2024,12
IL,Illinois,1,Electric Utility,AOR,all renewables,11.29896,thousand megawatthours,2024,12
IL,Illinois,1,Electric Utility,BIO,biomass,6.05396,thousand megawatthours,2024,12
IL,Illinois,1,Electric Utility,BIS,bituminous coal and synthetic coal,142.39698,thousand megawatthours,2024,12
IL,Illinois,1,Electric Utility,BIT,bituminous coal,142.39698,thousand megawatthours,2024,12
IL,Illinois,1,Electric Utility,COL,"coal, excluding waste coal",142.39698,thousand megawatthours,2024,12
IL,Illinois,1,Electric Utility,COW,all coal products,142.39698,thousand megawatthours,2024,12
IL,Illinois,1,Electric Utility,DFO,distillate fuel oil,0.55217,thousand megawatthours,2024,12
IL,Illinois,1,Electric Utility,DPV,estimated small scale solar photovoltaic,0.0,thousand megawatthours,2024,12
IL,Illinois,1,Electric Utility,FOS,fossil fuels,331.65882,thousand megawatthours,2024,12
IL,Illinois,1,Electric Utility,HYC,conventional hydroelectric,2.237,thousand megawatthours,2024,12
IL,Illinois,1,Electric Utility,LFG,landfill gas,6.05396,thousand megawatthours,2024,12
IL,Illinois,1,Electric Utility,MLG,municiapl landfill gas,6.05396,thousand megawatthours,2024,12
IL,Illinois,1,Electric Utility,NG,natural gas,188.68467,thousand megawatthours,2024,12
IL,Illinois,1,Electric Utility,NGO,natural gas & other gases,188.68467,thousand megawatthours,2024,12
IL,Illinois,1,Electric Utility,OTH,other,0.0,thousand megawatthours,2024,12
IL,Illinois,1,Electric Utility,PC,petroleum coke,0.0,thousand megawatthours,2024,12
IL,Illinois,1,Electric Utility,PEL,petroleum liquids,0.57717,thousand megawatthours,2024,12
IL,Illinois,1,Electric Utility,PET,petroleum,0.57717,thousand megawatthours,2024,12
IL,Illinois,1,Electric Utility,REN,renewable,13.53596,thousand megawatthours,2024,12
IL,Illinois,1,Electric Utility,SPV,solar photovoltaic,4.847,thousand megawatthours,2024,12
IL,Illinois,1,Electric Utility,SUB,subbituminous coal,0.0,thousand megawatthours,2024,12
IL,Illinois,1,Electric Utility,SUN,solar,4.847,thousand megawatthours,2024,12
IL,Illinois,1,Electric Utility,TPV,estimated total solar photovoltaic,4.847,thousand megawatthours,2024,12
IL,Illinois,1,Electric Utility,TSN,estimated total solar,4.847,thousand megawatthours,2024,12
IL,Illinois,1,Electric Utility,WAS,renewable waste products,6.05396,thousand megawatthours,2024,12
IL,Illinois,1,Electric Utility,WND,wind,0.398,thousand megawatthours,2024,12
IL,Illinois,1,Electric Utility,WNT,onshore wind turbine,0.398,thousand megawatthours,2024,12
IL,Illinois,1,Electric Utility,WOO,waste oil and other oils,0.025,thousand megawatthours,2024,12
NY,New York,1,Electric Utility,ALL,all fuels,2908.15465,thousand megawatthours,2024,12
NY,New York,1,Electric Utility,BIS,bituminous coal and synthetic coal,0.0,thousand megawatthours,2024,12
NY,New York,1,Electric Utility,BIT,bituminous coal,0.0,thousand megawatthours,2024,12
NY,New York,1,Electric Utility,COL,"coal, excluding waste coal",0.0,thousand megawatthours,2024,12
NY,New York,1,Electric Utility,COW,all coal products,0.0,thousand megawatthours,2024,12
NY,New York,1,Electric Utility,DFO,distillate fuel oil,7.90878,thousand megawatthours,2024,12
NY,New York,1,Electric Utility,DPV,estimated small scale solar photovoltaic,0.0,thousand megawatthours,2024,12
NY,New York,1,Electric Utility,FOS,fossil fuels,1000.28465,thousand megawatthours,2024,12
NY,New York,1,Electric Utility,HPS,hydro-electric pumped storage,-36.705,thousand megawatthours,2024,12
NY,New York,1,Electric Utility,HYC,conventional hydroelectric,1945.015,thousand megawatthours,2024,12
NY,New York,1,Electric Utility,NG,natural gas,959.8768,thousand megawatthours,2024,12
NY,New York,1,Electric Utility,NGO,natural gas & other gases,959.8768,thousand megawatthours,2024,12
NY,New York,1,Electric Utility,OTH,other,-0.44,thousand megawatthours,2024,12
NY,New York,1,Electric Utility,PEL,petroleum liquids,40.40785,thousand megawatthours,2024,12
NY,New York,1,Electric Utility,PET,petroleum,40.40785,thousand megawatthours,2024,12
NY,New York,1,Electric Utility,REN,renewable,1945.015,thousand megawatthours,2024,12
NY,New York,1,Electric Utility,RFO,residual fuel oil,30.32971,thousand megawatthours,2024,12
NY,New York,1,Electric Utility,TPV,estimated total solar photovoltaic,0.0,thousand megawatthours,2024,12
NY,New York,1,Electric Utility,TSN,estimated total solar,0.0,thousand megawatthours,2024,12
NY,New York,1,Electric Utility,WOO,waste oil and other oils,2.16936,thousand megawatthours,2024,12
TX,Texas,1,Electric Utility,ALL,all fuels,6809.38258,thousand megawatthours,2024,12
TX,Texas,1,Electric Utility,AOR,all renewables,246.396,thousand megawatthours,2024,12
TX,Texas,1,Electric Utility,BIO,biomass,20.956,thousand megawatthours,2024,12
TX,Texas,1,Electric Utility,COL,"coal, excluding waste coal",1805.18345,thousand megawatthours,2024,12
TX,Texas,1,Electric Utility,COW,all coal products,1805.18345,thousand megawatthours,2024,12
TX,Texas,1,Electric Utility,DFO,distillate fuel oil,3.13007,thousand megawatthours,2024,12
TX,Texas,1,Electric Utility,DPV,estimated small scale solar photovoltaic,0.0,thousand megawatthours,2024,12
TX,Texas,1,Electric Utility,FOS,fossil fuels,6525.91758,thousand megawatthours,2024,12
TX,Texas,1,Electric Utility,HYC,conventional hydroelectric,37.142,thousand megawatthours,2024,12
TX,Texas,1,Electric Utility,LIG,lignite coal,90.13003,thousand megawatthours,2024,12
TX,Texas,1,Electric Utility,NG,natural gas,4717.60406,thousand megawatthours,2024,12
TX,Texas,1,Electric Utility,NGO,natural gas & other gases,4717.60406,thousand megawatthours,2024,12
TX,Texas,1,Electric Utility,OB2,biomass,0.0,thousand megawatthours,2024,12
TX,Texas,1,Electric Utility,OBW,biomass,0.0,thousand megawatthours,2024,12
TX,Texas,1,Electric Utility,ORW,other renewables,0.0,thousand megawatthours,2024,12
TX,Texas,1,Electric Utility,OTH,other,-0.073,thousand megawatthours,2024,12
TX,Texas,1,Electric Utility,PEL,petroleum liquids,3.13007,thousand megawatthours,2024,12
TX,Texas,1,Electric Utility,PET,petroleum,3.13007,thousand megawatthours,2024,12
TX,Texas,1,Electric Utility,RC,refined coal,0.0,thousand megawatthours,2024,12
TX,Texas,1,Electric Utility,REN,renewable,283.538,thousand megawatthours,2024,12
TX,Texas,1,Electric Utility,RFO,residual fuel oil,0.0,thousand megawatthours,2024,12
TX,Texas,1,Electric Utility,SPV,solar photovoltaic,0.973,thousand megawatthours,2024,12
TX,Texas,1,Electric Utility,SUB,subbituminous coal,1715.05342,thousand megawatthours,2024,12
TX,Texas,1,Electric Utility,SUN,solar,0.973,thousand megawatthours,2024,12
TX,Texas,1,Electric Utility,TPV,estimated total solar photovoltaic,0.973,thousand megawatthours,2024,12
TX,Texas,1,Electric Utility,TSN,estimated total solar,0.973,thousand megawatthours,2024,12
TX,Texas,1,Electric Utility,WAS,renewable waste products,0.0,thousand megawatthours,2024,12
TX,Texas,1,Electric Utility,WND,wind,224.467,thousand megawatthours,2024,12
TX,Texas,1,Electric Utility,WNT,onshore wind turbine,224.467,thousand megawatthours,2024,12
TX,Texas,1,Electric Utility,WOO,waste oil and other oils,0.0,thousand megawatthours,2024,12
TX,Texas,1,Electric Utility,WWW,wood and wood wastes,20.956,thousand megawatthours,2024,12
CA,California,1,Electric Utility,ALL,all fuels,5662.591,thousand megawatthours,2024,11
CA,California,1,Electric Utility,AOR,all renewables,125.15861,thousand megawatthours,2024,11
CA,California,1,Electric Utility,BIO,biomass,4.03761,thousand megawatthours,2024,11
CA,California,1,Electric Utility,DFO,distillate fuel oil,2.4447,thousand megawatthours,2024,11
CA,California,1,Electric Utility,DPV,estimated small scale solar photovoltaic,0.0,thousand megawatthours,2024,11
CA,California,1,Electric Utility,FOS,fossil fuels,2700.83839,thousand megawatthours,2024,11
CA,California,1,Electric Utility,GEO,geothermal,66.578,thousand megawatthours,2024,11
CA,California,1,Electric Utility,HPS,hydro-electric pumped storage,-21.221,thousand megawatthours,2024,11
CA,California,1,Electric Utility,HYC,conventional hydroelectric,1229.634,thousand megawatthours,2024,11
CA,California,1,Electric Utility,LFG,landfill gas,0.18396,thousand megawatthours,2024,11
CA,California,1,Electric Utility,MLG,municiapl landfill gas,0.18396,thousand megawatthours,2024,11
CA,California,1,Electric Utility,NG,natural gas,2698.24069,thousand megawatthours,2024,11
CA,California,1,Electric Utility,NGO,natural gas & other gases,2698.24069,thousand megawatthours,2024,11
CA,California,1,Electric Utility,NUC,nuclear,1632.208,thousand megawatthours,2024,11
CA,California,1,Electric Utility,OB2,biomass,3.85364,thousand megawatthours,2024,11
CA,California,1,Electric Utility,OBW,biomass,3.85364,thousand megawatthours,2024,11
CA,California,1,Electric Utility,OOG,other gases,0.0,thousand megawatthours,2024,11
CA,California,1,Electric Utility,ORW,other renewables,3.85364,thousand megawatthours,2024,11
CA,California,1,Electric Utility,OTH,other,-4.027,thousand megawatthours,2024,11
CA,California,1,Electric Utility,PEL,petroleum liquids,2.5977,thousand megawatthours,2024,11
CA,California,1,Electric Utility,PET,petroleum,2.5977,thousand megawatthours,2024,11
CA,California,1,Electric Utility,REN,renewable,1354.79261,thousand megawatthours,2024,11
CA,California,1,Electric Utility,RFO,residual fuel oil,0.0,thousand megawatthours,2024,11
CA,California,1,Electric Utility,SPV,solar photovoltaic,18.668,thousand megawatthours,2024,11
CA,California,1,Electric Utility,SUN,solar,18.668,thousand megawatthours,2024,11
CA,California,1,Electric Utility,TPV,estimated total solar photovoltaic,18.668,thousand megawatthours,2024,11
CA,California,1,Electric Utility,TSN,estimated total solar,18.668,thousand megawatthours,2024,11
CA,California,1,Electric Utility,WAS,renewable waste products,4.03761,thousand megawatthours,2024,11
CA,California,1,Electric Utility,WND,wind,35.875,thousand megawatthours,2024,11
CA,California,1,Electric Utility,WNT,onshore wind turbine,35.875,thousand megawatthours,2024,11
CA,California,1,Electric Utility,WOO,waste oil and other oils,0.153,thousand megawatthours,2024,11
CO,Colorado,1,Electric Utility,ALL,all fuels,2932.42976,thousand megawatthours,2024,11
CO,Colorado,1,Electric Utility,ANT,anthracite coal,0.0,thousand megawatthours,2024,11
CO,Colorado,1,Electric Utility,AOR,all renewables,342.815,thousand megawatthours,2024,11
CO,Colorado,1,Electric Utility,BIS,bituminous coal and synthetic coal,183.24985,thousand megawatthours,2024,11
CO,Colorado,1,Electric Utility,BIT,bituminous coal,183.24985,thousand megawatthours,2024,11
CO,Colorado,1,Electric Utility,COL,"coal, excluding waste coal",1305.93662,thousand megawatthours,2024,11
CO,Colorado,1,Electric Utility,COW,all coal products,1305.93662,thousand megawatthours,2024,11
CO,Colorado,1,Electric Utility,DFO,distillate fuel oil,2.79107,thousand megawatthours,2024,11
CO,Colorado,1,Electric Utility,DPV,estimated small scale solar photovoltaic,0.0,thousand megawatthours,2024,11
CO,Colorado,1,Electric Utility,FOS,fossil fuels,2549.86176,thousand megawatthours,2024,11
CO,Colorado,1,Electric Utility,HPS,hydro-electric pumped storage,0.077,thousand megawatthours,2024,11
CO,Colorado,1,Electric Utility,HYC,conventional hydroelectric,41.889,thousand megawatthours,2024,11
CO,Colorado,1,Electric Utility,NG,natural gas,1241.13406,thousand megawatthours,2024,11
CO,Colorado,1,Electric Utility,NGO,natural gas & other gases,1241.13406,thousand megawatthours,2024,11
CO,Colorado,1,Electric Utility,OTH,other,-2.213,thousand megawatthours,2024,11
CO,Colorado,1,Electric Utility,PEL,petroleum liquids,2.79107,thousand megawatthours,2024,11
CO,Colorado,1,Electric Utility,PET,petroleum,2.79107,thousand megawatthours,2024,11
CO,Colorado,1,Electric Utility,REN,renewable,384.704,thousand megawatthours,2024,11
CO,Colorado,1,Electric Utility,SPV,solar photovoltaic,0.923,thousand megawatthours,2024,11
CO,Colorado,1,Electric Utility,SUB,subbituminous coal,1122.68677,thousand megawatthours,2024,11
CO,Colorado,1,Electric Utility,SUN,solar,0.923,thousand megawatthours,2024,11
CO,Colorado,1,Electric Utility,TPV,estimated total solar photovoltaic,0.923,thousand megawatthours,2024,11
CO,Colorado,1,Electric Utility,TSN,estimated total solar,0.923,thousand megawatthours,2024,11
CO,Colorado,1,Electric Utility,WND,wind,341.892,thousand megawatthours,2024,11
CO,Colorado,1,Electric Utility,WNT,onshore wind turbine,341.892,thousand megawatthours,2024,11
IL,Illinois,1,Electric Utility,ALL,all fuels,263.59472,thousand megawatthours,2024,11
IL,Illinois,1,Electric Utility,AOR,all renewables,7.5795,thousand megawatthours,2024,11
IL,Illinois,1,Electric Utility,BIO,biomass,6.8095,thousand megawatthours,2024,11
IL,Illinois,1,Electric Utility,BIS,bituminous coal and synthetic coal,80.15119,thousand megawatthours,2024,11
IL,Illinois,1,Electric Utility,BIT,bituminous coal,80.15119,thousand megawatthours,2024,11
IL,Illinois,1,Electric Utility,COL,"coal, excluding waste coal",80.15119,thousand megawatthours,2024,11
IL,Illinois,1,Electric Utility,COW,all coal products,80.15119,thousand megawatthours,2024,11
IL,Illinois,1,Electric Utility,DFO,distillate fuel oil,0.54616,thousand megawatthours,2024,11
IL,Illinois,1,Electric Utility,DPV,estimated small scale solar photovoltaic,0.0,thousand megawatthours,2024,11
IL,Illinois,1,Electric Utility,FOS,fossil fuels,252.42122,thousand megawatthours,2024,11
IL,Illinois,1,Electric Utility,HYC,conventional hydroelectric,3.594,thousand megawatthours,2024,11
IL,Illinois,1,Electric Utility,LFG,landfill gas,6.8095,thousand megawatthours,2024,11
IL,Illinois,1,Electric Utility,MLG,municiapl landfill gas,6.8095,thousand megawatthours,2024,11
IL,Illinois,1,Electric Utility,NG,natural gas,171.71387,thousand megawatthours,2024,11
IL,Illinois,1,Electric Utility,NGO,natural gas & other gases,171.71387,thousand megawatthours,2024,11
IL,Illinois,1,Electric Utility,OTH,other,0.0,thousand megawatthours,2024,11
IL,Illinois,1,Electric Utility,PC,petroleum coke,0.0,thousand megawatthours,2024,11
IL,Illinois,1,Electric Utility,PEL,petroleum liquids,0.55616,thousand megawatthours,2024,11
IL,Illinois,1,Electric Utility,PET,petroleum,0.55616,thousand megawatthours,2024,11
IL,Illinois,1,Electric Utility,REN,renewable,11.1735,thousand megawatthours,2024,11
IL,Illinois,1,Electric Utility,SPV,solar photovoltaic,0.097,thousand megawatthours,2024,11
IL,Illinois,1,Electric Utility,SUB,subbituminous coal,0.0,thousand megawatthours,2024,11
IL,Illinois,1,Electric Utility,SUN,solar,0.097,thousand megawatthours,2024,11
IL,Illinois,1,Electric Utility,TPV,estimated total solar photovoltaic,0.097,thousand megawatthours,2024,11
IL,Illinois,1,Electric Utility,TSN,estimated total solar,0.097,thousand megawatthours,2024,11
IL,Illinois,1,Electric Utility,WAS,renewable waste products,6.8095,thousand megawatthours,2024,11
IL,Illinois,1,Electric Utility,WND,wind,0.673,thousand megawatthours,2024,11
IL,Illinois,1,Electric Utility,WNT,onshore wind turbine,0.673,thousand megawatthours,2024,11
IL,Illinois,1,Electric Utility,WOO,waste oil and other oils,0.01,thousand megawatthours,2024,11
NY,New York,1,Electric Utility,ALL,all fuels,2752.82623,thousand megawatthours,2024,11
NY,New York,1,Electric Utility,BIS,bituminous coal and synthetic coal,0.0,thousand megawatthours,2024,11
NY,New York,1,Electric Utility,BIT,bituminous coal,0.0,thousand megawatthours,2024,11
NY,New York,1,Electric Utility,COL,"coal, excluding waste coal",0.0,thousand megawatthours,2024,11
NY,New York,1,Electric Utility,COW,all coal products,0.0,thousand megawatthours,2024,11
NY,New York,1,Electric Utility,DFO,distillate fuel oil,1.0695,thousand megawatthours,2024,11
NY,New York,1,Electric Utility,DPV,estimated small scale solar photovoltaic,0.0,thousand megawatthours,2024,11
NY,New York,1,Electric Utility,FOS,fossil fuels,944.12123,thousand megawatthours,2024,11
NY,New York,1,Electric Utility,HPS,hydro-electric pumped storage,-35.232,thousand megawatthours,2024,11
NY,New York,1,Electric Utility,HYC,conventional hydroelectric,1844.218,thousand megawatthours,2024,11
NY,New York,1,Electric Utility,NG,natural gas,942.8628,thousand megawatthours,2024,11
NY,New York,1,Electric Utility,NGO,natural gas & other gases,942.8628,thousand megawatthours,2024,11
NY,New York,1,Electric Utility,OTH,other,-0.281,thousand megawatthours,2024,11
NY,New York,1,Electric Utility,PEL,petroleum liquids,1.25842,thousand megawatthours,2024,11
NY,New York,1,Electric Utility,PET,petroleum,1.25842,thousand megawatthours,2024,11
NY,New York,1,Electric Utility,REN,renewable,1844.218,thousand megawatthours,2024,11
NY,New York,1,Electric Utility,RFO,residual fuel oil,0.0,thousand megawatthours,2024,11
NY,New York,1,Electric Utility,TPV,estimated total solar photovoltaic,0.0,thousand megawatthours,2024,11
NY,New York,1,Electric Utility,TSN,estimated total solar,0.0,thousand megawatthours,2024,11
NY,New York,1,Electric Utility,WOO,waste oil and other oils,0.18893,thousand megawatthours,2024,11
TX,Texas,1,Electric Utility,ALL,all fuels,6212.67214,thousand megawatthours,2024,11
TX,Texas,1,Electric Utility,AOR,all renewables,204.33,thousand megawatthours,2024,11
TX,Texas,1,Electric Utility,BIO,biomass,0.0,thousand megawatthours,2024,11
TX,Texas,1,Electric Utility,COL,"coal, excluding waste coal",1361.86997,thousand megawatthours,2024,11
TX,Texas,1,Electric Utility,COW,all coal products,1361.86997,thousand megawatthours,2024,11
TX,Texas,1,Electric Utility,DFO,distillate fuel oil,1.75815,thousand megawatthours,2024,11
TX,Texas,1,Electric Utility,DPV,estimated small scale solar photovoltaic,0.0,thousand megawatthours,2024,11
TX,Texas,1,Electric Utility,FOS,fossil fuels,5971.41014,thousand megawatthours,2024,11
TX,Texas,1,Electric Utility,HYC,conventional hydroelectric,37.002,thousand megawatthours,2024,11
TX,Texas,1,Electric Utility,LIG,lignite coal,0.0,thousand megawatthours,2024,11
TX,Texas,1,Electric Utility,NG,natural gas,4607.78203,thousand megawatthours,2024,11
TX,Texas,1,Electric Utility,NGO,natural gas & other gases,4607.78203,thousand megawatthours,2024,11
TX,Texas,1,Electric Utility,OB2,biomass,0.0,thousand megawatthours,2024,11
TX,Texas,1,Electric Utility,OBW,biomass,0.0,thousand megawatthours,2024,11
TX,Texas,1,Electric Utility,ORW,other renewables,0.0,thousand megawatthours,2024,11
TX,Texas,1,Electric Utility,OTH,other,-0.07,thousand megawatthours,2024,11
TX,Texas,1,Electric Utility,PEL,petroleum liquids,1.75815,thousand megawatthours,2024,11
TX,Texas,1,Electric Utility,PET,petroleum,1.75815,thousand megawatthours,2024,11
TX,Texas,1,Electric Utility,RC,refined coal,0.0,thousand megawatthours,2024,11
TX,Texas,1,Electric Utility,REN,renewable,241.332,thousand megawatthours,2024,11
TX,Texas,1,Electric Utility,RFO,residual fuel oil,0.0,thousand megawatthours,2024,11
TX,Texas,1,Electric Utility,SPV,solar photovoltaic,1.192,thousand megawatthours,2024,11
TX,Texas,1,Electric Utility,SUB,subbituminous coal,1361.86997,thousand megawatthours,2024,11
TX,Texas,1,Electric Utility,SUN,solar,1.192,thousand megawatthours,2024,11
TX,Texas,1,Electric Utility,TPV,estimated total solar photovoltaic,1.192,thousand megawatthours,2024,11
TX,Texas,1,Electric Utility,TSN,estimated total solar,1.192,thousand megawatthours,2024,11
TX,Texas,1,Electric Utility,WAS,renewable waste products,0.0,thousand megawatthours,2024,11
TX,Texas,1,Electric Utility,WND,wind,203.138,thousand megawatthours,2024,11
TX,Texas,1,Electric Utility,WNT,onshore wind turbine,203.138,thousand megawatthours,2024,11
TX,Texas,1,Electric Utility,WOO,waste oil and other oils,0.0,thousand megawatthours,2024,11
TX,Texas,1,Electric Utility,WWW,wood and wood wastes,0.0,thousand megawatthours,2024,11
CA,California,1,Electric Utility,ALL,all fuels,5922.78245,thousand megawatthours,2024,10
CA,California,1,Electric Utility,AOR,all renewables,131.41492,thousand megawatthours,2024,10
CA,California,1,Electric Utility,BIO,biomass,5.43692,thousand megawatthours,2024,10
CA,California,1,Electric Utility,DFO,distillate fuel oil,2.44779,thousand megawatthours,2024,10
CA,California,1,Electric Utility,DPV,estimated small scale solar photovoltaic,0.0,thousand megawatthours,2024,10
CA,California,1,Electric Utility,FOS,fossil fuels,2706.07753,thousand megawatthours,2024,10
CA,California,1,Electric Utility,GEO,geothermal,58.85,thousand megawatthours,2024,10
CA,California,1,Electric Utility,HPS,hydro-electric pumped storage,-16.437,thousand megawatthours,2024,10
CA,California,1,Electric Utility,HYC,conventional hydroelectric,1475.679,thousand megawatthours,2024,10
CA,California,1,Electric Utility,LFG,landfill gas,0.17249,thousand megawatthours,2024,10
CA,California,1,Electric Utility,MLG,municiapl landfill gas,0.17249,thousand megawatthours,2024,10
CA,California,1,Electric Utility,NG,natural gas,2703.49374,thousand megawatthours,2024,10
CA,California,1,Electric Utility,NGO,natural gas & other gases,2703.49374,thousand megawatthours,2024,10
CA,California,1,Electric Utility,NUC,nuclear,1631.288,thousand megawatthours,2024,10
CA,California,1,Electric Utility,OB2,biomass,5.26443,thousand megawatthours,2024,10
CA,California,1,Electric Utility,OBW,biomass,5.26443,thousand megawatthours,2024,10
CA,California,1,Electric Utility,OOG,other gases,0.0,thousand megawatthours,2024,10
CA,California,1,Electric Utility,ORW,other renewables,5.26443,thousand megawatthours,2024,10
CA,California,1,Electric Utility,OTH,other,-5.24,thousand megawatthours,2024,10
CA,California,1,Electric Utility,PEL,petroleum liquids,2.58379,thousand megawatthours,2024,10
CA,California,1,Electric Utility,PET,petroleum,2.58379,thousand megawatthours,2024,10
CA,California,1,Electric Utility,REN,renewable,1607.09392,thousand megawatthours,2024,10
CA,California,1,Electric Utility,RFO,residual fuel oil,0.0,thousand megawatthours,2024,10
CA,California,1,Electric Utility,SPV,solar photovoltaic,23.764,thousand megawatthours,2024,10
CA,California,1,Electric Utility,SUN,solar,23.764,thousand megawatthours,2024,10
CA,California,1,Electric Utility,TPV,estimated total solar photovoltaic,23.764,thousand megawatthours,2024,10
CA,California,1,Electric Utility,TSN,estimated total solar,23.764,thousand megawatthours,2024,10
CA,California,1,Electric Utility,WAS,renewable waste products,5.43692,thousand megawatthours,2024,10
CA,California,1,Electric Utility,WND,wind,43.364,thousand megawatthours,2024,10
CA,California,1,Electric Utility,WNT,onshore wind turbine,43.364,thousand megawatthours,2024,10
CA,California,1,Electric Utility,WOO,waste oil and other oils,0.136,thousand megawatthours,2024,10
CO,Colorado,1,Electric Utility,ALL,all fuels,2758.04492,thousand megawatthours,2024,10
CO,Colorado,1,Electric Utility,AOR,all renewables,435.98,thousand megawatthours,2024,10
CO,Colorado,1,Electric Utility,BIS,bituminous coal and synthetic coal,171.63129,thousand megawatthours,2024,10
CO,Colorado,1,Electric Utility,BIT,bituminous coal,171.63129,thousand megawatthours,2024,10
CO,Colorado,1,Electric Utility,COL,"coal, excluding waste coal",1354.76914,thousand megawatthours,2024,10
CO,Colorado,1,Electric Utility,COW,all coal products,1354.76914,thousand megawatthours,2024,10
CO,Colorado,1,Electric Utility,DFO,distillate fuel oil,3.0789,thousand megawatthours,2024,10
CO,Colorado,1,Electric Utility,DPV,estimated small scale solar photovoltaic,0.0,thousand megawatthours,2024,10
CO,Colorado,1,Electric Utility,FOS,fossil fuels,2238.36092,thousand megawatthours,2024,10
CO,Colorado,1,Electric Utility,HPS,hydro-electric pumped storage,-0.496,thousand megawatthours,2024,10
CO,Colorado,1,Electric Utility,HYC,conventional hydroelectric,86.304,thousand megawatthours,2024,10
CO,Colorado,1,Electric Utility,NG,natural gas,880.51288,thousand megawatthours,2024,10
CO,Colorado,1,Electric Utility,NGO,natural gas & other gases,880.51288,thousand megawatthours,2024,10
CO,Colorado,1,Electric Utility,OTH,other,-2.104,thousand megawatthours,2024,10
CO,Colorado,1,Electric Utility,PEL,petroleum liquids,3.0789,thousand megawatthours,2024,10
CO,Colorado,1,Electric Utility,PET,petroleum,3.0789,thousand megawatthours,2024,10
CO,Colorado,1,Electric Utility,REN,renewable,522.284,thousand megawatthours,2024,10
CO,Colorado,1,Electric Utility,SPV,solar photovoltaic,1.396,thousand megawatthours,2024,10
CO,Colorado,1,Electric Utility,SUB,subbituminous coal,1183.13785,thousand megawatthours,2024,10
CO,Colorado,1,Electric Utility,SUN,solar,1.396,thousand megawatthours,2024,10
CO,Colorado,1,Electric Utility,TPV,estimated total solar photovoltaic,1.396,thousand megawatthours,2024,10
CO,Colorado,1,Electric Utility,TSN,estimated total solar,1.396,thousand megawatthours,2024,10
CO,Colorado,1,Electric Utility,WND,wind,434.584,thousand megawatthours,2024,10
CO,Colorado,1,Electric Utility,WNT,onshore wind turbine,434.584,thousand megawatthours,2024,10
IL,Illinois,1,Electric Utility,ALL,all fuels,293.30133,thousand megawatthours,2024,10
IL,Illinois,1,Electric Utility,AOR,all renewables,7.99988,thousand megawatthours,2024,10
IL,Illinois,1,Electric Utility,BIO,biomass,7.25388,thousand megawatthours,2024,10
IL,Illinois,1,Electric Utility,BIS,bituminous coal and synthetic coal,37.53221,thousand megawatthours,2024,10
IL,Illinois,1,Electric Utility,BIT,bituminous coal,37.53221,thousand megawatthours,2024,10
IL,Illinois,1,Electric Utility,COL,"coal, excluding waste coal",37.53221,thousand megawatthours,2024,10
IL,Illinois,1,Electric Utility,COW,all coal products,37.53221,thousand megawatthours,2024,10
IL,Illinois,1,Electric Utility,DFO,distillate fuel oil,0.37434,thousand megawatthours,2024,10
IL,Illinois,1,Electric Utility,DPV,estimated small scale solar photovoltaic,0.0,thousand megawatthours,2024,10
IL,Illinois,1,Electric Utility,FOS,fossil fuels,280.82445,thousand megawatthours,2024,10
IL,Illinois,1,Electric Utility,HYC,conventional hydroelectric,4.477,thousand megawatthours,2024,10
IL,Illinois,1,Electric Utility,LFG,landfill gas,7.25388,thousand megawatthours,2024,10
IL,Illinois,1,Electric Utility,MLG,municiapl landfill gas,7.25388,thousand megawatthours,2024,10
IL,Illinois,1,Electric Utility,NG,natural gas,242.91789,thousand megawatthours,2024,10
IL,Illinois,1,Electric Utility,NGO,natural gas & other gases,242.91789,thousand megawatthours,2024,10
IL,Illinois,1,Electric Utility,OTH,other,0.0,thousand megawatthours,2024,10
IL,Illinois,1,Electric Utility,PC,petroleum coke,0.0,thousand megawatthours,2024,10
IL,Illinois,1,Electric Utility,PEL,petroleum liquids,0.37434,thousand megawatthours,2024,10
IL,Illinois,1,Electric Utility,PET,petroleum,0.37434,thousand megawatthours,2024,10
IL,Illinois,1,Electric Utility,REN,renewable,12.47688,thousand megawatthours,2024,10
IL,Illinois,1,Electric Utility,SPV,solar photovoltaic,0.231,thousand megawatthours,2024,10
IL,Illinois,1,Electric Utility,SUB,subbituminous coal,0.0,thousand megawatthours,2024,10
IL,Illinois,1,Electric Utility,SUN,solar,0.231,thousand megawatthours,2024,10
IL,Illinois,1,Electric Utility,TPV,estimated total solar photovoltaic,0.231,thousand megawatthours,2024,10
IL,Illinois,1,Electric Utility,TSN,estimated total solar,0.231,thousand megawatthours,2024,10
IL,Illinois,1,Electric Utility,WAS,renewable waste products,7.25388,thousand megawatthours,2024,10
IL,Illinois,1,Electric Utility,WND,wind,0.515,thousand megawatthours,2024,10
IL,Illinois,1,Electric Utility,WNT,onshore wind turbine,0.515,thousand megawatthours,2024,10
IL,Illinois,1,Electric Utility,WOO,waste oil and other oils,0.0,thousand megawatthours,2024,10
NY,New York,1,Electric Utility,ALL,all fuels,2518.36049,thousand megawatthours,2024,10
NY,New York,1,Electric Utility,BIS,bituminous coal and synthetic coal,0.0,thousand megawatthours,2024,10
NY,New York,1,Electric Utility,BIT,bituminous coal,0.0,thousand megawatthours,2024,10
NY,New York,1,Electric Utility,COL,"coal, excluding waste coal",0.0,thousand megawatthours,2024,10
NY,New York,1,Electric Utility,COW,all coal products,0.0,thousand megawatthours,2024,10
NY,New York,1,Electric Utility,DFO,distillate fuel oil,1.18293,thousand megawatthours,2024,10
NY,New York,1,Electric Utility,DPV,estimated small scale solar photovoltaic,0.0,thousand megawatthours,2024,10
NY,New York,1,Electric Utility,FOS,fossil fuels,817.10649,thousand megawatthours,2024,10
NY,New York,1,Electric Utility,HPS,hydro-electric pumped storage,-38.373,thousand megawatthours,2024,10
NY,New York,1,Electric Utility,HYC,conventional hydroelectric,1739.895,thousand megawatthours,2024,10
NY,New York,1,Electric Utility,NG,natural gas,815.87238,thousand megawatthours,2024,10
NY,New York,1,Electric Utility,NGO,natural gas & other gases,815.87238,thousand megawatthours,2024,10
NY,New York,1,Electric Utility,OTH,other,-0.268,thousand megawatthours,2024,10
NY,New York,1,Electric Utility,PEL,petroleum liquids,1.23411,thousand megawatthours,2024,10
NY,New York,1,Electric Utility,PET,petroleum,1.23411,thousand megawatthours,2024,10
NY,New York,1,Electric Utility,REN,renewable,1739.895,thousand megawatthours,2024,10
NY,New York,1,Electric Utility,RFO,residual fuel oil,0.0,thousand megawatthours,2024,10
NY,New York,1,Electric Utility,TPV,estimated total solar photovoltaic,0.0,thousand megawatthours,2024,10
NY,New York,1,Electric Utility,TSN,estimated total solar,0.0,thousand megawatthours,2024,10
NY,New York,1,Electric Utility,WOO,waste oil and other oils,0.05118,thousand megawatthours,2024,10
TX,Texas,1,Electric Utility,ALL,all fuels,7933.43402,thousand megawatthours,2024,10
TX,Texas,1,Electric Utility,AOR,all renewables,210.786,thousand megawatthours,2024,10
TX,Texas,1,Electric Utility,BIO,biomass,9.682,thousand megawatthours,2024,10
TX,Texas,1,Electric Utility,COL,"coal, excluding waste coal",1489.90887,thousand megawatthours,2024,10
TX,Texas,1,Electric Utility,COW,all coal products,1489.90887,thousand megawatthours,2024,10
TX,Texas,1,Electric Utility,DFO,distillate fuel oil,1.94276,thousand megawatthours,2024,10
TX,Texas,1,Electric Utility,DPV,estimated small scale solar photovoltaic,0.0,thousand megawatthours,2024,10
TX,Texas,1,Electric Utility,FOS,fossil fuels,7693.48402,thousand megawatthours,2024,10
TX,Texas,1,Electric Utility,HYC,conventional hydroelectric,29.24,thousand megawatthours,2024,10
TX,Texas,1,Electric Utility,LIG,lignite coal,95.00744,thousand megawatthours,2024,10
TX,Texas,1,Electric Utility,NG,natural gas,6201.6324,thousand megawatthours,2024,10
TX,Texas,1,Electric Utility,NGO,natural gas & other gases,6201.6324,thousand megawatthours,2024,10
TX,Texas,1,Electric Utility,OB2,biomass,0.0,thousand megawatthours,2024,10
TX,Texas,1,Electric Utility,OBW,biomass,0.0,thousand megawatthours,2024,10
TX,Texas,1,Electric Utility,ORW,other renewables,0.0,thousand megawatthours,2024,10
TX,Texas,1,Electric Utility,OTH,other,-0.076,thousand megawatthours,2024,10
TX,Texas,1,Electric Utility,PEL,petroleum liquids,1.94276,thousand megawatthours,2024,10
TX,Texas,1,Electric Utility,PET,petroleum,1.94276,thousand megawatthours,2024,10
TX,Texas,1,Electric Utility,RC,refined coal,0.0,thousand megawatthours,2024,10
TX,Texas,1,Electric Utility,REN,renewable,240.026,thousand megawatthours,2024,10
TX,Texas,1,Electric Utility,RFO,residual fuel oil,0.0,thousand megawatthours,2024,10
TX,Texas,1,Electric Utility,SPV,solar photovoltaic,1.385,thousand megawatthours,2024,10
TX,Texas,1,Electric Utility,SUB,subbituminous coal,1394.90143,thousand megawatthours,2024,10
TX,Texas,1,Electric Utility,SUN,solar,1.385,thousand megawatthours,2024,10
TX,Texas,1,Electric Utility,TPV,estimated total solar photovoltaic,1.385,thousand megawatthours,2024,10
TX,Texas,1,Electric Utility,TSN,estimated total solar,1.385,thousand megawatthours,2024,10
TX,Texas,1,Electric Utility,WAS,renewable waste products,0.0,thousand megawatthours,2024,10
TX,Texas,1,Electric Utility,WND,wind,199.719,thousand megawatthours,2024,10
TX,Texas,1,Electric Utility,WNT,onshore wind turbine,199.719,thousand megawatthours,2024,10
TX,Texas,1,Electric Utility,WOO,waste oil and other oils,0.0,thousand megawatthours,2024,10
TX,Texas,1,Electric Utility,WWW,wood and wood wastes,9.682,thousand megawatthours,2024,10
CA,California,1,Electric Utility,ALL,all fuels,6768.02322,thousand megawatthours,2024,9
CA,California,1,Electric Utility,AOR,all renewables,166.70445,thousand megawatthours,2024,9
CA,California,1,Electric Utility,BIO,biomass,3.91145,thousand megawatthours,2024,9
CA,California,1,Electric Utility,DFO,distillate fuel oil,2.60138,thousand megawatthours,2024,9
CA,California,1,Electric Utility,DPV,estimated small scale solar photovoltaic,0.0,thousand megawatthours,2024,9
CA,California,1,Electric Utility,FOS,fossil fuels,2672.99377,thousand megawatthours,2024,9
CA,California,1,Electric Utility,GEO,geothermal,54.769,thousand megawatthours,2024,9
CA,California,1,Electric Utility,HPS,hydro-electric pumped storage,5.489,thousand megawatthours,2024,9
CA,California,1,Electric Utility,HYC,conventional hydroelectric,2410.37,thousand megawatthours,2024,9
CA,California,1,Electric Utility,LFG,landfill gas,0.17824,thousand megawatthours,2024,9
CA,California,1,Electric Utility,MLG,municiapl landfill gas,0.17824,thousand megawatthours,2024,9
CA,California,1,Electric Utility,NG,natural gas,2670.29339,thousand megawatthours,2024,9
CA,California,1,Electric Utility,NGO,natural gas & other gases,2670.29339,thousand megawatthours,2024,9
CA,California,1,Electric Utility,NUC,nuclear,1517.681,thousand megawatthours,2024,9
CA,California,1,Electric Utility,OB2,biomass,3.73321,thousand megawatthours,2024,9
CA,California,1,Electric Utility,OBW,biomass,3.73321,thousand megawatthours,2024,9
CA,California,1,Electric Utility,OOG,other gases,0.0,thousand megawatthours,2024,9
CA,California,1,Electric Utility,ORW,other renewables,3.73321,thousand megawatthours,2024,9
CA,California,1,Electric Utility,OTH,other,-5.215,thousand megawatthours,2024,9
CA,California,1,Electric Utility,PEL,petroleum liquids,2.70038,thousand megawatthours,2024,9
CA,California,1,Electric Utility,PET,petroleum,2.70038,thousand megawatthours,2024,9
CA,California,1,Electric Utility,REN,renewable,2577.07445,thousand megawatthours,2024,9
CA,California,1,Electric Utility,RFO,residual fuel oil,0.0,thousand megawatthours,2024,9
CA,California,1,Electric Utility,SPV,solar photovoltaic,29.356,thousand megawatthours,2024,9
CA,California,1,Electric Utility,SUN,solar,29.356,thousand megawatthours,2024,9
CA,California,1,Electric Utility,TPV,estimated total solar photovoltaic,29.356,thousand megawatthours,2024,9
CA,California,1,Electric Utility,TSN,estimated total solar,29.356,thousand megawatthours,2024,9
CA,California,1,Electric Utility,WAS,renewable waste products,3.91145,thousand megawatthours,2024,9
CA,California,1,Electric Utility,WND,wind,78.668,thousand megawatthours,2024,9
CA,California,1,Electric Utility,WNT,onshore wind turbine,78.668,thousand megawatthours,2024,9
CA,California,1,Electric Utility,WOO,waste oil and other oils,0.099,thousand megawatthours,2024,9
CO,Colorado,1,Electric Utility,ALL,all fuels,3063.34246,thousand megawatthours,2024,9
CO,Colorado,1,Electric Utility,AOR,all renewables,385.987,thousand megawatthours,2024,9
CO,Colorado,1,Electric Utility,BIS,bituminous coal and synthetic coal,181.97736,thousand megawatthours,2024,9
CO,Colorado,1,Electric Utility,BIT,bituminous coal,181.97736,thousand megawatthours,2024,9
CO,Colorado,1,Electric Utility,COL,"coal, excluding waste coal",1552.92156,thousand megawatthours,2024,9
CO,Colorado,1,Electric Utility,COW,all coal products,1552.92156,thousand megawatthours,2024,9
CO,Colorado,1,Electric Utility,DFO,distillate fuel oil,1.64677,thousand megawatthours,2024,9
CO,Colorado,1,Electric Utility,DPV,estimated small scale solar photovoltaic,0.0,thousand megawatthours,2024,9
CO,Colorado,1,Electric Utility,FOS,fossil fuels,2536.46546,thousand megawatthours,2024,9
CO,Colorado,1,Electric Utility,HPS,hydro-electric pumped storage,-0.494,thousand megawatthours,2024,9
CO,Colorado,1,Electric Utility,HYC,conventional hydroelectric,143.047,thousand megawatthours,2024,9
CO,Colorado,1,Electric Utility,NG,natural gas,981.89714,thousand megawatthours,2024,9
CO,Colorado,1,Electric Utility,NGO,natural gas & other gases,981.89714,thousand megawatthours,2024,9
CO,Colorado,1,Electric Utility,OTH,other,-1.663,thousand megawatthours,2024,9
CO,Colorado,1,Electric Utility,PEL,petroleum liquids,1.64677,thousand megawatthours,2024,9
CO,Colorado,1,Electric Utility,PET,petroleum,1.64677,thousand megawatthours,2024,9
CO,Colorado,1,Electric Utility,REN,renewable,529.034,thousand megawatthours,2024,9
CO,Colorado,1,Electric Utility,SPV,solar photovoltaic,1.701,thousand megawatthours,2024,9
CO,Colorado,1,Electric Utility,SUB,subbituminous coal,1370.9442,thousand megawatthours,2024,9
CO,Colorado,1,Electric Utility,SUN,solar,1.701,thousand megawatthours,2024,9
CO,Colorado,1,Electric Utility,TPV,estimated total solar photovoltaic,1.701,thousand megawatthours,2024,9
CO,Colorado,1,Electric Utility,TSN,estimated total solar,1.701,thousand megawatthours,2024,9
CO,Colorado,1,Electric Utility,WND,wind,384.286,thousand megawatthours,2024,9
CO,Colorado,1,Electric Utility,WNT,onshore wind turbine,384.286,thousand megawatthours,2024,9
IL,Illinois,1,Electric Utility,ALL,all fuels,448.59159,thousand megawatthours,2024,9
IL,Illinois,1,Electric Utility,AOR,all renewables,6.64745,thousand megawatthours,2024,9
IL,Illinois,1,Electric Utility,BIO,biomass,6.18245,thousand megawatthours,2024,9
IL,Illinois,1,Electric Utility,BIS,bituminous coal and synthetic coal,134.56792,thousand megawatthours,2024,9
IL,Illinois,1,Electric Utility,BIT,bituminous coal,134.56792,thousand megawatthours,2024,9
IL,Illinois,1,Electric Utility,COL,"coal, excluding waste coal",134.56792,thousand megawatthours,2024,9
IL,Illinois,1,Electric Utility,COW,all coal products,134.56792,thousand megawatthours,2024,9
IL,Illinois,1,Electric Utility,DFO,distillate fuel oil,0.52325,thousand megawatthours,2024,9
IL,Illinois,1,Electric Utility,DPV,estimated small scale solar photovoltaic,0.0,thousand megawatthours,2024,9
IL,Illinois,1,Electric Utility,FOS,fossil fuels,437.67814,thousand megawatthours,2024,9
IL,Illinois,1,Electric Utility,HYC,conventional hydroelectric,4.266,thousand megawatthours,2024,9
IL,Illinois,1,Electric Utility,LFG,landfill gas,6.18245,thousand megawatthours,2024,9
IL,Illinois,1,Electric Utility,MLG,municiapl landfill gas,6.18245,thousand megawatthours,2024,9
IL,Illinois,1,Electric Utility,NG,natural gas,302.58696,thousand megawatthours,2024,9
IL,Illinois,1,Electric Utility,NGO,natural gas & other gases,302.58696,thousand megawatthours,2024,9
IL,Illinois,1,Electric Utility,OTH,other,0.0,thousand megawatthours,2024,9
IL,Illinois,1,Electric Utility,PC,petroleum coke,0.0,thousand megawatthours,2024,9
IL,Illinois,1,Electric Utility,PEL,petroleum liquids,0.52325,thousand megawatthours,2024,9
IL,Illinois,1,Electric Utility,PET,petroleum,0.52325,thousand megawatthours,2024,9
IL,Illinois,1,Electric Utility,REN,renewable,10.91345,thousand megawatthours,2024,9
IL,Illinois,1,Electric Utility,SPV,solar photovoltaic,0.224,thousand megawatthours,2024,9
IL,Illinois,1,Electric Utility,SUB,subbituminous coal,0.0,thousand megawatthours,2024,9
IL,Illinois,1,Electric Utility,SUN,solar,0.224,thousand megawatthours,2024,9
IL,Illinois,1,Electric Utility,TPV,estimated total solar photovoltaic,0.224,thousand megawatthours,2024,9
IL,Illinois,1,Electric Utility,TSN,estimated total solar,0.224,thousand megawatthours,2024,9
IL,Illinois,1,Electric Utility,WAS,renewable waste products,6.18245,thousand megawatthours,2024,9
IL,Illinois,1,Electric Utility,WND,wind,0.241,thousand megawatthours,2024,9
IL,Illinois,1,Electric Utility,WNT,onshore wind turbine,0.241,thousand megawatthours,2024,9
IL,Illinois,1,Electric Utility,WOO,waste oil and other oils,0.0,thousand megawatthours,2024,9
NY,New York,1,Electric Utility,ALL,all fuels,2783.77512,thousand megawatthours,2024,9
NY,New York,1,Electric Utility,BIS,bituminous coal and synthetic coal,0.0,thousand megawatthours,2024,9
NY,New York,1,Electric Utility,BIT,bituminous coal,0.0,thousand megawatthours,2024,9
NY,New York,1,Electric Utility,COL,"coal, excluding waste coal",0.0,thousand megawatthours,2024,9
NY,New York,1,Electric Utility,COW,all coal products,0.0,thousand megawatthours,2024,9
NY,New York,1,Electric Utility,DFO,distillate fuel oil,1.02663,thousand megawatthours,2024,9
NY,New York,1,Electric Utility,DPV,estimated small scale solar photovoltaic,0.0,thousand megawatthours,2024,9
NY,New York,1,Electric Utility,FOS,fossil fuels,1062.63412,thousand megawatthours,2024,9
NY,New York,1,Electric Utility,HPS,hydro-electric pumped storage,-37.164,thousand megawatthours,2024,9
NY,New York,1,Electric Utility,HYC,conventional hydroelectric,1758.481,thousand megawatthours,2024,9
NY,New York,1,Electric Utility,NG,natural gas,1060.75924,thousand megawatthours,2024,9
NY,New York,1,Electric Utility,NGO,natural gas & other gases,1060.75924,thousand megawatthours,2024,9
NY,New York,1,Electric Utility,OTH,other,-0.176,thousand megawatthours,2024,9
NY,New York,1,Electric Utility,PEL,petroleum liquids,1.87488,thousand megawatthours,2024,9
NY,New York,1,Electric Utility,PET,petroleum,1.87488,thousand megawatthours,2024,9
NY,New York,1,Electric Utility,REN,renewable,1758.481,thousand megawatthours,2024,9
NY,New York,1,Electric Utility,RFO,residual fuel oil,0.0,thousand megawatthours,2024,9
NY,New York,1,Electric Utility,TPV,estimated total solar photovoltaic,0.0,thousand megawatthours,2024,9
NY,New York,1,Electric Utility,TSN,estimated total solar,0.0,thousand megawatthours,2024,9
NY,New York,1,Electric Utility,WOO,waste oil and other oils,0.84825,thousand megawatthours,2024,9
TX,Texas,1,Electric Utility,ALL,all fuels,9444.40143,thousand megawatthours,2024,9
TX,Texas,1,Electric Utility,AOR,all renewables,141.925,thousand megawatthours,2024,9
TX,Texas,1,Electric Utility,BIO,biomass,0.0,thousand megawatthours,2024,9
TX,Texas,1,Electric Utility,COL,"coal, excluding waste coal",2151.28925,thousand megawatthours,2024,9
TX,Texas,1,Electric Utility,COW,all coal products,2151.28925,thousand megawatthours,2024,9
TX,Texas,1,Electric Utility,DFO,distillate fuel oil,3.45504,thousand megawatthours,2024,9
TX,Texas,1,Electric Utility,DPV,estimated small scale solar photovoltaic,0.0,thousand megawatthours,2024,9
TX,Texas,1,Electric Utility,FOS,fossil fuels,9269.82643,thousand megawatthours,2024,9
TX,Texas,1,Electric Utility,HYC,conventional hydroelectric,32.733,thousand megawatthours,2024,9
TX,Texas,1,Electric Utility,LIG,lignite coal,146.0925,thousand megawatthours,2024,9
TX,Texas,1,Electric Utility,NG,natural gas,7115.08214,thousand megawatthours,2024,9
TX,Texas,1,Electric Utility,NGO,natural gas & other gases,7115.08214,thousand megawatthours,2024,9
TX,Texas,1,Electric Utility,OB2,biomass,0.0,thousand megawatthours,2024,9
TX,Texas,1,Electric Utility,OBW,biomass,0.0,thousand megawatthours,2024,9
TX,Texas,1,Electric Utility,ORW,other renewables,0.0,thousand megawatthours,2024,9
TX,Texas,1,Electric Utility,OTH,other,-0.083,thousand megawatthours,2024,9
TX,Texas,1,Electric Utility,PEL,petroleum liquids,3.45504,thousand megawatthours,2024,9
TX,Texas,1,Electric Utility,PET,petroleum,3.45504,thousand megawatthours,2024,9
TX,Texas,1,Electric Utility,RC,refined coal,0.0,thousand megawatthours,2024,9
TX,Texas,1,Electric Utility,REN,renewable,174.658,thousand megawatthours,2024,9
TX,Texas,1,Electric Utility,RFO,residual fuel oil,0.0,thousand megawatthours,2024,9
TX,Texas,1,Electric Utility,SPV,solar photovoltaic,1.709,thousand megawatthours,2024,9
TX,Texas,1,Electric Utility,SUB,subbituminous coal,2005.19675,thousand megawatthours,2024,9
TX,Texas,1,Electric Utility,SUN,solar,1.709,thousand megawatthours,2024,9
TX,Texas,1,Electric Utility,TPV,estimated total solar photovoltaic,1.709,thousand megawatthours,2024,9
TX,Texas,1,Electric Utility,TSN,estimated total solar,1.709,thousand megawatthours,2024,9
TX,Texas,1,Electric Utility,WAS,renewable waste products,0.0,thousand megawatthours,2024,9
TX,Texas,1,Electric Utility,WND,wind,140.216,thousand megawatthours,2024,9
TX,Texas,1,Electric Utility,WNT,onshore wind turbine,140.216,thousand megawatthours,2024,9
TX,Texas,1,Electric Utility,WOO,waste oil and other oils,0.0,thousand megawatthours,2024,9
TX,Texas,1,Electric Utility,WWW,wood and wood wastes,0.0,thousand megawatthours,2024,9
CA,California,1,Electric Utility,ALL,all fuels,8007.17814,thousand megawatthours,2024,8
CA,California,1,Electric Utility,AOR,all renewables,201.01356,thousand megawatthours,2024,8
CA,California,1,Electric Utility,BIO,biomass,5.53456,thousand megawatthours,2024,8
CA,California,1,Electric Utility,DFO,distillate fuel oil,3.01828,thousand megawatthours,2024,8
CA,California,1,Electric Utility,DPV,estimated small scale solar photovoltaic,0.0,thousand megawatthours,2024,8
CA,California,1,Electric Utility,FOS,fossil fuels,3160.51658,thousand megawatthours,2024,8
CA,California,1,Electric Utility,GEO,geothermal,56.355,thousand megawatthours,2024,8
CA,California,1,Electric Utility,HPS,hydro-electric pumped storage,-16.566,thousand megawatthours,2024,8
CA,California,1,Electric Utility,HYC,conventional hydroelectric,3015.34,thousand megawatthours,2024,8
CA,California,1,Electric Utility,LFG,landfill gas,0.18589,thousand megawatthours,2024,8
CA,California,1,Electric Utility,MLG,municiapl landfill gas,0.18589,thousand megawatthours,2024,8
CA,California,1,Electric Utility,NG,natural gas,3157.3883,thousand megawatthours,2024,8
CA,California,1,Electric Utility,NGO,natural gas & other gases,3157.3883,thousand megawatthours,2024,8
CA,California,1,Electric Utility,NUC,nuclear,1652.452,thousand megawatthours,2024,8
CA,California,1,Electric Utility,OB2,biomass,5.34867,thousand megawatthours,2024,8
CA,California,1,Electric Utility,OBW,biomass,5.34867,thousand megawatthours,2024,8
CA,California,1,Electric Utility,OOG,other gases,0.0,thousand megawatthours,2024,8
CA,California,1,Electric Utility,ORW,other renewables,5.34867,thousand megawatthours,2024,8
CA,California,1,Electric Utility,OTH,other,-5.578,thousand megawatthours,2024,8
CA,California,1,Electric Utility,PEL,petroleum liquids,3.12828,thousand megawatthours,2024,8
CA,California,1,Electric Utility,PET,petroleum,3.12828,thousand megawatthours,2024,8
CA,California,1,Electric Utility,REN,renewable,3216.35356,thousand megawatthours,2024,8
CA,California,1,Electric Utility,RFO,residual fuel oil,0.0,thousand megawatthours,2024,8
CA,California,1,Electric Utility,SPV,solar photovoltaic,36.454,thousand megawatthours,2024,8
CA,California,1,Electric Utility,SUN,solar,36.454,thousand megawatthours,2024,8
CA,California,1,Electric Utility,TPV,estimated total solar photovoltaic,36.454,thousand megawatthours,2024,8
CA,California,1,Electric Utility,TSN,estimated total solar,36.454,thousand megawatthours,2024,8
CA,California,1,Electric Utility,WAS,renewable waste products,5.53456,thousand megawatthours,2024,8
CA,California,1,Electric Utility,WND,wind,102.67,thousand megawatthours,2024,8
CA,California,1,Electric Utility,WNT,onshore wind turbine,102.67,thousand megawatthours,2024,8
CA,California,1,Electric Utility,WOO,waste oil and other oils,0.11,thousand megawatthours,2024,8
CO,Colorado,1,Electric Utility,ALL,all fuels,3661.48289,thousand megawatthours,2024,8
CO,Colorado,1,Electric Utility,AOR,all renewables,331.932,thousand megawatthours,2024,8
CO,Colorado,1,Electric Utility,BIS,bituminous coal and synthetic coal,217.14194,thousand megawatthours,2024,8
CO,Colorado,1,Electric Utility,BIT,bituminous coal,217.14194,thousand megawatthours,2024,8
CO,Colorado,1,Electric Utility,COL,"coal, excluding waste coal",1616.40709,thousand megawatthours,2024,8
CO,Colorado,1,Electric Utility,COW,all coal products,1616.40709,thousand megawatthours,2024,8
CO,Colorado,1,Electric Utility,DFO,distillate fuel oil,1.15034,thousand megawatthours,2024,8
CO,Colorado,1,Electric Utility,DPV,estimated small scale solar photovoltaic,0.0,thousand megawatthours,2024,8
CO,Colorado,1,Electric Utility,FOS,fossil fuels,3171.58989,thousand megawatthours,2024,8
CO,Colorado,1,Electric Utility,HPS,hydro-electric pumped storage,-4.499,thousand megawatthours,2024,8
CO,Colorado,1,Electric Utility,HYC,conventional hydroelectric,164.035,thousand megawatthours,2024,8
CO,Colorado,1,Electric Utility,NG,natural gas,1554.03246,thousand megawatthours,2024,8
CO,Colorado,1,Electric Utility,NGO,natural gas & other gases,1554.03246,thousand megawatthours,2024,8
CO,Colorado,1,Electric Utility,OTH,other,-1.575,thousand megawatthours,2024,8
CO,Colorado,1,Electric Utility,PEL,petroleum liquids,1.15034,thousand megawatthours,2024,8
CO,Colorado,1,Electric Utility,PET,petroleum,1.15034,thousand megawatthours,2024,8
CO,Colorado,1,Electric Utility,REN,renewable,495.967,thousand megawatthours,2024,8
CO,Colorado,1,Electric Utility,SPV,solar photovoltaic,1.802,thousand megawatthours,2024,8
CO,Colorado,1,Electric Utility,SUB,subbituminous coal,1399.26515,thousand megawatthours,2024,8
CO,Colorado,1,Electric Utility,SUN,solar,1.802,thousand megawatthours,2024,8
CO,Colorado,1,Electric Utility,TPV,estimated total solar photovoltaic,1.802,thousand megawatthours,2024,8
CO,Colorado,1,Electric Utility,TSN,estimated total solar,1.802,thousand megawatthours,2024,8
CO,Colorado,1,Electric Utility,WND,wind,330.13,thousand megawatthours,2024,8
CO,Colorado,1,Electric Utility,WNT,onshore wind turbine,330.13,thousand megawatthours,2024,8
IL,Illinois,1,Electric Utility,ALL,all fuels,498.637,thousand megawatthours,2024,8
IL,Illinois,1,Electric Utility,AOR,all renewables,6.8741,thousand megawatthours,2024,8
IL,Illinois,1,Electric Utility,BIO,biomass,6.4021,thousand megawatthours,2024,8
IL,Illinois,1,Electric Utility,BIS,bituminous coal and synthetic coal,137.45372,thousand megawatthours,2024,8
IL,Illinois,1,Electric Utility,BIT,bituminous coal,137.45372,thousand megawatthours,2024,8
IL,Illinois,1,Electric Utility,COL,"coal, excluding waste coal",137.45372,thousand megawatthours,2024,8
IL,Illinois,1,Electric Utility,COW,all coal products,137.45372,thousand megawatthours,2024,8
IL,Illinois,1,Electric Utility,DFO,distillate fuel oil,0.33542,thousand megawatthours,2024,8
IL,Illinois,1,Electric Utility,DPV,estimated small scale solar photovoltaic,0.0,thousand megawatthours,2024,8
IL,Illinois,1,Electric Utility,FOS,fossil fuels,487.9829,thousand megawatthours,2024,8
IL,Illinois,1,Electric Utility,HYC,conventional hydroelectric,3.78,thousand megawatthours,2024,8
IL,Illinois,1,Electric Utility,LFG,landfill gas,6.4021,thousand megawatthours,2024,8
IL,Illinois,1,Electric Utility,MLG,municiapl landfill gas,6.4021,thousand megawatthours,2024,8
IL,Illinois,1,Electric Utility,NG,natural gas,350.19376,thousand megawatthours,2024,8
IL,Illinois,1,Electric Utility,NGO,natural gas & other gases,350.19376,thousand megawatthours,2024,8
IL,Illinois,1,Electric Utility,OTH,other,0.0,thousand megawatthours,2024,8
IL,Illinois,1,Electric Utility,PC,petroleum coke,0.0,thousand megawatthours,2024,8
IL,Illinois,1,Electric Utility,PEL,petroleum liquids,0.33542,thousand megawatthours,2024,8
IL,Illinois,1,Electric Utility,PET,petroleum,0.33542,thousand megawatthours,2024,8
IL,Illinois,1,Electric Utility,REN,renewable,10.6541,thousand megawatthours,2024,8
IL,Illinois,1,Electric Utility,SPV,solar photovoltaic,0.235,thousand megawatthours,2024,8
IL,Illinois,1,Electric Utility,SUB,subbituminous coal,0.0,thousand megawatthours,2024,8
IL,Illinois,1,Electric Utility,SUN,solar,0.235,thousand megawatthours,2024,8
IL,Illinois,1,Electric Utility,TPV,estimated total solar photovoltaic,0.235,thousand megawatthours,2024,8
IL,Illinois,1,Electric Utility,TSN,estimated total solar,0.235,thousand megawatthours,2024,8
IL,Illinois,1,Electric Utility,WAS,renewable waste products,6.4021,thousand megawatthours,2024,8
IL,Illinois,1,Electric Utility,WND,wind,0.237,thousand megawatthours,2024,8
IL,Illinois,1,Electric Utility,WNT,onshore wind turbine,0.237,thousand megawatthours,2024,8
IL,Illinois,1,Electric Utility,WOO,waste oil and other oils,0.0,thousand megawatthours,2024,8
NY,New York,1,Electric Utility,ALL,all fuels,3409.48988,thousand megawatthours,2024,8
NY,New York,1,Electric Utility,BIS,bituminous coal and synthetic coal,0.0,thousand megawatthours,2024,8
NY,New York,1,Electric Utility,BIT,bituminous coal,0.0,thousand megawatthours,2024,8
NY,New York,1,Electric Utility,COL,"coal, excluding waste coal",0.0,thousand megawatthours,2024,8
NY,New York,1,Electric Utility,COW,all coal products,0.0,thousand megawatthours,2024,8
NY,New York,1,Electric Utility,DFO,distillate fuel oil,5.29448,thousand megawatthours,2024,8
NY,New York,1,Electric Utility,DPV,estimated small scale solar photovoltaic,0.0,thousand megawatthours,2024,8
NY,New York,1,Electric Utility,FOS,fossil fuels,1538.15388,thousand megawatthours,2024,8
NY,New York,1,Electric Utility,HPS,hydro-electric pumped storage,-48.555,thousand megawatthours,2024,8
NY,New York,1,Electric Utility,HYC,conventional hydroelectric,1920.06,thousand megawatthours,2024,8
NY,New York,1,Electric Utility,NG,natural gas,1526.34232,thousand megawatthours,2024,8
NY,New York,1,Electric Utility,NGO,natural gas & other gases,1526.34232,thousand megawatthours,2024,8
NY,New York,1,Electric Utility,OTH,other,-0.169,thousand megawatthours,2024,8
NY,New York,1,Electric Utility,PEL,petroleum liquids,11.81156,thousand megawatthours,2024,8
NY,New York,1,Electric Utility,PET,petroleum,11.81156,thousand megawatthours,2024,8
NY,New York,1,Electric Utility,REN,renewable,1920.06,thousand megawatthours,2024,8
NY,New York,1,Electric Utility,RFO,residual fuel oil,2.05038,thousand megawatthours,2024,8
NY,New York,1,Electric Utility,TPV,estimated total solar photovoltaic,0.0,thousand megawatthours,2024,8
NY,New York,1,Electric Utility,TSN,estimated total solar,0.0,thousand megawatthours,2024,8
NY,New York,1,Electric Utility,WOO,waste oil and other oils,4.4667,thousand megawatthours,2024,8
TX,Texas,1,Electric Utility,ALL,all fuels,11181.21034,thousand megawatthours,2024,8
TX,Texas,1,Electric Utility,AOR,all renewables,191.056,thousand megawatthours,2024,8
TX,Texas,1,Electric Utility,BIO,biomass,30.005,thousand megawatthours,2024,8
TX,Texas,1,Electric Utility,COL,"coal, excluding waste coal",2511.408,thousand megawatthours,2024,8
TX,Texas,1,Electric Utility,COW,all coal products,2511.408,thousand megawatthours,2024,8
TX,Texas,1,Electric Utility,DFO,distillate fuel oil,2.87739,thousand megawatthours,2024,8
TX,Texas,1,Electric Utility,DPV,estimated small scale solar photovoltaic,0.0,thousand megawatthours,2024,8
TX,Texas,1,Electric Utility,FOS,fossil fuels,10921.27134,thousand megawatthours,2024,8
TX,Texas,1,Electric Utility,HYC,conventional hydroelectric,68.97,thousand megawatthours,2024,8
TX,Texas,1,Electric Utility,LIG,lignite coal,187.93906,thousand megawatthours,2024,8
TX,Texas,1,Electric Utility,NG,natural gas,8406.98595,thousand megawatthours,2024,8
TX,Texas,1,Electric Utility,NGO,natural gas & other gases,8406.98595,thousand megawatthours,2024,8
TX,Texas,1,Electric Utility,OB2,biomass,0.0,thousand megawatthours,2024,8
TX,Texas,1,Electric Utility,OBW,biomass,0.0,thousand megawatthours,2024,8
TX,Texas,1,Electric Utility,ORW,other renewables,0.0,thousand megawatthours,2024,8
TX,Texas,1,Electric Utility,OTH,other,-0.087,thousand megawatthours,2024,8
TX,Texas,1,Electric Utility,PEL,petroleum liquids,2.87739,thousand megawatthours,2024,8
TX,Texas,1,Electric Utility,PET,petroleum,2.87739,thousand megawatthours,2024,8
TX,Texas,1,Electric Utility,RC,refined coal,0.0,thousand megawatthours,2024,8
TX,Texas,1,Electric Utility,REN,renewable,260.026,thousand megawatthours,2024,8
TX,Texas,1,Electric Utility,RFO,residual fuel oil,0.0,thousand megawatthours,2024,8
TX,Texas,1,Electric Utility,SPV,solar photovoltaic,1.714,thousand megawatthours,2024,8
TX,Texas,1,Electric Utility,SUB,subbituminous coal,2323.46893,thousand megawatthours,2024,8
TX,Texas,1,Electric Utility,SUN,solar,1.714,thousand megawatthours,2024,8
TX,Texas,1,Electric Utility,TPV,estimated total solar photovoltaic,1.714,thousand megawatthours,2024,8
TX,Texas,1,Electric Utility,TSN,estimated total solar,1.714,thousand megawatthours,2024,8
TX,Texas,1,Electric Utility,WAS,renewable waste products,0.0,thousand megawatthours,2024,8
TX,Texas,1,Electric Utility,WND,wind,159.337,thousand megawatthours,2024,8
TX,Texas,1,Electric Utility,WNT,onshore wind turbine,159.337,thousand megawatthours,2024,8
TX,Texas,1,Electric Utility,WOO,waste oil and other oils,0.0,thousand megawatthours,2024,8
TX,Texas,1,Electric Utility,WWW,wood and wood wastes,30.005,thousand megawatthours,2024,8
CA,California,1,Electric Utility,ALL,all fuels,8548.375,thousand megawatthours,2024,7
CA,California,1,Electric Utility,AOR,all renewables,200.36861,thousand megawatthours,2024,7
CA,California,1,Electric Utility,BIO,biomass,5.32861,thousand megawatthours,2024,7
CA,California,1,Electric Utility,DFO,distillate fuel oil,2.83311,thousand megawatthours,2024,7
CA,California,1,Electric Utility,DPV,estimated small scale solar photovoltaic,0.0,thousand megawatthours,2024,7
CA,California,1,Electric Utility,FOS,fossil fuels,3596.09839,thousand megawatthours,2024,7
CA,California,1,Electric Utility,GEO,geothermal,55.725,thousand megawatthours,2024,7
CA,California,1,Electric Utility,HPS,hydro-electric pumped storage,55.875,thousand megawatthours,2024,7
CA,California,1,Electric Utility,HYC,conventional hydroelectric,3017.544,thousand megawatthours,2024,7
CA,California,1,Electric Utility,LFG,landfill gas,0.18395,thousand megawatthours,2024,7
CA,California,1,Electric Utility,MLG,municiapl landfill gas,0.18395,thousand megawatthours,2024,7
CA,California,1,Electric Utility,NG,natural gas,3593.11728,thousand megawatthours,2024,7
CA,California,1,Electric Utility,NGO,natural gas & other gases,3593.11728,thousand megawatthours,2024,7
CA,California,1,Electric Utility,NUC,nuclear,1683.852,thousand megawatthours,2024,7
CA,California,1,Electric Utility,OB2,biomass,5.14467,thousand megawatthours,2024,7
CA,California,1,Electric Utility,OBW,biomass,5.14467,thousand megawatthours,2024,7
CA,California,1,Electric Utility,OOG,other gases,0.0,thousand megawatthours,2024,7
CA,California,1,Electric Utility,ORW,other renewables,5.14467,thousand megawatthours,2024,7
CA,California,1,Electric Utility,OTH,other,-5.363,thousand megawatthours,2024,7
CA,California,1,Electric Utility,PEL,petroleum liquids,2.98111,thousand megawatthours,2024,7
CA,California,1,Electric Utility,PET,petroleum,2.98111,thousand megawatthours,2024,7
CA,California,1,Electric Utility,REN,renewable,3217.91261,thousand megawatthours,2024,7
CA,California,1,Electric Utility,RFO,residual fuel oil,0.0,thousand megawatthours,2024,7
CA,California,1,Electric Utility,SPV,solar photovoltaic,36.998,thousand megawatthours,2024,7
CA,California,1,Electric Utility,SUN,solar,36.998,thousand megawatthours,2024,7
CA,California,1,Electric Utility,TPV,estimated total solar photovoltaic,36.998,thousand megawatthours,2024,7
CA,California,1,Electric Utility,TSN,estimated total solar,36.998,thousand megawatthours,2024,7
CA,California,1,Electric Utility,WAS,renewable waste products,5.32861,thousand megawatthours,2024,7
CA,California,1,Electric Utility,WND,wind,102.317,thousand megawatthours,2024,7
CA,California,1,Electric Utility,WNT,onshore wind turbine,102.317,thousand megawatthours,2024,7
CA,California,1,Electric Utility,WOO,waste oil and other oils,0.148,thousand megawatthours,2024,7
CO,Colorado,1,Electric Utility,ALL,all fuels,3897.78943,thousand megawatthours,2024,7
CO,Colorado,1,Electric Utility,AOR,all renewables,301.753,thousand megawatthours,2024,7
CO,Colorado,1,Electric Utility,BIS,bituminous coal and synthetic coal,199.02935,thousand megawatthours,2024,7
CO,Colorado,1,Electric Utility,BIT,bituminous coal,199.02935,thousand megawatthours,2024,7
CO,Colorado,1,Electric Utility,COL,"coal, excluding waste coal",1678.93676,thousand megawatthours,2024,7
CO,Colorado,1,Electric Utility,COW,all coal products,1678.93676,thousand megawatthours,2024,7
CO,Colorado,1,Electric Utility,DFO,distillate fuel oil,2.8927,thousand megawatthours,2024,7
CO,Colorado,1,Electric Utility,DPV,estimated small scale solar photovoltaic,0.0,thousand megawatthours,2024,7
CO,Colorado,1,Electric Utility,FOS,fossil fuels,3394.97043,thousand megawatthours,2024,7
CO,Colorado,1,Electric Utility,HPS,hydro-electric pumped storage,7.569,thousand megawatthours,2024,7
CO,Colorado,1,Electric Utility,HYC,conventional hydroelectric,194.77,thousand megawatthours,2024,7
CO,Colorado,1,Electric Utility,NG,natural gas,1713.14097,thousand megawatthours,2024,7
CO,Colorado,1,Electric Utility,NGO,natural gas & other gases,1713.14097,thousand megawatthours,2024,7
CO,Colorado,1,Electric Utility,OTH,other,-1.273,thousand megawatthours,2024,7
CO,Colorado,1,Electric Utility,PEL,petroleum liquids,2.8927,thousand megawatthours,2024,7
CO,Colorado,1,Electric Utility,PET,petroleum,2.8927,thousand megawatthours,2024,7
CO,Colorado,1,Electric Utility,REN,renewable,496.523,thousand megawatthours,2024,7
CO,Colorado,1,Electric Utility,SPV,solar photovoltaic,1.954,thousand megawatthours,2024,7
CO,Colorado,1,Electric Utility,SUB,subbituminous coal,1479.90741,thousand megawatthours,2024,7
CO,Colorado,1,Electric Utility,SUN,solar,1.954,thousand megawatthours,2024,7
CO,Colorado,1,Electric Utility,TPV,estimated total solar photovoltaic,1.954,thousand megawatthours,2024,7
CO,Colorado,1,Electric Utility,TSN,estimated total solar,1.954,thousand megawatthours,2024,7
CO,Colorado,1,Electric Utility,WND,wind,299.799,thousand megawatthours,2024,7
CO,Colorado,1,Electric Utility,WNT,onshore wind turbine,299.799,thousand megawatthours,2024,7
IL,Illinois,1,Electric Utility,ALL,all fuels,491.14516,thousand megawatthours,2024,7
IL,Illinois,1,Electric Utility,AOR,all renewables,5.82302,thousand megawatthours,2024,7
IL,Illinois,1,Electric Utility,BIO,biomass,5.40302,thousand megawatthours,2024,7
IL,Illinois,1,Electric Utility,BIS,bituminous coal and synthetic coal,125.52356,thousand megawatthours,2024,7
IL,Illinois,1,Electric Utility,BIT,bituminous coal,125.52356,thousand megawatthours,2024,7
IL,Illinois,1,Electric Utility,COL,"coal, excluding waste coal",125.52356,thousand megawatthours,2024,7
IL,Illinois,1,Electric Utility,COW,all coal products,125.52356,thousand megawatthours,2024,7
IL,Illinois,1,Electric Utility,DFO,distillate fuel oil,0.7005,thousand megawatthours,2024,7
IL,Illinois,1,Electric Utility,DPV,estimated small scale solar photovoltaic,0.0,thousand megawatthours,2024,7
IL,Illinois,1,Electric Utility,FOS,fossil fuels,483.29214,thousand megawatthours,2024,7
IL,Illinois,1,Electric Utility,HYC,conventional hydroelectric,2.03,thousand megawatthours,2024,7
IL,Illinois,1,Electric Utility,LFG,landfill gas,5.40302,thousand megawatthours,2024,7
IL,Illinois,1,Electric Utility,MLG,municiapl landfill gas,5.40302,thousand megawatthours,2024,7
IL,Illinois,1,Electric Utility,NG,natural gas,357.05109,thousand megawatthours,2024,7
IL,Illinois,1,Electric Utility,NGO,natural gas & other gases,357.05109,thousand megawatthours,2024,7
IL,Illinois,1,Electric Utility,OTH,other,0.0,thousand megawatthours,2024,7
IL,Illinois,1,Electric Utility,PC,petroleum coke,0.0,thousand megawatthours,2024,7
IL,Illinois,1,Electric Utility,PEL,petroleum liquids,0.7175,thousand megawatthours,2024,7
IL,Illinois,1,Electric Utility,PET,petroleum,0.7175,thousand megawatthours,2024,7
IL,Illinois,1,Electric Utility,REN,renewable,7.85302,thousand megawatthours,2024,7
IL,Illinois,1,Electric Utility,SPV,solar photovoltaic,0.234,thousand megawatthours,2024,7
IL,Illinois,1,Electric Utility,SUB,subbituminous coal,0.0,thousand megawatthours,2024,7
IL,Illinois,1,Electric Utility,SUN,solar,0.234,thousand megawatthours,2024,7
IL,Illinois,1,Electric Utility,TPV,estimated total solar photovoltaic,0.234,thousand megawatthours,2024,7
IL,Illinois,1,Electric Utility,TSN,estimated total solar,0.234,thousand megawatthours,2024,7
IL,Illinois,1,Electric Utility,WAS,renewable waste products,5.40302,thousand megawatthours,2024,7
IL,Illinois,1,Electric Utility,WND,wind,0.186,thousand megawatthours,2024,7
IL,Illinois,1,Electric Utility,WNT,onshore wind turbine,0.186,thousand megawatthours,2024,7
IL,Illinois,1,Electric Utility,WOO,waste oil and other oils,0.017,thousand megawatthours,2024,7
NY,New York,1,Electric Utility,ALL,all fuels,3810.16454,thousand megawatthours,2024,7
NY,New York,1,Electric Utility,BIS,bituminous coal and synthetic coal,0.0,thousand megawatthours,2024,7
NY,New York,1,Electric Utility,BIT,bituminous coal,0.0,thousand megawatthours,2024,7
NY,New York,1,Electric Utility,COL,"coal, excluding waste coal",0.0,thousand megawatthours,2024,7
NY,New York,1,Electric Utility,COW,all coal products,0.0,thousand megawatthours,2024,7
NY,New York,1,Electric Utility,DFO,distillate fuel oil,6.28897,thousand megawatthours,2024,7
NY,New York,1,Electric Utility,DPV,estimated small scale solar photovoltaic,0.0,thousand megawatthours,2024,7
NY,New York,1,Electric Utility,FOS,fossil fuels,1815.52254,thousand megawatthours,2024,7
NY,New York,1,Electric Utility,HPS,hydro-electric pumped storage,-41.949,thousand megawatthours,2024,7
NY,New York,1,Electric Utility,HYC,conventional hydroelectric,2036.734,thousand megawatthours,2024,7
NY,New York,1,Electric Utility,NG,natural gas,1799.876,thousand megawatthours,2024,7
NY,New York,1,Electric Utility,NGO,natural gas & other gases,1799.876,thousand megawatthours,2024,7
NY,New York,1,Electric Utility,OTH,other,-0.143,thousand megawatthours,2024,7
NY,New York,1,Electric Utility,PEL,petroleum liquids,15.64654,thousand megawatthours,2024,7
NY,New York,1,Electric Utility,PET,petroleum,15.64654,thousand megawatthours,2024,7
NY,New York,1,Electric Utility,REN,renewable,2036.734,thousand megawatthours,2024,7
NY,New York,1,Electric Utility,RFO,residual fuel oil,3.87125,thousand megawatthours,2024,7
NY,New York,1,Electric Utility,TPV,estimated total solar photovoltaic,0.0,thousand megawatthours,2024,7
NY,New York,1,Electric Utility,TSN,estimated total solar,0.0,thousand megawatthours,2024,7
NY,New York,1,Electric Utility,WOO,waste oil and other oils,5.48632,thousand megawatthours,2024,7
TX,Texas,1,Electric Utility,ALL,all fuels,10163.21649,thousand megawatthours,2024,7
TX,Texas,1,Electric Utility,AOR,all renewables,181.857,thousand megawatthours,2024,7
TX,Texas,1,Electric Utility,BIO,biomass,23.453,thousand megawatthours,2024,7
TX,Texas,1,Electric Utility,COL,"coal, excluding waste coal",2357.42114,thousand megawatthours,2024,7
TX,Texas,1,Electric Utility,COW,all coal products,2357.42114,thousand megawatthours,2024,7
TX,Texas,1,Electric Utility,DFO,distillate fuel oil,2.62135,thousand megawatthours,2024,7
TX,Texas,1,Electric Utility,DPV,estimated small scale solar photovoltaic,0.0,thousand megawatthours,2024,7
TX,Texas,1,Electric Utility,FOS,fossil fuels,9905.28249,thousand megawatthours,2024,7
TX,Texas,1,Electric Utility,HYC,conventional hydroelectric,76.163,thousand megawatthours,2024,7
TX,Texas,1,Electric Utility,LIG,lignite coal,173.20424,thousand megawatthours,2024,7
TX,Texas,1,Electric Utility,NG,natural gas,7545.24,thousand megawatthours,2024,7
TX,Texas,1,Electric Utility,NGO,natural gas & other gases,7545.24,thousand megawatthours,2024,7
TX,Texas,1,Electric Utility,OB2,biomass,0.0,thousand megawatthours,2024,7
TX,Texas,1,Electric Utility,OBW,biomass,0.0,thousand megawatthours,2024,7
TX,Texas,1,Electric Utility,ORW,other renewables,0.0,thousand megawatthours,2024,7
TX,Texas,1,Electric Utility,OTH,other,-0.086,thousand megawatthours,2024,7
TX,Texas,1,Electric Utility,PEL,petroleum liquids,2.62135,thousand megawatthours,2024,7
TX,Texas,1,Electric Utility,PET,petroleum,2.62135,thousand megawatthours,2024,7
TX,Texas,1,Electric Utility,RC,refined coal,0.0,thousand megawatthours,2024,7
TX,Texas,1,Electric Utility,REN,renewable,258.02,thousand megawatthours,2024,7
TX,Texas,1,Electric Utility,RFO,residual fuel oil,0.0,thousand megawatthours,2024,7
TX,Texas,1,Electric Utility,SPV,solar photovoltaic,1.662,thousand megawatthours,2024,7
TX,Texas,1,Electric Utility,SUB,subbituminous coal,2184.2169,thousand megawatthours,2024,7
TX,Texas,1,Electric Utility,SUN,solar,1.662,thousand megawatthours,2024,7
TX,Texas,1,Electric Utility,TPV,estimated total solar photovoltaic,1.662,thousand megawatthours,2024,7
TX,Texas,1,Electric Utility,TSN,estimated total solar,1.662,thousand megawatthours,2024,7
TX,Texas,1,Electric Utility,WAS,renewable waste products,0.0,thousand megawatthours,2024,7
TX,Texas,1,Electric Utility,WND,wind,156.742,thousand megawatthours,2024,7
TX,Texas,1,Electric Utility,WNT,onshore wind turbine,156.742,thousand megawatthours,2024,7
TX,Texas,1,Electric Utility,WOO,waste oil and other oils,0.0,thousand megawatthours,2024,7
TX,Texas,1,Electric Utility,WWW,wood and wood wastes,23.453,thousand megawatthours,2024,7
CA,California,1,Electric Utility,ALL,all fuels,6455.82417,thousand megawatthours,2024,6
CA,California,1,Electric Utility,AOR,all renewables,207.41551,thousand megawatthours,2024,6
CA,California,1,Electric Utility,BIO,biomass,5.78851,thousand megawatthours,2024,6
CA,California,1,Electric Utility,DFO,distillate fuel oil,2.4679,thousand megawatthours,2024,6
CA,California,1,Electric Utility,DPV,estimated small scale solar photovoltaic,0.0,thousand megawatthours,2024,6
CA,California,1,Electric Utility,FOS,fossil fuels,1892.99366,thousand megawatthours,2024,6
CA,California,1,Electric Utility,GEO,geothermal,56.248,thousand megawatthours,2024,6
CA,California,1,Electric Utility,HPS,hydro-electric pumped storage,11.135,thousand megawatthours,2024,6
CA,California,1,Electric Utility,HYC,conventional hydroelectric,2716.514,thousand megawatthours,2024,6
CA,California,1,Electric Utility,LFG,landfill gas,0.17747,thousand megawatthours,2024,6
CA,California,1,Electric Utility,MLG,municiapl landfill gas,0.17747,thousand megawatthours,2024,6
CA,California,1,Electric Utility,NG,natural gas,1890.37876,thousand megawatthours,2024,6
CA,California,1,Electric Utility,NGO,natural gas & other gases,1890.37876,thousand megawatthours,2024,6
CA,California,1,Electric Utility,NUC,nuclear,1633.639,thousand megawatthours,2024,6
CA,California,1,Electric Utility,OB2,biomass,5.61105,thousand megawatthours,2024,6
CA,California,1,Electric Utility,OBW,biomass,5.61105,thousand megawatthours,2024,6
CA,California,1,Electric Utility,OOG,other gases,0.0,thousand megawatthours,2024,6
CA,California,1,Electric Utility,ORW,other renewables,5.61105,thousand megawatthours,2024,6
CA,California,1,Electric Utility,OTH,other,-5.873,thousand megawatthours,2024,6
CA,California,1,Electric Utility,PEL,petroleum liquids,2.6149,thousand megawatthours,2024,6
CA,California,1,Electric Utility,PET,petroleum,2.6149,thousand megawatthours,2024,6
CA,California,1,Electric Utility,REN,renewable,2923.92951,thousand megawatthours,2024,6
CA,California,1,Electric Utility,RFO,residual fuel oil,0.0,thousand megawatthours,2024,6
CA,California,1,Electric Utility,SPV,solar photovoltaic,35.207,thousand megawatthours,2024,6
CA,California,1,Electric Utility,SUN,solar,35.207,thousand megawatthours,2024,6
CA,California,1,Electric Utility,TPV,estimated total solar photovoltaic,35.207,thousand megawatthours,2024,6
CA,California,1,Electric Utility,TSN,estimated total solar,35.207,thousand megawatthours,2024,6
CA,California,1,Electric Utility,WAS,renewable waste products,5.78851,thousand megawatthours,2024,6
CA,California,1,Electric Utility,WND,wind,110.172,thousand megawatthours,2024,6
CA,California,1,Electric Utility,WNT,onshore wind turbine,110.172,thousand megawatthours,2024,6
CA,California,1,Electric Utility,WOO,waste oil and other oils,0.147,thousand megawatthours,2024,6
CO,Colorado,1,Electric Utility,ALL,all fuels,3329.37659,thousand megawatthours,2024,6
CO,Colorado,1,Electric Utility,AOR,all renewables,337.484,thousand megawatthours,2024,6
CO,Colorado,1,Electric Utility,BIS,bituminous coal and synthetic coal,180.80293,thousand megawatthours,2024,6
CO,Colorado,1,Electric Utility,BIT,bituminous coal,180.80293,thousand megawatthours,2024,6
CO,Colorado,1,Electric Utility,COL,"coal, excluding waste coal",1525.06468,thousand megawatthours,2024,6
CO,Colorado,1,Electric Utility,COW,all coal products,1525.06468,thousand megawatthours,2024,6
CO,Colorado,1,Electric Utility,DFO,distillate fuel oil,1.38009,thousand megawatthours,2024,6
CO,Colorado,1,Electric Utility,DPV,estimated small scale solar photovoltaic,0.0,thousand megawatthours,2024,6
CO,Colorado,1,Electric Utility,FOS,fossil fuels,2778.16659,thousand megawatthours,2024,6
CO,Colorado,1,Electric Utility,HPS,hydro-electric pumped storage,10.707,thousand megawatthours,2024,6
CO,Colorado,1,Electric Utility,HYC,conventional hydroelectric,203.767,thousand megawatthours,2024,6
CO,Colorado,1,Electric Utility,NG,natural gas,1251.72182,thousand megawatthours,2024,6
CO,Colorado,1,Electric Utility,NGO,natural gas & other gases,1251.72182,thousand megawatthours,2024,6
CO,Colorado,1,Electric Utility,OTH,other,-0.748,thousand megawatthours,2024,6
CO,Colorado,1,Electric Utility,PEL,petroleum liquids,1.38009,thousand megawatthours,2024,6
CO,Colorado,1,Electric Utility,PET,petroleum,1.38009,thousand megawatthours,2024,6
CO,Colorado,1,Electric Utility,REN,renewable,541.251,thousand megawatthours,2024,6
CO,Colorado,1,Electric Utility,SPV,solar photovoltaic,1.972,thousand megawatthours,2024,6
CO,Colorado,1,Electric Utility,SUB,subbituminous coal,1344.26175,thousand megawatthours,2024,6
CO,Colorado,1,Electric Utility,SUN,solar,1.972,thousand megawatthours,2024,6
CO,Colorado,1,Electric Utility,TPV,estimated total solar photovoltaic,1.972,thousand megawatthours,2024,6
CO,Colorado,1,Electric Utility,TSN,estimated total solar,1.972,thousand megawatthours,2024,6
CO,Colorado,1,Electric Utility,WND,wind,335.512,thousand megawatthours,2024,6
CO,Colorado,1,Electric Utility,WNT,onshore wind turbine,335.512,thousand megawatthours,2024,6
IL,Illinois,1,Electric Utility,ALL,all fuels,321.39469,thousand megawatthours,2024,6
IL,Illinois,1,Electric Utility,AOR,all renewables,6.07344,thousand megawatthours,2024,6
IL,Illinois,1,Electric Utility,BIO,biomass,5.33344,thousand megawatthours,2024,6
IL,Illinois,1,Electric Utility,BIS,bituminous coal and synthetic coal,46.71626,thousand megawatthours,2024,6
IL,Illinois,1,Electric Utility,BIT,bituminous coal,46.71626,thousand megawatthours,2024,6
IL,Illinois,1,Electric Utility,COL,"coal, excluding waste coal",46.71626,thousand megawatthours,2024,6
IL,Illinois,1,Electric Utility,COW,all coal products,46.71626,thousand megawatthours,2024,6
IL,Illinois,1,Electric Utility,DFO,distillate fuel oil,0.46491,thousand megawatthours,2024,6
IL,Illinois,1,Electric Utility,DPV,estimated small scale solar photovoltaic,0.0,thousand megawatthours,2024,6
IL,Illinois,1,Electric Utility,FOS,fossil fuels,311.48526,thousand megawatthours,2024,6
IL,Illinois,1,Electric Utility,HYC,conventional hydroelectric,3.836,thousand megawatthours,2024,6
IL,Illinois,1,Electric Utility,LFG,landfill gas,5.33344,thousand megawatthours,2024,6
IL,Illinois,1,Electric Utility,MLG,municiapl landfill gas,5.33344,thousand megawatthours,2024,6
IL,Illinois,1,Electric Utility,NG,natural gas,264.28909,thousand megawatthours,2024,6
IL,Illinois,1,Electric Utility,NGO,natural gas & other gases,264.28909,thousand megawatthours,2024,6
IL,Illinois,1,Electric Utility,OTH,other,0.0,thousand megawatthours,2024,6
IL,Illinois,1,Electric Utility,PC,petroleum coke,0.0,thousand megawatthours,2024,6
IL,Illinois,1,Electric Utility,PEL,petroleum liquids,0.47991,thousand megawatthours,2024,6
IL,Illinois,1,Electric Utility,PET,petroleum,0.47991,thousand megawatthours,2024,6
IL,Illinois,1,Electric Utility,REN,renewable,9.90944,thousand megawatthours,2024,6
IL,Illinois,1,Electric Utility,SPV,solar photovoltaic,0.236,thousand megawatthours,2024,6
IL,Illinois,1,Electric Utility,SUB,subbituminous coal,0.0,thousand megawatthours,2024,6
IL,Illinois,1,Electric Utility,SUN,solar,0.236,thousand megawatthours,2024,6
IL,Illinois,1,Electric Utility,TPV,estimated total solar photovoltaic,0.236,thousand megawatthours,2024,6
IL,Illinois,1,Electric Utility,TSN,estimated total solar,0.236,thousand megawatthours,2024,6
IL,Illinois,1,Electric Utility,WAS,renewable waste products,5.33344,thousand megawatthours,2024,6
IL,Illinois,1,Electric Utility,WND,wind,0.504,thousand megawatthours,2024,6
IL,Illinois,1,Electric Utility,WNT,onshore wind turbine,0.504,thousand megawatthours,2024,6
IL,Illinois,1,Electric Utility,WOO,waste oil and other oils,0.015,thousand megawatthours,2024,6
NY,New York,1,Electric Utility,ALL,all fuels,3240.81853,thousand megawatthours,2024,6
NY,New York,1,Electric Utility,BIS,bituminous coal and synthetic coal,0.0,thousand megawatthours,2024,6
NY,New York,1,Electric Utility,BIT,bituminous coal,0.0,thousand megawatthours,2024,6
NY,New York,1,Electric Utility,COL,"coal, excluding waste coal",0.0,thousand megawatthours,2024,6
NY,New York,1,Electric Utility,COW,all coal products,0.0,thousand megawatthours,2024,6
NY,New York,1,Electric Utility,DFO,distillate fuel oil,2.41224,thousand megawatthours,2024,6
NY,New York,1,Electric Utility,DPV,estimated small scale solar photovoltaic,0.0,thousand megawatthours,2024,6
NY,New York,1,Electric Utility,FOS,fossil fuels,1331.91853,thousand megawatthours,2024,6
NY,New York,1,Electric Utility,HPS,hydro-electric pumped storage,-32.681,thousand megawatthours,2024,6
NY,New York,1,Electric Utility,HYC,conventional hydroelectric,1941.74,thousand megawatthours,2024,6
NY,New York,1,Electric Utility,NG,natural gas,1325.39117,thousand megawatthours,2024,6
NY,New York,1,Electric Utility,NGO,natural gas & other gases,1325.39117,thousand megawatthours,2024,6
NY,New York,1,Electric Utility,OTH,other,-0.159,thousand megawatthours,2024,6
NY,New York,1,Electric Utility,PEL,petroleum liquids,6.52736,thousand megawatthours,2024,6
NY,New York,1,Electric Utility,PET,petroleum,6.52736,thousand megawatthours,2024,6
NY,New York,1,Electric Utility,REN,renewable,1941.74,thousand megawatthours,2024,6
NY,New York,1,Electric Utility,RFO,residual fuel oil,0.0908,thousand megawatthours,2024,6
NY,New York,1,Electric Utility,TPV,estimated total solar photovoltaic,0.0,thousand megawatthours,2024,6
NY,New York,1,Electric Utility,TSN,estimated total solar,0.0,thousand megawatthours,2024,6
NY,New York,1,Electric Utility,WOO,waste oil and other oils,4.02432,thousand megawatthours,2024,6
TX,Texas,1,Electric Utility,ALL,all fuels,9730.31819,thousand megawatthours,2024,6
TX,Texas,1,Electric Utility,AOR,all renewables,242.845,thousand megawatthours,2024,6
TX,Texas,1,Electric Utility,BIO,biomass,45.978,thousand megawatthours,2024,6
TX,Texas,1,Electric Utility,COL,"coal, excluding waste coal",2073.34217,thousand megawatthours,2024,6
TX,Texas,1,Electric Utility,COW,all coal products,2073.34217,thousand megawatthours,2024,6
TX,Texas,1,Electric Utility,DFO,distillate fuel oil,4.28267,thousand megawatthours,2024,6
TX,Texas,1,Electric Utility,DPV,estimated small scale solar photovoltaic,0.0,thousand megawatthours,2024,6
TX,Texas,1,Electric Utility,FOS,fossil fuels,9354.78819,thousand megawatthours,2024,6
TX,Texas,1,Electric Utility,HYC,conventional hydroelectric,132.767,thousand megawatthours,2024,6
TX,Texas,1,Electric Utility,LIG,lignite coal,150.53372,thousand megawatthours,2024,6
TX,Texas,1,Electric Utility,NG,natural gas,7277.16335,thousand megawatthours,2024,6
TX,Texas,1,Electric Utility,NGO,natural gas & other gases,7277.16335,thousand megawatthours,2024,6
TX,Texas,1,Electric Utility,OB2,biomass,0.0,thousand megawatthours,2024,6
TX,Texas,1,Electric Utility,OBW,biomass,0.0,thousand megawatthours,2024,6
TX,Texas,1,Electric Utility,ORW,other renewables,0.0,thousand megawatthours,2024,6
TX,Texas,1,Electric Utility,OTH,other,-0.082,thousand megawatthours,2024,6
TX,Texas,1,Electric Utility,PEL,petroleum liquids,4.28267,thousand megawatthours,2024,6
TX,Texas,1,Electric Utility,PET,petroleum,4.28267,thousand megawatthours,2024,6
TX,Texas,1,Electric Utility,RC,refined coal,0.0,thousand megawatthours,2024,6
TX,Texas,1,Electric Utility,REN,renewable,375.612,thousand megawatthours,2024,6
TX,Texas,1,Electric Utility,RFO,residual fuel oil,0.0,thousand megawatthours,2024,6
TX,Texas,1,Electric Utility,SPV,solar photovoltaic,1.696,thousand megawatthours,2024,6
TX,Texas,1,Electric Utility,SUB,subbituminous coal,1922.80845,thousand megawatthours,2024,6
TX,Texas,1,Electric Utility,SUN,solar,1.696,thousand megawatthours,2024,6
TX,Texas,1,Electric Utility,TPV,estimated total solar photovoltaic,1.696,thousand megawatthours,2024,6
TX,Texas,1,Electric Utility,TSN,estimated total solar,1.696,thousand megawatthours,2024,6
TX,Texas,1,Electric Utility,WAS,renewable waste products,0.0,thousand megawatthours,2024,6
TX,Texas,1,Electric Utility,WND,wind,195.171,thousand megawatthours,2024,6
TX,Texas,1,Electric Utility,WNT,onshore wind turbine,195.171,thousand megawatthours,2024,6
TX,Texas,1,Electric Utility,WOO,waste oil and other oils,0.0,thousand megawatthours,2024,6
TX,Texas,1,Electric Utility,WWW,wood and wood wastes,45.978,thousand megawatthours,2024,6
CA,California,1,Electric Utility,ALL,all fuels,5518.97172,thousand megawatthours,2024,5
CA,California,1,Electric Utility,AOR,all renewables,200.97673,thousand megawatthours,2024,5
CA,California,1,Electric Utility,BIO,biomass,3.16573,thousand megawatthours,2024,5
CA,California,1,Electric Utility,DFO,distillate fuel oil,2.41211,thousand megawatthours,2024,5
CA,California,1,Electric Utility,DPV,estimated small scale solar photovoltaic,0.0,thousand megawatthours,2024,5
CA,California,1,Electric Utility,FOS,fossil fuels,991.758,thousand megawatthours,2024,5
CA,California,1,Electric Utility,GEO,geothermal,60.917,thousand megawatthours,2024,5
CA,California,1,Electric Utility,HPS,hydro-electric pumped storage,101.702,thousand megawatthours,2024,5
CA,California,1,Electric Utility,HYC,conventional hydroelectric,3191.574,thousand megawatthours,2024,5
CA,California,1,Electric Utility,LFG,landfill gas,0.1902,thousand megawatthours,2024,5
CA,California,1,Electric Utility,MLG,municiapl landfill gas,0.1902,thousand megawatthours,2024,5
CA,California,1,Electric Utility,NG,natural gas,989.21589,thousand megawatthours,2024,5
CA,California,1,Electric Utility,NGO,natural gas & other gases,989.21589,thousand megawatthours,2024,5
CA,California,1,Electric Utility,NUC,nuclear,1039.471,thousand megawatthours,2024,5
CA,California,1,Electric Utility,OB2,biomass,2.97553,thousand megawatthours,2024,5
CA,California,1,Electric Utility,OBW,biomass,2.97553,thousand megawatthours,2024,5
CA,California,1,Electric Utility,OOG,other gases,0.0,thousand megawatthours,2024,5
CA,California,1,Electric Utility,ORW,other renewables,2.97553,thousand megawatthours,2024,5
CA,California,1,Electric Utility,OTH,other,-6.51,thousand megawatthours,2024,5
CA,California,1,Electric Utility,PEL,petroleum liquids,2.54211,thousand megawatthours,2024,5
CA,California,1,Electric Utility,PET,petroleum,2.54211,thousand megawatthours,2024,5
CA,California,1,Electric Utility,REN,renewable,3392.55073,thousand megawatthours,2024,5
CA,California,1,Electric Utility,RFO,residual fuel oil,0.0,thousand megawatthours,2024,5
CA,California,1,Electric Utility,SPV,solar photovoltaic,30.617,thousand megawatthours,2024,5
CA,California,1,Electric Utility,SUN,solar,30.617,thousand megawatthours,2024,5
CA,California,1,Electric Utility,TPV,estimated total solar photovoltaic,30.617,thousand megawatthours,2024,5
CA,California,1,Electric Utility,TSN,estimated total solar,30.617,thousand megawatthours,2024,5
CA,California,1,Electric Utility,WAS,renewable waste products,3.16573,thousand megawatthours,2024,5
CA,California,1,Electric Utility,WND,wind,106.277,thousand megawatthours,2024,5
CA,California,1,Electric Utility,WNT,onshore wind turbine,106.277,thousand megawatthours,2024,5
CA,California,1,Electric Utility,WOO,waste oil and other oils,0.13,thousand megawatthours,2024,5
CO,Colorado,1,Electric Utility,ALL,all fuels,2565.31754,thousand megawatthours,2024,5
CO,Colorado,1,Electric Utility,AOR,all renewables,433.062,thousand megawatthours,2024,5
CO,Colorado,1,Electric Utility,BIS,bituminous coal and synthetic coal,140.35704,thousand megawatthours,2024,5
CO,Colorado,1,Electric Utility,BIT,bituminous coal,140.35704,thousand megawatthours,2024,5
CO,Colorado,1,Electric Utility,COL,"coal, excluding waste coal",777.08123,thousand megawatthours,2024,5
CO,Colorado,1,Electric Utility,COW,all coal products,777.08123,thousand megawatthours,2024,5
CO,Colorado,1,Electric Utility,DFO,distillate fuel oil,1.32324,thousand megawatthours,2024,5
CO,Colorado,1,Electric Utility,DPV,estimated small scale solar photovoltaic,0.0,thousand megawatthours,2024,5
CO,Colorado,1,Electric Utility,FOS,fossil fuels,1888.98954,thousand megawatthours,2024,5
CO,Colorado,1,Electric Utility,HPS,hydro-electric pumped storage,11.542,thousand megawatthours,2024,5
CO,Colorado,1,Electric Utility,HYC,conventional hydroelectric,231.934,thousand megawatthours,2024,5
CO,Colorado,1,Electric Utility,NG,natural gas,1110.58507,thousand megawatthours,2024,5
CO,Colorado,1,Electric Utility,NGO,natural gas & other gases,1110.58507,thousand megawatthours,2024,5
CO,Colorado,1,Electric Utility,OTH,other,-0.21,thousand megawatthours,2024,5
CO,Colorado,1,Electric Utility,PEL,petroleum liquids,1.32324,thousand megawatthours,2024,5
CO,Colorado,1,Electric Utility,PET,petroleum,1.32324,thousand megawatthours,2024,5
CO,Colorado,1,Electric Utility,REN,renewable,664.996,thousand megawatthours,2024,5
CO,Colorado,1,Electric Utility,SPV,solar photovoltaic,1.912,thousand megawatthours,2024,5
CO,Colorado,1,Electric Utility,SUB,subbituminous coal,636.72419,thousand megawatthours,2024,5
CO,Colorado,1,Electric Utility,SUN,solar,1.912,thousand megawatthours,2024,5
CO,Colorado,1,Electric Utility,TPV,estimated total solar photovoltaic,1.912,thousand megawatthours,2024,5
CO,Colorado,1,Electric Utility,TSN,estimated total solar,1.912,thousand megawatthours,2024,5
CO,Colorado,1,Electric Utility,WND,wind,431.15,thousand megawatthours,2024,5
CO,Colorado,1,Electric Utility,WNT,onshore wind turbine,431.15,thousand megawatthours,2024,5
IL,Illinois,1,Electric Utility,ALL,all fuels,249.61593,thousand megawatthours,2024,5
IL,Illinois,1,Electric Utility,AOR,all renewables,6.24962,thousand megawatthours,2024,5
IL,Illinois,1,Electric Utility,BIO,biomass,5.52962,thousand megawatthours,2024,5
IL,Illinois,1,Electric Utility,BIS,bituminous coal and synthetic coal,56.77168,thousand megawatthours,2024,5
IL,Illinois,1,Electric Utility,BIT,bituminous coal,56.77168,thousand megawatthours,2024,5
IL,Illinois,1,Electric Utility,COL,"coal, excluding waste coal",56.77168,thousand megawatthours,2024,5
IL,Illinois,1,Electric Utility,COW,all coal products,56.77168,thousand megawatthours,2024,5
IL,Illinois,1,Electric Utility,DFO,distillate fuel oil,0.62535,thousand megawatthours,2024,5
IL,Illinois,1,Electric Utility,DPV,estimated small scale solar photovoltaic,0.0,thousand megawatthours,2024,5
IL,Illinois,1,Electric Utility,FOS,fossil fuels,240.17831,thousand megawatthours,2024,5
IL,Illinois,1,Electric Utility,HYC,conventional hydroelectric,3.188,thousand megawatthours,2024,5
IL,Illinois,1,Electric Utility,LFG,landfill gas,5.52962,thousand megawatthours,2024,5
IL,Illinois,1,Electric Utility,MLG,municiapl landfill gas,5.52962,thousand megawatthours,2024,5
IL,Illinois,1,Electric Utility,NG,natural gas,182.78128,thousand megawatthours,2024,5
IL,Illinois,1,Electric Utility,NGO,natural gas & other gases,182.78128,thousand megawatthours,2024,5
IL,Illinois,1,Electric Utility,OTH,other,0.0,thousand megawatthours,2024,5
IL,Illinois,1,Electric Utility,PC,petroleum coke,0.0,thousand megawatthours,2024,5
IL,Illinois,1,Electric Utility,PEL,petroleum liquids,0.62535,thousand megawatthours,2024,5
IL,Illinois,1,Electric Utility,PET,petroleum,0.62535,thousand megawatthours,2024,5
IL,Illinois,1,Electric Utility,REN,renewable,9.43762,thousand megawatthours,2024,5
IL,Illinois,1,Electric Utility,SPV,solar photovoltaic,0.244,thousand megawatthours,2024,5
IL,Illinois,1,Electric Utility,SUB,subbituminous coal,0.0,thousand megawatthours,2024,5
IL,Illinois,1,Electric Utility,SUN,solar,0.244,thousand megawatthours,2024,5
IL,Illinois,1,Electric Utility,TPV,estimated total solar photovoltaic,0.244,thousand megawatthours,2024,5
IL,Illinois,1,Electric Utility,TSN,estimated total solar,0.244,thousand megawatthours,2024,5
IL,Illinois,1,Electric Utility,WAS,renewable waste products,5.52962,thousand megawatthours,2024,5
IL,Illinois,1,Electric Utility,WND,wind,0.476,thousand megawatthours,2024,5
IL,Illinois,1,Electric Utility,WNT,onshore wind turbine,0.476,thousand megawatthours,2024,5
IL,Illinois,1,Electric Utility,WOO,waste oil and other oils,0.0,thousand megawatthours,2024,5
NY,New York,1,Electric Utility,ALL,all fuels,2948.13011,thousand megawatthours,2024,5
NY,New York,1,Electric Utility,BIS,bituminous coal and synthetic coal,0.0,thousand megawatthours,2024,5
NY,New York,1,Electric Utility,BIT,bituminous coal,0.0,thousand megawatthours,2024,5
NY,New York,1,Electric Utility,COL,"coal, excluding waste coal",0.0,thousand megawatthours,2024,5
NY,New York,1,Electric Utility,COW,all coal products,0.0,thousand megawatthours,2024,5
NY,New York,1,Electric Utility,DFO,distillate fuel oil,0.77688,thousand megawatthours,2024,5
NY,New York,1,Electric Utility,DPV,estimated small scale solar photovoltaic,0.0,thousand megawatthours,2024,5
NY,New York,1,Electric Utility,FOS,fossil fuels,967.69411,thousand megawatthours,2024,5
NY,New York,1,Electric Utility,HPS,hydro-electric pumped storage,-33.384,thousand megawatthours,2024,5
NY,New York,1,Electric Utility,HYC,conventional hydroelectric,2013.948,thousand megawatthours,2024,5
NY,New York,1,Electric Utility,NG,natural gas,965.99759,thousand megawatthours,2024,5
NY,New York,1,Electric Utility,NGO,natural gas & other gases,965.99759,thousand megawatthours,2024,5
NY,New York,1,Electric Utility,OTH,other,-0.128,thousand megawatthours,2024,5
NY,New York,1,Electric Utility,PEL,petroleum liquids,1.69652,thousand megawatthours,2024,5
NY,New York,1,Electric Utility,PET,petroleum,1.69652,thousand megawatthours,2024,5
NY,New York,1,Electric Utility,REN,renewable,2013.948,thousand megawatthours,2024,5
NY,New York,1,Electric Utility,RFO,residual fuel oil,0.0,thousand megawatthours,2024,5
NY,New York,1,Electric Utility,TPV,estimated total solar photovoltaic,0.0,thousand megawatthours,2024,5
NY,New York,1,Electric Utility,TSN,estimated total solar,0.0,thousand megawatthours,2024,5
NY,New York,1,Electric Utility,WOO,waste oil and other oils,0.91964,thousand megawatthours,2024,5
TX,Texas,1,Electric Utility,ALL,all fuels,8356.74729,thousand megawatthours,2024,5
TX,Texas,1,Electric Utility,AOR,all renewables,237.533,thousand megawatthours,2024,5
TX,Texas,1,Electric Utility,BIO,biomass,24.513,thousand megawatthours,2024,5
TX,Texas,1,Electric Utility,COL,"coal, excluding waste coal",1907.17422,thousand megawatthours,2024,5
TX,Texas,1,Electric Utility,COW,all coal products,1907.17422,thousand megawatthours,2024,5
TX,Texas,1,Electric Utility,DFO,distillate fuel oil,3.88,thousand megawatthours,2024,5
TX,Texas,1,Electric Utility,DPV,estimated small scale solar photovoltaic,0.0,thousand megawatthours,2024,5
TX,Texas,1,Electric Utility,FOS,fossil fuels,8013.52429,thousand megawatthours,2024,5
TX,Texas,1,Electric Utility,HYC,conventional hydroelectric,105.772,thousand megawatthours,2024,5
TX,Texas,1,Electric Utility,LIG,lignite coal,144.70875,thousand megawatthours,2024,5
TX,Texas,1,Electric Utility,NG,natural gas,6102.47008,thousand megawatthours,2024,5
TX,Texas,1,Electric Utility,NGO,natural gas & other gases,6102.47008,thousand megawatthours,2024,5
TX,Texas,1,Electric Utility,OB2,biomass,0.0,thousand megawatthours,2024,5
TX,Texas,1,Electric Utility,OBW,biomass,0.0,thousand megawatthours,2024,5
TX,Texas,1,Electric Utility,ORW,other renewables,0.0,thousand megawatthours,2024,5
TX,Texas,1,Electric Utility,OTH,other,-0.082,thousand megawatthours,2024,5
TX,Texas,1,Electric Utility,PEL,petroleum liquids,3.88,thousand megawatthours,2024,5
TX,Texas,1,Electric Utility,PET,petroleum,3.88,thousand megawatthours,2024,5
TX,Texas,1,Electric Utility,RC,refined coal,0.0,thousand megawatthours,2024,5
TX,Texas,1,Electric Utility,REN,renewable,343.305,thousand megawatthours,2024,5
TX,Texas,1,Electric Utility,RFO,residual fuel oil,0.0,thousand megawatthours,2024,5
TX,Texas,1,Electric Utility,SPV,solar photovoltaic,1.152,thousand megawatthours,2024,5
TX,Texas,1,Electric Utility,SUB,subbituminous coal,1762.46547,thousand megawatthours,2024,5
TX,Texas,1,Electric Utility,SUN,solar,1.152,thousand megawatthours,2024,5
TX,Texas,1,Electric Utility,TPV,estimated total solar photovoltaic,1.152,thousand megawatthours,2024,5
TX,Texas,1,Electric Utility,TSN,estimated total solar,1.152,thousand megawatthours,2024,5
TX,Texas,1,Electric Utility,WAS,renewable waste products,0.0,thousand megawatthours,2024,5
TX,Texas,1,Electric Utility,WND,wind,211.868,thousand megawatthours,2024,5
TX,Texas,1,Electric Utility,WNT,onshore wind turbine,211.868,thousand megawatthours,2024,5
TX,Texas,1,Electric Utility,WOO,waste oil and other oils,0.0,thousand megawatthours,2024,5
TX,Texas,1,Electric Utility,WWW,wood and wood wastes,24.513,thousand megawatthours,2024,5
CA,California,1,Electric Utility,ALL,all fuels,5007.69304,thousand megawatthours,2024,4
CA,California,1,Electric Utility,AOR,all renewables,135.58712,thousand megawatthours,2024,4
CA,California,1,Electric Utility,BIO,biomass,0.36012,thousand megawatthours,2024,4
CA,California,1,Electric Utility,DFO,distillate fuel oil,2.36604,thousand megawatthours,2024,4
CA,California,1,Electric Utility,DPV,estimated small scale solar photovoltaic,0.0,thousand megawatthours,2024,4
CA,California,1,Electric Utility,FOS,fossil fuels,1132.94292,thousand megawatthours,2024,4
CA,California,1,Electric Utility,GEO,geothermal,52.892,thousand megawatthours,2024,4
CA,California,1,Electric Utility,HPS,hydro-electric pumped storage,-18.841,thousand megawatthours,2024,4
CA,California,1,Electric Utility,HYC,conventional hydroelectric,2790.677,thousand megawatthours,2024,4
CA,California,1,Electric Utility,LFG,landfill gas,0.16113,thousand megawatthours,2024,4
CA,California,1,Electric Utility,MLG,municiapl landfill gas,0.16113,thousand megawatthours,2024,4
CA,California,1,Electric Utility,NG,natural gas,1130.46088,thousand megawatthours,2024,4
CA,California,1,Electric Utility,NGO,natural gas & other gases,1130.46088,thousand megawatthours,2024,4
CA,California,1,Electric Utility,NUC,nuclear,973.53,thousand megawatthours,2024,4
CA,California,1,Electric Utility,OB2,biomass,0.19899,thousand megawatthours,2024,4
CA,California,1,Electric Utility,OBW,biomass,0.19899,thousand megawatthours,2024,4
CA,California,1,Electric Utility,OOG,other gases,0.0,thousand megawatthours,2024,4
CA,California,1,Electric Utility,ORW,other renewables,0.19899,thousand megawatthours,2024,4
CA,California,1,Electric Utility,OTH,other,-6.203,thousand megawatthours,2024,4
CA,California,1,Electric Utility,PEL,petroleum liquids,2.48204,thousand megawatthours,2024,4
CA,California,1,Electric Utility,PET,petroleum,2.48204,thousand megawatthours,2024,4
CA,California,1,Electric Utility,REN,renewable,2926.26412,thousand megawatthours,2024,4
CA,California,1,Electric Utility,RFO,residual fuel oil,0.0,thousand megawatthours,2024,4
CA,California,1,Electric Utility,SPV,solar photovoltaic,23.796,thousand megawatthours,2024,4
CA,California,1,Electric Utility,SUN,solar,23.796,thousand megawatthours,2024,4
CA,California,1,Electric Utility,TPV,estimated total solar photovoltaic,23.796,thousand megawatthours,2024,4
CA,California,1,Electric Utility,TSN,estimated total solar,23.796,thousand megawatthours,2024,4
CA,California,1,Electric Utility,WAS,renewable waste products,0.36012,thousand megawatthours,2024,4
CA,California,1,Electric Utility,WND,wind,58.539,thousand megawatthours,2024,4
CA,California,1,Electric Utility,WNT,onshore wind turbine,58.539,thousand megawatthours,2024,4
CA,California,1,Electric Utility,WOO,waste oil and other oils,0.116,thousand megawatthours,2024,4
CO,Colorado,1,Electric Utility,ALL,all fuels,2274.40734,thousand megawatthours,2024,4
CO,Colorado,1,Electric Utility,AOR,all renewables,418.677,thousand megawatthours,2024,4
CO,Colorado,1,Electric Utility,BIS,bituminous coal and synthetic coal,105.3596,thousand megawatthours,2024,4
CO,Colorado,1,Electric Utility,BIT,bituminous coal,105.3596,thousand megawatthours,2024,4
CO,Colorado,1,Electric Utility,COL,"coal, excluding waste coal",630.64269,thousand megawatthours,2024,4
CO,Colorado,1,Electric Utility,COW,all coal products,630.64269,thousand megawatthours,2024,4
CO,Colorado,1,Electric Utility,DFO,distillate fuel oil,2.13555,thousand megawatthours,2024,4
CO,Colorado,1,Electric Utility,DPV,estimated small scale solar photovoltaic,0.0,thousand megawatthours,2024,4
CO,Colorado,1,Electric Utility,FOS,fossil fuels,1722.39634,thousand megawatthours,2024,4
CO,Colorado,1,Electric Utility,HPS,hydro-electric pumped storage,-5.141,thousand megawatthours,2024,4
CO,Colorado,1,Electric Utility,HYC,conventional hydroelectric,138.481,thousand megawatthours,2024,4
CO,Colorado,1,Electric Utility,NG,natural gas,1089.6181,thousand megawatthours,2024,4
CO,Colorado,1,Electric Utility,NGO,natural gas & other gases,1089.6181,thousand megawatthours,2024,4
CO,Colorado,1,Electric Utility,OTH,other,-0.006,thousand megawatthours,2024,4
CO,Colorado,1,Electric Utility,PEL,petroleum liquids,2.13555,thousand megawatthours,2024,4
CO,Colorado,1,Electric Utility,PET,petroleum,2.13555,thousand megawatthours,2024,4
CO,Colorado,1,Electric Utility,REN,renewable,557.158,thousand megawatthours,2024,4
CO,Colorado,1,Electric Utility,SPV,solar photovoltaic,1.678,thousand megawatthours,2024,4
CO,Colorado,1,Electric Utility,SUB,subbituminous coal,525.28309,thousand megawatthours,2024,4
CO,Colorado,1,Electric Utility,SUN,solar,1.678,thousand megawatthours,2024,4
CO,Colorado,1,Electric Utility,TPV,estimated total solar photovoltaic,1.678,thousand megawatthours,2024,4
CO,Colorado,1,Electric Utility,TSN,estimated total solar,1.678,thousand megawatthours,2024,4
CO,Colorado,1,Electric Utility,WND,wind,416.999,thousand megawatthours,2024,4
CO,Colorado,1,Electric Utility,WNT,onshore wind turbine,416.999,thousand megawatthours,2024,4
IL,Illinois,1,Electric Utility,ALL,all fuels,180.89986,thousand megawatthours,2024,4
IL,Illinois,1,Electric Utility,AOR,all renewables,6.6418,thousand megawatthours,2024,4
IL,Illinois,1,Electric Utility,BIO,biomass,5.5168,thousand megawatthours,2024,4
IL,Illinois,1,Electric Utility,BIS,bituminous coal and synthetic coal,44.26325,thousand megawatthours,2024,4
IL,Illinois,1,Electric Utility,BIT,bituminous coal,44.26325,thousand megawatthours,2024,4
IL,Illinois,1,Electric Utility,COL,"coal, excluding waste coal",44.26325,thousand megawatthours,2024,4
IL,Illinois,1,Electric Utility,COW,all coal products,44.26325,thousand megawatthours,2024,4
IL,Illinois,1,Electric Utility,DFO,distillate fuel oil,0.54381,thousand megawatthours,2024,4
IL,Illinois,1,Electric Utility,DPV,estimated small scale solar photovoltaic,0.0,thousand megawatthours,2024,4
IL,Illinois,1,Electric Utility,FOS,fossil fuels,171.81807,thousand megawatthours,2024,4
IL,Illinois,1,Electric Utility,HYC,conventional hydroelectric,2.44,thousand megawatthours,2024,4
IL,Illinois,1,Electric Utility,LFG,landfill gas,5.5168,thousand megawatthours,2024,4
IL,Illinois,1,Electric Utility,MLG,municiapl landfill gas,5.5168,thousand megawatthours,2024,4
IL,Illinois,1,Electric Utility,NG,natural gas,127.01101,thousand megawatthours,2024,4
IL,Illinois,1,Electric Utility,NGO,natural gas & other gases,127.01101,thousand megawatthours,2024,4
IL,Illinois,1,Electric Utility,OTH,other,0.0,thousand megawatthours,2024,4
IL,Illinois,1,Electric Utility,PC,petroleum coke,0.0,thousand megawatthours,2024,4
IL,Illinois,1,Electric Utility,PEL,petroleum liquids,0.54381,thousand megawatthours,2024,4
IL,Illinois,1,Electric Utility,PET,petroleum,0.54381,thousand megawatthours,2024,4
IL,Illinois,1,Electric Utility,REN,renewable,9.0818,thousand megawatthours,2024,4
IL,Illinois,1,Electric Utility,SPV,solar photovoltaic,0.196,thousand megawatthours,2024,4
IL,Illinois,1,Electric Utility,SUB,subbituminous coal,0.0,thousand megawatthours,2024,4
IL,Illinois,1,Electric Utility,SUN,solar,0.196,thousand megawatthours,2024,4
IL,Illinois,1,Electric Utility,TPV,estimated total solar photovoltaic,0.196,thousand megawatthours,2024,4
IL,Illinois,1,Electric Utility,TSN,estimated total solar,0.196,thousand megawatthours,2024,4
IL,Illinois,1,Electric Utility,WAS,renewable waste products,5.5168,thousand megawatthours,2024,4
IL,Illinois,1,Electric Utility,WND,wind,0.929,thousand megawatthours,2024,4
IL,Illinois,1,Electric Utility,WNT,onshore wind turbine,0.929,thousand megawatthours,2024,4
IL,Illinois,1,Electric Utility,WOO,waste oil and other oils,0.0,thousand megawatthours,2024,4
NY,New York,1,Electric Utility,ALL,all fuels,2829.48024,thousand megawatthours,2024,4
NY,New York,1,Electric Utility,BIS,bituminous coal and synthetic coal,0.0,thousand megawatthours,2024,4
NY,New York,1,Electric Utility,BIT,bituminous coal,0.0,thousand megawatthours,2024,4
NY,New York,1,Electric Utility,COL,"coal, excluding waste coal",0.0,thousand megawatthours,2024,4
NY,New York,1,Electric Utility,COW,all coal products,0.0,thousand megawatthours,2024,4
NY,New York,1,Electric Utility,DFO,distillate fuel oil,1.98678,thousand megawatthours,2024,4
NY,New York,1,Electric Utility,DPV,estimated small scale solar photovoltaic,0.0,thousand megawatthours,2024,4
NY,New York,1,Electric Utility,FOS,fossil fuels,877.60324,thousand megawatthours,2024,4
NY,New York,1,Electric Utility,HPS,hydro-electric pumped storage,-29.172,thousand megawatthours,2024,4
NY,New York,1,Electric Utility,HYC,conventional hydroelectric,1981.175,thousand megawatthours,2024,4
NY,New York,1,Electric Utility,NG,natural gas,874.73879,thousand megawatthours,2024,4
NY,New York,1,Electric Utility,NGO,natural gas & other gases,874.73879,thousand megawatthours,2024,4
NY,New York,1,Electric Utility,OTH,other,-0.126,thousand megawatthours,2024,4
NY,New York,1,Electric Utility,PEL,petroleum liquids,2.86445,thousand megawatthours,2024,4
NY,New York,1,Electric Utility,PET,petroleum,2.86445,thousand megawatthours,2024,4
NY,New York,1,Electric Utility,REN,renewable,1981.175,thousand megawatthours,2024,4
NY,New York,1,Electric Utility,RFO,residual fuel oil,0.0,thousand megawatthours,2024,4
NY,New York,1,Electric Utility,TPV,estimated total solar photovoltaic,0.0,thousand megawatthours,2024,4
NY,New York,1,Electric Utility,TSN,estimated total solar,0.0,thousand megawatthours,2024,4
NY,New York,1,Electric Utility,WOO,waste oil and other oils,0.87767,thousand megawatthours,2024,4
TX,Texas,1,Electric Utility,ALL,all fuels,5849.66877,thousand megawatthours,2024,4
TX,Texas,1,Electric Utility,AOR,all renewables,228.073,thousand megawatthours,2024,4
TX,Texas,1,Electric Utility,BIO,biomass,0.0,thousand megawatthours,2024,4
TX,Texas,1,Electric Utility,COL,"coal, excluding waste coal",1338.94666,thousand megawatthours,2024,4
TX,Texas,1,Electric Utility,COW,all coal products,1338.94666,thousand megawatthours,2024,4
TX,Texas,1,Electric Utility,DFO,distillate fuel oil,3.36182,thousand megawatthours,2024,4
TX,Texas,1,Electric Utility,DPV,estimated small scale solar photovoltaic,0.0,thousand megawatthours,2024,4
TX,Texas,1,Electric Utility,FOS,fossil fuels,5569.83977,thousand megawatthours,2024,4
TX,Texas,1,Electric Utility,HYC,conventional hydroelectric,51.835,thousand megawatthours,2024,4
TX,Texas,1,Electric Utility,LIG,lignite coal,0.0,thousand megawatthours,2024,4
TX,Texas,1,Electric Utility,NG,natural gas,4227.53129,thousand megawatthours,2024,4
TX,Texas,1,Electric Utility,NGO,natural gas & other gases,4227.53129,thousand megawatthours,2024,4
TX,Texas,1,Electric Utility,OB2,biomass,0.0,thousand megawatthours,2024,4
TX,Texas,1,Electric Utility,OBW,biomass,0.0,thousand megawatthours,2024,4
TX,Texas,1,Electric Utility,ORW,other renewables,0.0,thousand megawatthours,2024,4
TX,Texas,1,Electric Utility,OTH,other,-0.079,thousand megawatthours,2024,4
TX,Texas,1,Electric Utility,PEL,petroleum liquids,3.36182,thousand megawatthours,2024,4
TX,Texas,1,Electric Utility,PET,petroleum,3.36182,thousand megawatthours,2024,4
TX,Texas,1,Electric Utility,RC,refined coal,0.0,thousand megawatthours,2024,4
TX,Texas,1,Electric Utility,REN,renewable,279.908,thousand megawatthours,2024,4
TX,Texas,1,Electric Utility,RFO,residual fuel oil,0.0,thousand megawatthours,2024,4
TX,Texas,1,Electric Utility,SPV,solar photovoltaic,1.185,thousand megawatthours,2024,4
TX,Texas,1,Electric Utility,SUB,subbituminous coal,1338.94666,thousand megawatthours,2024,4
TX,Texas,1,Electric Utility,SUN,solar,1.185,thousand megawatthours,2024,4
TX,Texas,1,Electric Utility,TPV,estimated total solar photovoltaic,1.185,thousand megawatthours,2024,4
TX,Texas,1,Electric Utility,TSN,estimated total solar,1.185,thousand megawatthours,2024,4
TX,Texas,1,Electric Utility,WAS,renewable waste products,0.0,thousand megawatthours,2024,4
TX,Texas,1,Electric Utility,WND,wind,226.888,thousand megawatthours,2024,4
TX,Texas,1,Electric Utility,WNT,onshore wind turbine,226.888,thousand megawatthours,2024,4
TX,Texas,1,Electric Utility,WOO,waste oil and other oils,0.0,thousand megawatthours,2024,4
TX,Texas,1,Electric Utility,WWW,wood and wood wastes,0.0,thousand megawatthours,2024,4
CA,California,1,Electric Utility,ALL,all fuels,5874.59566,thousand megawatthours,2024,3
CA,California,1,Electric Utility,AOR,all renewables,118.0979,thousand megawatthours,2024,3
CA,California,1,Electric Utility,BIO,biomass,6.3939,thousand megawatthours,2024,3
CA,California,1,Electric Utility,DFO,distillate fuel oil,3.10788,thousand megawatthours,2024,3
CA,California,1,Electric Utility,DPV,estimated small scale solar photovoltaic,0.0,thousand megawatthours,2024,3
CA,California,1,Electric Utility,FOS,fossil fuels,1297.76476,thousand megawatthours,2024,3
CA,California,1,Electric Utility,GEO,geothermal,39.431,thousand megawatthours,2024,3
CA,California,1,Electric Utility,HPS,hydro-electric pumped storage,-2.126,thousand megawatthours,2024,3
CA,California,1,Electric Utility,HYC,conventional hydroelectric,2784.115,thousand megawatthours,2024,3
CA,California,1,Electric Utility,LFG,landfill gas,0.19664,thousand megawatthours,2024,3
CA,California,1,Electric Utility,MLG,municiapl landfill gas,0.19664,thousand megawatthours,2024,3
CA,California,1,Electric Utility,NG,natural gas,1294.52088,thousand megawatthours,2024,3
CA,California,1,Electric Utility,NGO,natural gas & other gases,1294.52088,thousand megawatthours,2024,3
CA,California,1,Electric Utility,NUC,nuclear,1681.332,thousand megawatthours,2024,3
CA,California,1,Electric Utility,OB2,biomass,6.19727,thousand megawatthours,2024,3
CA,California,1,Electric Utility,OBW,biomass,6.19727,thousand megawatthours,2024,3
CA,California,1,Electric Utility,OOG,other gases,0.0,thousand megawatthours,2024,3
CA,California,1,Electric Utility,ORW,other renewables,6.19727,thousand megawatthours,2024,3
CA,California,1,Electric Utility,OTH,other,-4.588,thousand megawatthours,2024,3
CA,California,1,Electric Utility,PEL,petroleum liquids,3.24388,thousand megawatthours,2024,3
CA,California,1,Electric Utility,PET,petroleum,3.24388,thousand megawatthours,2024,3
CA,California,1,Electric Utility,REN,renewable,2902.2129,thousand megawatthours,2024,3
CA,California,1,Electric Utility,RFO,residual fuel oil,0.0,thousand megawatthours,2024,3
CA,California,1,Electric Utility,SPV,solar photovoltaic,19.931,thousand megawatthours,2024,3
CA,California,1,Electric Utility,SUN,solar,19.931,thousand megawatthours,2024,3
CA,California,1,Electric Utility,TPV,estimated total solar photovoltaic,19.931,thousand megawatthours,2024,3
CA,California,1,Electric Utility,TSN,estimated total solar,19.931,thousand megawatthours,2024,3
CA,California,1,Electric Utility,WAS,renewable waste products,6.3939,thousand megawatthours,2024,3
CA,California,1,Electric Utility,WND,wind,52.342,thousand megawatthours,2024,3
CA,California,1,Electric Utility,WNT,onshore wind turbine,52.342,thousand megawatthours,2024,3
CA,California,1,Electric Utility,WOO,waste oil and other oils,0.136,thousand megawatthours,2024,3
CO,Colorado,1,Electric Utility,ALL,all fuels,2997.80066,thousand megawatthours,2024,3
CO,Colorado,1,Electric Utility,AOR,all renewables,413.317,thousand megawatthours,2024,3
CO,Colorado,1,Electric Utility,BIS,bituminous coal and synthetic coal,183.38885,thousand megawatthours,2024,3
CO,Colorado,1,Electric Utility,BIT,bituminous coal,183.38885,thousand megawatthours,2024,3
CO,Colorado,1,Electric Utility,COL,"coal, excluding waste coal",1046.21585,thousand megawatthours,2024,3
CO,Colorado,1,Electric Utility,COW,all coal products,1046.21585,thousand megawatthours,2024,3
CO,Colorado,1,Electric Utility,DFO,distillate fuel oil,2.99827,thousand megawatthours,2024,3
CO,Colorado,1,Electric Utility,DPV,estimated small scale solar photovoltaic,0.0,thousand megawatthours,2024,3
CO,Colorado,1,Electric Utility,FOS,fossil fuels,2508.36966,thousand megawatthours,2024,3
CO,Colorado,1,Electric Utility,HPS,hydro-electric pumped storage,14.057,thousand megawatthours,2024,3
CO,Colorado,1,Electric Utility,HYC,conventional hydroelectric,62.068,thousand megawatthours,2024,3
CO,Colorado,1,Electric Utility,NG,natural gas,1459.15554,thousand megawatthours,2024,3
CO,Colorado,1,Electric Utility,NGO,natural gas & other gases,1459.15554,thousand megawatthours,2024,3
CO,Colorado,1,Electric Utility,OTH,other,-0.011,thousand megawatthours,2024,3
CO,Colorado,1,Electric Utility,PEL,petroleum liquids,2.99827,thousand megawatthours,2024,3
CO,Colorado,1,Electric Utility,PET,petroleum,2.99827,thousand megawatthours,2024,3
CO,Colorado,1,Electric Utility,REN,renewable,475.385,thousand megawatthours,2024,3
CO,Colorado,1,Electric Utility,SPV,solar photovoltaic,1.476,thousand megawatthours,2024,3
CO,Colorado,1,Electric Utility,SUB,subbituminous coal,862.827,thousand megawatthours,2024,3
CO,Colorado,1,Electric Utility,SUN,solar,1.476,thousand megawatthours,2024,3
CO,Colorado,1,Electric Utility,TPV,estimated total solar photovoltaic,1.476,thousand megawatthours,2024,3
CO,Colorado,1,Electric Utility,TSN,estimated total solar,1.476,thousand megawatthours,2024,3
CO,Colorado,1,Electric Utility,WND,wind,411.841,thousand megawatthours,2024,3
CO,Colorado,1,Electric Utility,WNT,onshore wind turbine,411.841,thousand megawatthours,2024,3
IL,Illinois,1,Electric Utility,ALL,all fuels,379.09065,thousand megawatthours,2024,3
IL,Illinois,1,Electric Utility,AOR,all renewables,7.60678,thousand megawatthours,2024,3
IL,Illinois,1,Electric Utility,BIO,biomass,6.23978,thousand megawatthours,2024,3
IL,Illinois,1,Electric Utility,BIS,bituminous coal and synthetic coal,115.90715,thousand megawatthours,2024,3
IL,Illinois,1,Electric Utility,BIT,bituminous coal,115.90715,thousand megawatthours,2024,3
IL,Illinois,1,Electric Utility,COL,"coal, excluding waste coal",115.90715,thousand megawatthours,2024,3
IL,Illinois,1,Electric Utility,COW,all coal products,115.90715,thousand megawatthours,2024,3
IL,Illinois,1,Electric Utility,DFO,distillate fuel oil,0.40781,thousand megawatthours,2024,3
IL,Illinois,1,Electric Utility,DPV,estimated small scale solar photovoltaic,0.0,thousand megawatthours,2024,3
IL,Illinois,1,Electric Utility,FOS,fossil fuels,367.23387,thousand megawatthours,2024,3
IL,Illinois,1,Electric Utility,HYC,conventional hydroelectric,4.25,thousand megawatthours,2024,3
IL,Illinois,1,Electric Utility,LFG,landfill gas,6.23978,thousand megawatthours,2024,3
IL,Illinois,1,Electric Utility,MLG,municiapl landfill gas,6.23978,thousand megawatthours,2024,3
IL,Illinois,1,Electric Utility,NG,natural gas,250.90992,thousand megawatthours,2024,3
IL,Illinois,1,Electric Utility,NGO,natural gas & other gases,250.90992,thousand megawatthours,2024,3
IL,Illinois,1,Electric Utility,OTH,other,0.0,thousand megawatthours,2024,3
IL,Illinois,1,Electric Utility,PC,petroleum coke,0.0,thousand megawatthours,2024,3
IL,Illinois,1,Electric Utility,PEL,petroleum liquids,0.41681,thousand megawatthours,2024,3
IL,Illinois,1,Electric Utility,PET,petroleum,0.41681,thousand megawatthours,2024,3
IL,Illinois,1,Electric Utility,REN,renewable,11.85678,thousand megawatthours,2024,3
IL,Illinois,1,Electric Utility,SPV,solar photovoltaic,0.19,thousand megawatthours,2024,3
IL,Illinois,1,Electric Utility,SUB,subbituminous coal,0.0,thousand megawatthours,2024,3
IL,Illinois,1,Electric Utility,SUN,solar,0.19,thousand megawatthours,2024,3
IL,Illinois,1,Electric Utility,TPV,estimated total solar photovoltaic,0.19,thousand megawatthours,2024,3
IL,Illinois,1,Electric Utility,TSN,estimated total solar,0.19,thousand megawatthours,2024,3
IL,Illinois,1,Electric Utility,WAS,renewable waste products,6.23978,thousand megawatthours,2024,3
IL,Illinois,1,Electric Utility,WND,wind,1.177,thousand megawatthours,2024,3
IL,Illinois,1,Electric Utility,WNT,onshore wind turbine,1.177,thousand megawatthours,2024,3
IL,Illinois,1,Electric Utility,WOO,waste oil and other oils,0.009,thousand megawatthours,2024,3
NY,New York,1,Electric Utility,ALL,all fuels,2930.78435,thousand megawatthours,2024,3
NY,New York,1,Electric Utility,BIS,bituminous coal and synthetic coal,0.0,thousand megawatthours,2024,3
NY,New York,1,Electric Utility,BIT,bituminous coal,0.0,thousand megawatthours,2024,3
NY,New York,1,Electric Utility,COL,"coal, excluding waste coal",0.0,thousand megawatthours,2024,3
NY,New York,1,Electric Utility,COW,all coal products,0.0,thousand megawatthours,2024,3
NY,New York,1,Electric Utility,DFO,distillate fuel oil,3.68987,thousand megawatthours,2024,3
NY,New York,1,Electric Utility,DPV,estimated small scale solar photovoltaic,0.0,thousand megawatthours,2024,3
NY,New York,1,Electric Utility,FOS,fossil fuels,787.07135,thousand megawatthours,2024,3
NY,New York,1,Electric Utility,HPS,hydro-electric pumped storage,-28.19,thousand megawatthours,2024,3
NY,New York,1,Electric Utility,HYC,conventional hydroelectric,2172.043,thousand megawatthours,2024,3
NY,New York,1,Electric Utility,NG,natural gas,783.12375,thousand megawatthours,2024,3
NY,New York,1,Electric Utility,NGO,natural gas & other gases,783.12375,thousand megawatthours,2024,3
NY,New York,1,Electric Utility,OTH,other,-0.14,thousand megawatthours,2024,3
NY,New York,1,Electric Utility,PEL,petroleum liquids,3.9476,thousand megawatthours,2024,3
NY,New York,1,Electric Utility,PET,petroleum,3.9476,thousand megawatthours,2024,3
NY,New York,1,Electric Utility,REN,renewable,2172.043,thousand megawatthours,2024,3
NY,New York,1,Electric Utility,RFO,residual fuel oil,0.0,thousand megawatthours,2024,3
NY,New York,1,Electric Utility,TPV,estimated total solar photovoltaic,0.0,thousand megawatthours,2024,3
NY,New York,1,Electric Utility,TSN,estimated total solar,0.0,thousand megawatthours,2024,3
NY,New York,1,Electric Utility,WOO,waste oil and other oils,0.25773,thousand megawatthours,2024,3
TX,Texas,1,Electric Utility,ALL,all fuels,6091.21918,thousand megawatthours,2024,3
TX,Texas,1,Electric Utility,AOR,all renewables,214.506,thousand megawatthours,2024,3
TX,Texas,1,Electric Utility,BIO,biomass,0.0,thousand megawatthours,2024,3
TX,Texas,1,Electric Utility,COL,"coal, excluding waste coal",1508.80064,thousand megawatthours,2024,3
TX,Texas,1,Electric Utility,COW,all coal products,1508.80064,thousand megawatthours,2024,3
TX,Texas,1,Electric Utility,DFO,distillate fuel oil,5.81192,thousand megawatthours,2024,3
TX,Texas,1,Electric Utility,DPV,estimated small scale solar photovoltaic,0.0,thousand megawatthours,2024,3
TX,Texas,1,Electric Utility,FOS,fossil fuels,5806.95018,thousand megawatthours,2024,3
TX,Texas,1,Electric Utility,HYC,conventional hydroelectric,69.83,thousand megawatthours,2024,3
TX,Texas,1,Electric Utility,LIG,lignite coal,0.00736,thousand megawatthours,2024,3
TX,Texas,1,Electric Utility,NG,natural gas,4292.33762,thousand megawatthours,2024,3
TX,Texas,1,Electric Utility,NGO,natural gas & other gases,4292.33762,thousand megawatthours,2024,3
TX,Texas,1,Electric Utility,OB2,biomass,0.0,thousand megawatthours,2024,3
TX,Texas,1,Electric Utility,OBW,biomass,0.0,thousand megawatthours,2024,3
TX,Texas,1,Electric Utility,ORW,other renewables,0.0,thousand megawatthours,2024,3
TX,Texas,1,Electric Utility,OTH,other,-0.067,thousand megawatthours,2024,3
TX,Texas,1,Electric Utility,PEL,petroleum liquids,5.81192,thousand megawatthours,2024,3
TX,Texas,1,Electric Utility,PET,petroleum,5.81192,thousand megawatthours,2024,3
TX,Texas,1,Electric Utility,RC,refined coal,0.0,thousand megawatthours,2024,3
TX,Texas,1,Electric Utility,REN,renewable,284.336,thousand megawatthours,2024,3
TX,Texas,1,Electric Utility,RFO,residual fuel oil,0.0,thousand megawatthours,2024,3
TX,Texas,1,Electric Utility,SPV,solar photovoltaic,0.976,thousand megawatthours,2024,3
TX,Texas,1,Electric Utility,SUB,subbituminous coal,1508.79328,thousand megawatthours,2024,3
TX,Texas,1,Electric Utility,SUN,solar,0.976,thousand megawatthours,2024,3
TX,Texas,1,Electric Utility,TPV,estimated total solar photovoltaic,0.976,thousand megawatthours,2024,3
TX,Texas,1,Electric Utility,TSN,estimated total solar,0.976,thousand megawatthours,2024,3
TX,Texas,1,Electric Utility,WAS,renewable waste products,0.0,thousand megawatthours,2024,3
TX,Texas,1,Electric Utility,WND,wind,213.53,thousand megawatthours,2024,3
TX,Texas,1,Electric Utility,WNT,onshore wind turbine,213.53,thousand megawatthours,2024,3
TX,Texas,1,Electric Utility,WOO,waste oil and other oils,0.0,thousand megawatthours,2024,3
TX,Texas,1,Electric Utility,WWW,wood and wood wastes,0.0,thousand megawatthours,2024,3
CA,California,1,Electric Utility,ALL,all fuels,6038.3633,thousand megawatthours,2024,2
CA,California,1,Electric Utility,AOR,all renewables,78.15863,thousand megawatthours,2024,2
CA,California,1,Electric Utility,BIO,biomass,2.44863,thousand megawatthours,2024,2
CA,California,1,Electric Utility,DFO,distillate fuel oil,2.50356,thousand megawatthours,2024,2
CA,California,1,Electric Utility,DPV,estimated small scale solar photovoltaic,0.0,thousand megawatthours,2024,2
CA,California,1,Electric Utility,FOS,fossil fuels,2139.35567,thousand megawatthours,2024,2
CA,California,1,Electric Utility,GEO,geothermal,35.63,thousand megawatthours,2024,2
CA,California,1,Electric Utility,HPS,hydro-electric pumped storage,-55.256,thousand megawatthours,2024,2
CA,California,1,Electric Utility,HYC,conventional hydroelectric,2309.203,thousand megawatthours,2024,2
CA,California,1,Electric Utility,LFG,landfill gas,0.16396,thousand megawatthours,2024,2
CA,California,1,Electric Utility,MLG,municiapl landfill gas,0.16396,thousand megawatthours,2024,2
CA,California,1,Electric Utility,NG,natural gas,2136.72312,thousand megawatthours,2024,2
CA,California,1,Electric Utility,NGO,natural gas & other gases,2136.72312,thousand megawatthours,2024,2
CA,California,1,Electric Utility,NUC,nuclear,1571.077,thousand megawatthours,2024,2
CA,California,1,Electric Utility,OB2,biomass,2.28467,thousand megawatthours,2024,2
CA,California,1,Electric Utility,OBW,biomass,2.28467,thousand megawatthours,2024,2
CA,California,1,Electric Utility,OOG,other gases,0.0,thousand megawatthours,2024,2
CA,California,1,Electric Utility,ORW,other renewables,2.28467,thousand megawatthours,2024,2
CA,California,1,Electric Utility,OTH,other,-4.175,thousand megawatthours,2024,2
CA,California,1,Electric Utility,PEL,petroleum liquids,2.63256,thousand megawatthours,2024,2
CA,California,1,Electric Utility,PET,petroleum,2.63256,thousand megawatthours,2024,2
CA,California,1,Electric Utility,REN,renewable,2387.36163,thousand megawatthours,2024,2
CA,California,1,Electric Utility,RFO,residual fuel oil,0.0,thousand megawatthours,2024,2
CA,California,1,Electric Utility,SPV,solar photovoltaic,17.506,thousand megawatthours,2024,2
CA,California,1,Electric Utility,SUN,solar,17.506,thousand megawatthours,2024,2
CA,California,1,Electric Utility,TPV,estimated total solar photovoltaic,17.506,thousand megawatthours,2024,2
CA,California,1,Electric Utility,TSN,estimated total solar,17.506,thousand megawatthours,2024,2
CA,California,1,Electric Utility,WAS,renewable waste products,2.44863,thousand megawatthours,2024,2
CA,California,1,Electric Utility,WND,wind,22.574,thousand megawatthours,2024,2
CA,California,1,Electric Utility,WNT,onshore wind turbine,22.574,thousand megawatthours,2024,2
CA,California,1,Electric Utility,WOO,waste oil and other oils,0.129,thousand megawatthours,2024,2
CO,Colorado,1,Electric Utility,ALL,all fuels,3272.40461,thousand megawatthours,2024,2
CO,Colorado,1,Electric Utility,AOR,all renewables,365.719,thousand megawatthours,2024,2
CO,Colorado,1,Electric Utility,BIS,bituminous coal and synthetic coal,114.85732,thousand megawatthours,2024,2
CO,Colorado,1,Electric Utility,BIT,bituminous coal,114.85732,thousand megawatthours,2024,2
CO,Colorado,1,Electric Utility,COL,"coal, excluding waste coal",1628.43077,thousand megawatthours,2024,2
CO,Colorado,1,Electric Utility,COW,all coal products,1628.43077,thousand megawatthours,2024,2
CO,Colorado,1,Electric Utility,DFO,distillate fuel oil,1.49068,thousand megawatthours,2024,2
CO,Colorado,1,Electric Utility,DPV,estimated small scale solar photovoltaic,0.0,thousand megawatthours,2024,2
CO,Colorado,1,Electric Utility,FOS,fossil fuels,2862.37061,thousand megawatthours,2024,2
CO,Colorado,1,Electric Utility,HPS,hydro-electric pumped storage,16.129,thousand megawatthours,2024,2
CO,Colorado,1,Electric Utility,HYC,conventional hydroelectric,28.199,thousand megawatthours,2024,2
CO,Colorado,1,Electric Utility,NG,natural gas,1232.44916,thousand megawatthours,2024,2
CO,Colorado,1,Electric Utility,NGO,natural gas & other gases,1232.44916,thousand megawatthours,2024,2
CO,Colorado,1,Electric Utility,OTH,other,-0.013,thousand megawatthours,2024,2
CO,Colorado,1,Electric Utility,PEL,petroleum liquids,1.49068,thousand megawatthours,2024,2
CO,Colorado,1,Electric Utility,PET,petroleum,1.49068,thousand megawatthours,2024,2
CO,Colorado,1,Electric Utility,REN,renewable,393.918,thousand megawatthours,2024,2
CO,Colorado,1,Electric Utility,SPV,solar photovoltaic,1.11,thousand megawatthours,2024,2
CO,Colorado,1,Electric Utility,SUB,subbituminous coal,1513.57345,thousand megawatthours,2024,2
CO,Colorado,1,Electric Utility,SUN,solar,1.11,thousand megawatthours,2024,2
CO,Colorado,1,Electric Utility,TPV,estimated total solar photovoltaic,1.11,thousand megawatthours,2024,2
CO,Colorado,1,Electric Utility,TSN,estimated total solar,1.11,thousand megawatthours,2024,2
CO,Colorado,1,Electric Utility,WND,wind,364.609,thousand megawatthours,2024,2
CO,Colorado,1,Electric Utility,WNT,onshore wind turbine,364.609,thousand megawatthours,2024,2
IL,Illinois,1,Electric Utility,ALL,all fuels,385.00785,thousand megawatthours,2024,2
IL,Illinois,1,Electric Utility,AOR,all renewables,8.07168,thousand megawatthours,2024,2
IL,Illinois,1,Electric Utility,BIO,biomass,7.13268,thousand megawatthours,2024,2
IL,Illinois,1,Electric Utility,BIS,bituminous coal and synthetic coal,90.77891,thousand megawatthours,2024,2
IL,Illinois,1,Electric Utility,BIT,bituminous coal,90.77891,thousand megawatthours,2024,2
IL,Illinois,1,Electric Utility,COL,"coal, excluding waste coal",90.77891,thousand megawatthours,2024,2
IL,Illinois,1,Electric Utility,COW,all coal products,90.77891,thousand megawatthours,2024,2
IL,Illinois,1,Electric Utility,DFO,distillate fuel oil,0.35793,thousand megawatthours,2024,2
IL,Illinois,1,Electric Utility,DPV,estimated small scale solar photovoltaic,0.0,thousand megawatthours,2024,2
IL,Illinois,1,Electric Utility,FOS,fossil fuels,372.36517,thousand megawatthours,2024,2
IL,Illinois,1,Electric Utility,HYC,conventional hydroelectric,4.571,thousand megawatthours,2024,2
IL,Illinois,1,Electric Utility,LFG,landfill gas,7.13268,thousand megawatthours,2024,2
IL,Illinois,1,Electric Utility,MLG,municiapl landfill gas,7.13268,thousand megawatthours,2024,2
IL,Illinois,1,Electric Utility,NG,natural gas,281.22833,thousand megawatthours,2024,2
IL,Illinois,1,Electric Utility,NGO,natural gas & other gases,281.22833,thousand megawatthours,2024,2
IL,Illinois,1,Electric Utility,OTH,other,0.0,thousand megawatthours,2024,2
IL,Illinois,1,Electric Utility,PC,petroleum coke,0.0,thousand megawatthours,2024,2
IL,Illinois,1,Electric Utility,PEL,petroleum liquids,0.35793,thousand megawatthours,2024,2
IL,Illinois,1,Electric Utility,PET,petroleum,0.35793,thousand megawatthours,2024,2
IL,Illinois,1,Electric Utility,REN,renewable,12.64268,thousand megawatthours,2024,2
IL,Illinois,1,Electric Utility,SPV,solar photovoltaic,0.182,thousand megawatthours,2024,2
IL,Illinois,1,Electric Utility,SUB,subbituminous coal,0.0,thousand megawatthours,2024,2
IL,Illinois,1,Electric Utility,SUN,solar,0.182,thousand megawatthours,2024,2
IL,Illinois,1,Electric Utility,TPV,estimated total solar photovoltaic,0.182,thousand megawatthours,2024,2
IL,Illinois,1,Electric Utility,TSN,estimated total solar,0.182,thousand megawatthours,2024,2
IL,Illinois,1,Electric Utility,WAS,renewable waste products,7.13268,thousand megawatthours,2024,2
IL,Illinois,1,Electric Utility,WND,wind,0.757,thousand megawatthours,2024,2
IL,Illinois,1,Electric Utility,WNT,onshore wind turbine,0.757,thousand megawatthours,2024,2
IL,Illinois,1,Electric Utility,WOO,waste oil and other oils,0.0,thousand megawatthours,2024,2
NY,New York,1,Electric Utility,ALL,all fuels,2947.98165,thousand megawatthours,2024,2
NY,New York,1,Electric Utility,BIS,bituminous coal and synthetic coal,0.0,thousand megawatthours,2024,2
NY,New York,1,Electric Utility,BIT,bituminous coal,0.0,thousand megawatthours,2024,2
NY,New York,1,Electric Utility,COL,"coal, excluding waste coal",0.0,thousand megawatthours,2024,2
NY,New York,1,Electric Utility,COW,all coal products,0.0,thousand megawatthours,2024,2
NY,New York,1,Electric Utility,DFO,distillate fuel oil,0.58256,thousand megawatthours,2024,2
NY,New York,1,Electric Utility,DPV,estimated small scale solar photovoltaic,0.0,thousand megawatthours,2024,2
NY,New York,1,Electric Utility,FOS,fossil fuels,930.71865,thousand megawatthours,2024,2
NY,New York,1,Electric Utility,HPS,hydro-electric pumped storage,-25.534,thousand megawatthours,2024,2
NY,New York,1,Electric Utility,HYC,conventional hydroelectric,2042.936,thousand megawatthours,2024,2
NY,New York,1,Electric Utility,NG,natural gas,928.57907,thousand megawatthours,2024,2
NY,New York,1,Electric Utility,NGO,natural gas & other gases,928.57907,thousand megawatthours,2024,2
NY,New York,1,Electric Utility,OTH,other,-0.139,thousand megawatthours,2024,2
NY,New York,1,Electric Utility,PEL,petroleum liquids,2.13959,thousand megawatthours,2024,2
NY,New York,1,Electric Utility,PET,petroleum,2.13959,thousand megawatthours,2024,2
NY,New York,1,Electric Utility,REN,renewable,2042.936,thousand megawatthours,2024,2
NY,New York,1,Electric Utility,RFO,residual fuel oil,0.0,thousand megawatthours,2024,2
NY,New York,1,Electric Utility,TPV,estimated total solar photovoltaic,0.0,thousand megawatthours,2024,2
NY,New York,1,Electric Utility,TSN,estimated total solar,0.0,thousand megawatthours,2024,2
NY,New York,1,Electric Utility,WOO,waste oil and other oils,1.55703,thousand megawatthours,2024,2
TX,Texas,1,Electric Utility,ALL,all fuels,5145.8701,thousand megawatthours,2024,2
TX,Texas,1,Electric Utility,AOR,all renewables,231.548,thousand megawatthours,2024,2
TX,Texas,1,Electric Utility,BIO,biomass,2.202,thousand megawatthours,2024,2
TX,Texas,1,Electric Utility,COL,"coal, excluding waste coal",1350.2332,thousand megawatthours,2024,2
TX,Texas,1,Electric Utility,COW,all coal products,1350.2332,thousand megawatthours,2024,2
TX,Texas,1,Electric Utility,DFO,distillate fuel oil,1.69207,thousand megawatthours,2024,2
TX,Texas,1,Electric Utility,DPV,estimated small scale solar photovoltaic,0.0,thousand megawatthours,2024,2
TX,Texas,1,Electric Utility,FOS,fossil fuels,4848.6431,thousand megawatthours,2024,2
TX,Texas,1,Electric Utility,HYC,conventional hydroelectric,65.742,thousand megawatthours,2024,2
TX,Texas,1,Electric Utility,LIG,lignite coal,153.36034,thousand megawatthours,2024,2
TX,Texas,1,Electric Utility,NG,natural gas,3496.71783,thousand megawatthours,2024,2
TX,Texas,1,Electric Utility,NGO,natural gas & other gases,3496.71783,thousand megawatthours,2024,2
TX,Texas,1,Electric Utility,OB2,biomass,0.0,thousand megawatthours,2024,2
TX,Texas,1,Electric Utility,OBW,biomass,0.0,thousand megawatthours,2024,2
TX,Texas,1,Electric Utility,ORW,other renewables,0.0,thousand megawatthours,2024,2
TX,Texas,1,Electric Utility,OTH,other,-0.063,thousand megawatthours,2024,2
TX,Texas,1,Electric Utility,PEL,petroleum liquids,1.69207,thousand megawatthours,2024,2
TX,Texas,1,Electric Utility,PET,petroleum,1.69207,thousand megawatthours,2024,2
TX,Texas,1,Electric Utility,RC,refined coal,0.0,thousand megawatthours,2024,2
TX,Texas,1,Electric Utility,REN,renewable,297.29,thousand megawatthours,2024,2
TX,Texas,1,Electric Utility,RFO,residual fuel oil,0.0,thousand megawatthours,2024,2
TX,Texas,1,Electric Utility,SPV,solar photovoltaic,0.836,thousand megawatthours,2024,2
TX,Texas,1,Electric Utility,SUB,subbituminous coal,1196.87286,thousand megawatthours,2024,2
TX,Texas,1,Electric Utility,SUN,solar,0.836,thousand megawatthours,2024,2
TX,Texas,1,Electric Utility,TPV,estimated total solar photovoltaic,0.836,thousand megawatthours,2024,2
TX,Texas,1,Electric Utility,TSN,estimated total solar,0.836,thousand megawatthours,2024,2
TX,Texas,1,Electric Utility,WAS,renewable waste products,0.0,thousand megawatthours,2024,2
TX,Texas,1,Electric Utility,WND,wind,228.51,thousand megawatthours,2024,2
TX,Texas,1,Electric Utility,WNT,onshore wind turbine,228.51,thousand megawatthours,2024,2
TX,Texas,1,Electric Utility,WOO,waste oil and other oils,0.0,thousand megawatthours,2024,2
TX,Texas,1,Electric Utility,WWW,wood and wood wastes,2.202,thousand megawatthours,2024,2
CA,California,1,Electric Utility,ALL,all fuels,6542.70604,thousand megawatthours,2024,1
CA,California,1,Electric Utility,AOR,all renewables,76.64279,thousand megawatthours,2024,1
CA,California,1,Electric Utility,BIO,biomass,1.97279,thousand megawatthours,2024,1
CA,California,1,Electric Utility,DFO,distillate fuel oil,2.41884,thousand megawatthours,2024,1
CA,California,1,Electric Utility,DPV,estimated small scale solar photovoltaic,0.0,thousand megawatthours,2024,1
CA,California,1,Electric Utility,FOS,fossil fuels,3157.37425,thousand megawatthours,2024,1
CA,California,1,Electric Utility,GEO,geothermal,37.355,thousand megawatthours,2024,1
CA,California,1,Electric Utility,HPS,hydro-electric pumped storage,-42.191,thousand megawatthours,2024,1
CA,California,1,Electric Utility,HYC,conventional hydroelectric,1673.577,thousand megawatthours,2024,1
CA,California,1,Electric Utility,LFG,landfill gas,0.18838,thousand megawatthours,2024,1
CA,California,1,Electric Utility,MLG,municiapl landfill gas,0.18838,thousand megawatthours,2024,1
CA,California,1,Electric Utility,NG,natural gas,3154.8004,thousand megawatthours,2024,1
CA,California,1,Electric Utility,NGO,natural gas & other gases,3154.8004,thousand megawatthours,2024,1
CA,California,1,Electric Utility,NUC,nuclear,1680.738,thousand megawatthours,2024,1
CA,California,1,Electric Utility,OB2,biomass,1.78442,thousand megawatthours,2024,1
CA,California,1,Electric Utility,OBW,biomass,1.78442,thousand megawatthours,2024,1
CA,California,1,Electric Utility,OOG,other gases,0.0,thousand megawatthours,2024,1
CA,California,1,Electric Utility,ORW,other renewables,1.78442,thousand megawatthours,2024,1
CA,California,1,Electric Utility,OTH,other,-3.435,thousand megawatthours,2024,1
CA,California,1,Electric Utility,PEL,petroleum liquids,2.57384,thousand megawatthours,2024,1
CA,California,1,Electric Utility,PET,petroleum,2.57384,thousand megawatthours,2024,1
CA,California,1,Electric Utility,REN,renewable,1750.21979,thousand megawatthours,2024,1
CA,California,1,Electric Utility,RFO,residual fuel oil,0.0,thousand megawatthours,2024,1
CA,California,1,Electric Utility,SPV,solar photovoltaic,17.159,thousand megawatthours,2024,1
CA,California,1,Electric Utility,SUN,solar,17.159,thousand megawatthours,2024,1
CA,California,1,Electric Utility,TPV,estimated total solar photovoltaic,17.159,thousand megawatthours,2024,1
CA,California,1,Electric Utility,TSN,estimated total solar,17.159,thousand megawatthours,2024,1
CA,California,1,Electric Utility,WAS,renewable waste products,1.97279,thousand megawatthours,2024,1
CA,California,1,Electric Utility,WND,wind,20.156,thousand megawatthours,2024,1
CA,California,1,Electric Utility,WNT,onshore wind turbine,20.156,thousand megawatthours,2024,1
CA,California,1,Electric Utility,WOO,waste oil and other oils,0.155,thousand megawatthours,2024,1
CO,Colorado,1,Electric Utility,ALL,all fuels,3769.93142,thousand megawatthours,2024,1
CO,Colorado,1,Electric Utility,AOR,all renewables,318.822,thousand megawatthours,2024,1
CO,Colorado,1,Electric Utility,BIS,bituminous coal and synthetic coal,253.61708,thousand megawatthours,2024,1
CO,Colorado,1,Electric Utility,BIT,bituminous coal,253.61708,thousand megawatthours,2024,1
CO,Colorado,1,Electric Utility,COL,"coal, excluding waste coal",1890.2562,thousand megawatthours,2024,1
CO,Colorado,1,Electric Utility,COW,all coal products,1890.2562,thousand megawatthours,2024,1
CO,Colorado,1,Electric Utility,DFO,distillate fuel oil,14.56582,thousand megawatthours,2024,1
CO,Colorado,1,Electric Utility,DPV,estimated small scale solar photovoltaic,0.0,thousand megawatthours,2024,1
CO,Colorado,1,Electric Utility,FOS,fossil fuels,3407.02642,thousand megawatthours,2024,1
CO,Colorado,1,Electric Utility,HPS,hydro-electric pumped storage,10.828,thousand megawatthours,2024,1
CO,Colorado,1,Electric Utility,HYC,conventional hydroelectric,33.274,thousand megawatthours,2024,1
CO,Colorado,1,Electric Utility,NG,natural gas,1502.2044,thousand megawatthours,2024,1
CO,Colorado,1,Electric Utility,NGO,natural gas & other gases,1502.2044,thousand megawatthours,2024,1
CO,Colorado,1,Electric Utility,OTH,other,-0.019,thousand megawatthours,2024,1
CO,Colorado,1,Electric Utility,PEL,petroleum liquids,14.56582,thousand megawatthours,2024,1
CO,Colorado,1,Electric Utility,PET,petroleum,14.56582,thousand megawatthours,2024,1
CO,Colorado,1,Electric Utility,REN,renewable,352.096,thousand megawatthours,2024,1
CO,Colorado,1,Electric Utility,SPV,solar photovoltaic,0.93,thousand megawatthours,2024,1
CO,Colorado,1,Electric Utility,SUB,subbituminous coal,1636.63912,thousand megawatthours,2024,1
CO,Colorado,1,Electric Utility,SUN,solar,0.93,thousand megawatthours,2024,1
CO,Colorado,1,Electric Utility,TPV,estimated total solar photovoltaic,0.93,thousand megawatthours,2024,1
CO,Colorado,1,Electric Utility,TSN,estimated total solar,0.93,thousand megawatthours,2024,1
CO,Colorado,1,Electric Utility,WND,wind,317.892,thousand megawatthours,2024,1
CO,Colorado,1,Electric Utility,WNT,onshore wind turbine,317.892,thousand megawatthours,2024,1
IL,Illinois,1,Electric Utility,ALL,all fuels,388.15444,thousand megawatthours,2024,1
IL,Illinois,1,Electric Utility,AOR,all renewables,7.57179,thousand megawatthours,2024,1
IL,Illinois,1,Electric Utility,BIO,biomass,7.20779,thousand megawatthours,2024,1
IL,Illinois,1,Electric Utility,BIS,bituminous coal and synthetic coal,162.30877,thousand megawatthours,2024,1
IL,Illinois,1,Electric Utility,BIT,bituminous coal,162.30877,thousand megawatthours,2024,1
IL,Illinois,1,Electric Utility,COL,"coal, excluding waste coal",162.30877,thousand megawatthours,2024,1
IL,Illinois,1,Electric Utility,COW,all coal products,162.30877,thousand megawatthours,2024,1
IL,Illinois,1,Electric Utility,DFO,distillate fuel oil,0.16451,thousand megawatthours,2024,1
IL,Illinois,1,Electric Utility,DPV,estimated small scale solar photovoltaic,0.0,thousand megawatthours,2024,1
IL,Illinois,1,Electric Utility,FOS,fossil fuels,377.18765,thousand megawatthours,2024,1
IL,Illinois,1,Electric Utility,HYC,conventional hydroelectric,3.395,thousand megawatthours,2024,1
IL,Illinois,1,Electric Utility,LFG,landfill gas,7.20779,thousand megawatthours,2024,1
IL,Illinois,1,Electric Utility,MLG,municiapl landfill gas,7.20779,thousand megawatthours,2024,1
IL,Illinois,1,Electric Utility,NG,natural gas,214.71437,thousand megawatthours,2024,1
IL,Illinois,1,Electric Utility,NGO,natural gas & other gases,214.71437,thousand megawatthours,2024,1
IL,Illinois,1,Electric Utility,OTH,other,0.0,thousand megawatthours,2024,1
IL,Illinois,1,Electric Utility,PC,petroleum coke,0.0,thousand megawatthours,2024,1
IL,Illinois,1,Electric Utility,PEL,petroleum liquids,0.16451,thousand megawatthours,2024,1
IL,Illinois,1,Electric Utility,PET,petroleum,0.16451,thousand megawatthours,2024,1
IL,Illinois,1,Electric Utility,REN,renewable,10.96679,thousand megawatthours,2024,1
IL,Illinois,1,Electric Utility,SPV,solar photovoltaic,0.037,thousand megawatthours,2024,1
IL,Illinois,1,Electric Utility,SUB,subbituminous coal,0.0,thousand megawatthours,2024,1
IL,Illinois,1,Electric Utility,SUN,solar,0.037,thousand megawatthours,2024,1
IL,Illinois,1,Electric Utility,TPV,estimated total solar photovoltaic,0.037,thousand megawatthours,2024,1
IL,Illinois,1,Electric Utility,TSN,estimated total solar,0.037,thousand megawatthours,2024,1
IL,Illinois,1,Electric Utility,WAS,renewable waste products,7.20779,thousand megawatthours,2024,1
IL,Illinois,1,Electric Utility,WND,wind,0.327,thousand megawatthours,2024,1
IL,Illinois,1,Electric Utility,WNT,onshore wind turbine,0.327,thousand megawatthours,2024,1
IL,Illinois,1,Electric Utility,WOO,waste oil and other oils,0.0,thousand megawatthours,2024,1
NY,New York,1,Electric Utility,ALL,all fuels,3126.60888,thousand megawatthours,2024,1
NY,New York,1,Electric Utility,BIS,bituminous coal and synthetic coal,0.0,thousand megawatthours,2024,1
NY,New York,1,Electric Utility,BIT,bituminous coal,0.0,thousand megawatthours,2024,1
NY,New York,1,Electric Utility,COL,"coal, excluding waste coal",0.0,thousand megawatthours,2024,1
NY,New York,1,Electric Utility,COW,all coal products,0.0,thousand megawatthours,2024,1
NY,New York,1,Electric Utility,DFO,distillate fuel oil,11.70435,thousand megawatthours,2024,1
NY,New York,1,Electric Utility,DPV,estimated small scale solar photovoltaic,0.0,thousand megawatthours,2024,1
NY,New York,1,Electric Utility,FOS,fossil fuels,1040.34788,thousand megawatthours,2024,1
NY,New York,1,Electric Utility,HPS,hydro-electric pumped storage,-22.638,thousand megawatthours,2024,1
NY,New York,1,Electric Utility,HYC,conventional hydroelectric,2109.052,thousand megawatthours,2024,1
NY,New York,1,Electric Utility,NG,natural gas,978.12558,thousand megawatthours,2024,1
NY,New York,1,Electric Utility,NGO,natural gas & other gases,978.12558,thousand megawatthours,2024,1
NY,New York,1,Electric Utility,OTH,other,-0.153,thousand megawatthours,2024,1
NY,New York,1,Electric Utility,PEL,petroleum liquids,62.2223,thousand megawatthours,2024,1
NY,New York,1,Electric Utility,PET,petroleum,62.2223,thousand megawatthours,2024,1
NY,New York,1,Electric Utility,REN,renewable,2109.052,thousand megawatthours,2024,1
NY,New York,1,Electric Utility,RFO,residual fuel oil,49.33404,thousand megawatthours,2024,1
NY,New York,1,Electric Utility,TPV,estimated total solar photovoltaic,0.0,thousand megawatthours,2024,1
NY,New York,1,Electric Utility,TSN,estimated total solar,0.0,thousand megawatthours,2024,1
NY,New York,1,Electric Utility,WOO,waste oil and other oils,1.18391,thousand megawatthours,2024,1
TX,Texas,1,Electric Utility,ALL,all fuels,7970.55786,thousand megawatthours,2024,1
TX,Texas,1,Electric Utility,AOR,all renewables,205.525,thousand megawatthours,2024,1
TX,Texas,1,Electric Utility,BIO,biomass,33.239,thousand megawatthours,2024,1
TX,Texas,1,Electric Utility,COL,"coal, excluding waste coal",2594.50195,thousand megawatthours,2024,1
TX,Texas,1,Electric Utility,COW,all coal products,2594.50195,thousand megawatthours,2024,1
TX,Texas,1,Electric Utility,DFO,distillate fuel oil,30.72136,thousand megawatthours,2024,1
TX,Texas,1,Electric Utility,DPV,estimated small scale solar photovoltaic,0.0,thousand megawatthours,2024,1
TX,Texas,1,Electric Utility,FOS,fossil fuels,7731.64186,thousand megawatthours,2024,1
TX,Texas,1,Electric Utility,HYC,conventional hydroelectric,33.459,thousand megawatthours,2024,1
TX,Texas,1,Electric Utility,LIG,lignite coal,160.92964,thousand megawatthours,2024,1
TX,Texas,1,Electric Utility,NG,natural gas,5106.41854,thousand megawatthours,2024,1
TX,Texas,1,Electric Utility,NGO,natural gas & other gases,5106.41854,thousand megawatthours,2024,1
TX,Texas,1,Electric Utility,OB2,biomass,0.0,thousand megawatthours,2024,1
TX,Texas,1,Electric Utility,OBW,biomass,0.0,thousand megawatthours,2024,1
TX,Texas,1,Electric Utility,ORW,other renewables,0.0,thousand megawatthours,2024,1
TX,Texas,1,Electric Utility,OTH,other,-0.068,thousand megawatthours,2024,1
TX,Texas,1,Electric Utility,PEL,petroleum liquids,30.72136,thousand megawatthours,2024,1
TX,Texas,1,Electric Utility,PET,petroleum,30.72136,thousand megawatthours,2024,1
TX,Texas,1,Electric Utility,RC,refined coal,0.0,thousand megawatthours,2024,1
TX,Texas,1,Electric Utility,REN,renewable,238.984,thousand megawatthours,2024,1
TX,Texas,1,Electric Utility,RFO,residual fuel oil,0.0,thousand megawatthours,2024,1
TX,Texas,1,Electric Utility,SPV,solar photovoltaic,0.732,thousand megawatthours,2024,1
TX,Texas,1,Electric Utility,SUB,subbituminous coal,2433.57231,thousand megawatthours,2024,1
TX,Texas,1,Electric Utility,SUN,solar,0.732,thousand megawatthours,2024,1
TX,Texas,1,Electric Utility,TPV,estimated total solar photovoltaic,0.732,thousand megawatthours,2024,1
TX,Texas,1,Electric Utility,TSN,estimated total solar,0.732,thousand megawatthours,2024,1
TX,Texas,1,Electric Utility,WAS,renewable waste products,0.0,thousand megawatthours,2024,1
TX,Texas,1,Electric Utility,WND,wind,171.554,thousand megawatthours,2024,1
TX,Texas,1,Electric Utility,WNT,onshore wind turbine,171.554,thousand megawatthours,2024,1
TX,Texas,1,Electric Utility,WOO,waste oil and other oils,0.0,thousand megawatthours,2024,1
TX,Texas,1,Electric Utility,WWW,wood and wood wastes,33.239,thousand megawatthours,2024,1
CA,California,1,Electric Utility,ALL,all fuels,6376.31025,thousand megawatthours,2023,12
CA,California,1,Electric Utility,AOR,all renewables,62.25479,thousand megawatthours,2023,12
CA,California,1,Electric Utility,BIO,biomass,5.99779,thousand megawatthours,2023,12
CA,California,1,Electric Utility,DFO,distillate fuel oil,2.31271,thousand megawatthours,2023,12
CA,California,1,Electric Utility,DPV,estimated small scale solar photovoltaic,0.0,thousand megawatthours,2023,12
CA,California,1,Electric Utility,FOS,fossil fuels,3300.99747,thousand megawatthours,2023,12
CA,California,1,Electric Utility,GEO,geothermal,26.174,thousand megawatthours,2023,12
CA,California,1,Electric Utility,HPS,hydro-electric pumped storage,-11.329,thousand megawatthours,2023,12
CA,California,1,Electric Utility,HYC,conventional hydroelectric,1648.127,thousand megawatthours,2023,12
CA,California,1,Electric Utility,LFG,landfill gas,0.2751,thousand megawatthours,2023,12
CA,California,1,Electric Utility,MLG,municiapl landfill gas,0.2751,thousand megawatthours,2023,12
CA,California,1,Electric Utility,NG,natural gas,3298.58176,thousand megawatthours,2023,12
CA,California,1,Electric Utility,NGO,natural gas & other gases,3298.58176,thousand megawatthours,2023,12
CA,California,1,Electric Utility,NUC,nuclear,1379.126,thousand megawatthours,2023,12
CA,California,1,Electric Utility,OB2,biomass,5.72268,thousand megawatthours,2023,12
CA,California,1,Electric Utility,OBW,biomass,5.72268,thousand megawatthours,2023,12
CA,California,1,Electric Utility,OOG,other gases,0.0,thousand megawatthours,2023,12
CA,California,1,Electric Utility,ORW,other renewables,5.72268,thousand megawatthours,2023,12
CA,California,1,Electric Utility,OTH,other,-2.866,thousand megawatthours,2023,12
CA,California,1,Electric Utility,PEL,petroleum liquids,2.41571,thousand megawatthours,2023,12
CA,California,1,Electric Utility,PET,petroleum,2.41571,thousand megawatthours,2023,12
CA,California,1,Electric Utility,REN,renewable,1710.38179,thousand megawatthours,2023,12
CA,California,1,Electric Utility,RFO,residual fuel oil,0.0,thousand megawatthours,2023,12
CA,California,1,Electric Utility,SPV,solar photovoltaic,16.96,thousand megawatthours,2023,12
CA,California,1,Electric Utility,SUN,solar,16.96,thousand megawatthours,2023,12
CA,California,1,Electric Utility,TPV,estimated total solar photovoltaic,16.96,thousand megawatthours,2023,12
CA,California,1,Electric Utility,TSN,estimated total solar,16.96,thousand megawatthours,2023,12
CA,California,1,Electric Utility,WAS,renewable waste products,5.99779,thousand megawatthours,2023,12
CA,California,1,Electric Utility,WND,wind,13.123,thousand megawatthours,2023,12
CA,California,1,Electric Utility,WNT,onshore wind turbine,13.123,thousand megawatthours,2023,12
CA,California,1,Electric Utility,WOO,waste oil and other oils,0.103,thousand megawatthours,2023,12
CO,Colorado,1,Electric Utility,ALL,all fuels,3519.74857,thousand megawatthours,2023,12
CO,Colorado,1,Electric Utility,AOR,all renewables,387.675,thousand megawatthours,2023,12
CO,Colorado,1,Electric Utility,BIS,bituminous coal and synthetic coal,230.35845,thousand megawatthours,2023,12
CO,Colorado,1,Electric Utility,BIT,bituminous coal,230.35845,thousand megawatthours,2023,12
CO,Colorado,1,Electric Utility,COL,"coal, excluding waste coal",1766.44243,thousand megawatthours,2023,12
CO,Colorado,1,Electric Utility,COW,all coal products,1766.44243,thousand megawatthours,2023,12
CO,Colorado,1,Electric Utility,DFO,distillate fuel oil,3.20225,thousand megawatthours,2023,12
CO,Colorado,1,Electric Utility,DPV,estimated small scale solar photovoltaic,0.0,thousand megawatthours,2023,12
CO,Colorado,1,Electric Utility,FOS,fossil fuels,3076.55257,thousand megawatthours,2023,12
CO,Colorado,1,Electric Utility,HPS,hydro-electric pumped storage,13.723,thousand megawatthours,2023,12
CO,Colorado,1,Electric Utility,HYC,conventional hydroelectric,41.812,thousand megawatthours,2023,12
CO,Colorado,1,Electric Utility,NG,natural gas,1306.90788,thousand megawatthours,2023,12
CO,Colorado,1,Electric Utility,NGO,natural gas & other gases,1306.90788,thousand megawatthours,2023,12
CO,Colorado,1,Electric Utility,OTH,other,-0.014,thousand megawatthours,2023,12
CO,Colorado,1,Electric Utility,PEL,petroleum liquids,3.20225,thousand megawatthours,2023,12
CO,Colorado,1,Electric Utility,PET,petroleum,3.20225,thousand megawatthours,2023,12
CO,Colorado,1,Electric Utility,REN,renewable,429.487,thousand megawatthours,2023,12
CO,Colorado,1,Electric Utility,SPV,solar photovoltaic,0.657,thousand megawatthours,2023,12
CO,Colorado,1,Electric Utility,SUB,subbituminous coal,1536.08398,thousand megawatthours,2023,12
CO,Colorado,1,Electric Utility,SUN,solar,0.657,thousand megawatthours,2023,12
CO,Colorado,1,Electric Utility,TPV,estimated total solar photovoltaic,0.657,thousand megawatthours,2023,12
CO,Colorado,1,Electric Utility,TSN,estimated total solar,0.657,thousand megawatthours,2023,12
CO,Colorado,1,Electric Utility,WND,wind,387.018,thousand megawatthours,2023,12
CO,Colorado,1,Electric Utility,WNT,onshore wind turbine,387.018,thousand megawatthours,2023,12
IL,Illinois,1,Electric Utility,ALL,all fuels,381.8953,thousand megawatthours,2023,12
IL,Illinois,1,Electric Utility,AOR,all renewables,6.83816,thousand megawatthours,2023,12
IL,Illinois,1,Electric Utility,BIO,biomass,6.19716,thousand megawatthours,2023,12
IL,Illinois,1,Electric Utility,BIS,bituminous coal and synthetic coal,122.13815,thousand megawatthours,2023,12
IL,Illinois,1,Electric Utility,BIT,bituminous coal,122.13815,thousand megawatthours,2023,12
IL,Illinois,1,Electric Utility,COL,"coal, excluding waste coal",122.13815,thousand megawatthours,2023,12
IL,Illinois,1,Electric Utility,COW,all coal products,122.13815,thousand megawatthours,2023,12
IL,Illinois,1,Electric Utility,DFO,distillate fuel oil,0.37654,thousand megawatthours,2023,12
IL,Illinois,1,Electric Utility,DPV,estimated small scale solar photovoltaic,0.0,thousand megawatthours,2023,12
IL,Illinois,1,Electric Utility,FOS,fossil fuels,369.43014,thousand megawatthours,2023,12
IL,Illinois,1,Electric Utility,HYC,conventional hydroelectric,5.63,thousand megawatthours,2023,12
IL,Illinois,1,Electric Utility,LFG,landfill gas,6.19716,thousand megawatthours,2023,12
IL,Illinois,1,Electric Utility,MLG,municiapl landfill gas,6.19716,thousand megawatthours,2023,12
IL,Illinois,1,Electric Utility,NG,natural gas,246.91445,thousand megawatthours,2023,12
IL,Illinois,1,Electric Utility,NGO,natural gas & other gases,246.91445,thousand megawatthours,2023,12
IL,Illinois,1,Electric Utility,OTH,other,-0.003,thousand megawatthours,2023,12
IL,Illinois,1,Electric Utility,PC,petroleum coke,0.0,thousand megawatthours,2023,12
IL,Illinois,1,Electric Utility,PEL,petroleum liquids,0.37754,thousand megawatthours,2023,12
IL,Illinois,1,Electric Utility,PET,petroleum,0.37754,thousand megawatthours,2023,12
IL,Illinois,1,Electric Utility,REN,renewable,12.46816,thousand megawatthours,2023,12
IL,Illinois,1,Electric Utility,SPV,solar photovoltaic,0.079,thousand megawatthours,2023,12
IL,Illinois,1,Electric Utility,SUB,subbituminous coal,0.0,thousand megawatthours,2023,12
IL,Illinois,1,Electric Utility,SUN,solar,0.079,thousand megawatthours,2023,12
IL,Illinois,1,Electric Utility,TPV,estimated total solar photovoltaic,0.079,thousand megawatthours,2023,12
IL,Illinois,1,Electric Utility,TSN,estimated total solar,0.079,thousand megawatthours,2023,12
IL,Illinois,1,Electric Utility,WAS,renewable waste products,6.19716,thousand megawatthours,2023,12
IL,Illinois,1,Electric Utility,WND,wind,0.562,thousand megawatthours,2023,12
IL,Illinois,1,Electric Utility,WNT,onshore wind turbine,0.562,thousand megawatthours,2023,12
IL,Illinois,1,Electric Utility,WOO,waste oil and other oils,0.001,thousand megawatthours,2023,12
NY,New York,1,Electric Utility,ALL,all fuels,2872.66825,thousand megawatthours,2023,12
NY,New York,1,Electric Utility,AOR,all renewables,31.698,thousand megawatthours,2023,12
NY,New York,1,Electric Utility,BIS,bituminous coal and synthetic coal,0.0,thousand megawatthours,2023,12
NY,New York,1,Electric Utility,BIT,bituminous coal,0.0,thousand megawatthours,2023,12
NY,New York,1,Electric Utility,COL,"coal, excluding waste coal",0.0,thousand megawatthours,2023,12
NY,New York,1,Electric Utility,COW,all coal products,0.0,thousand megawatthours,2023,12
NY,New York,1,Electric Utility,DFO,distillate fuel oil,0.18561,thousand megawatthours,2023,12
NY,New York,1,Electric Utility,DPV,estimated small scale solar photovoltaic,0.0,thousand megawatthours,2023,12
NY,New York,1,Electric Utility,FOS,fossil fuels,819.89025,thousand megawatthours,2023,12
NY,New York,1,Electric Utility,HPS,hydro-electric pumped storage,-31.357,thousand megawatthours,2023,12
NY,New York,1,Electric Utility,HYC,conventional hydroelectric,2052.456,thousand megawatthours,2023,12
NY,New York,1,Electric Utility,NG,natural gas,819.38237,thousand megawatthours,2023,12
NY,New York,1,Electric Utility,NGO,natural gas & other gases,819.38237,thousand megawatthours,2023,12
NY,New York,1,Electric Utility,OTH,other,-0.019,thousand megawatthours,2023,12
NY,New York,1,Electric Utility,PEL,petroleum liquids,0.50789,thousand megawatthours,2023,12
NY,New York,1,Electric Utility,PET,petroleum,0.50789,thousand megawatthours,2023,12
NY,New York,1,Electric Utility,REN,renewable,2084.154,thousand megawatthours,2023,12
NY,New York,1,Electric Utility,RFO,residual fuel oil,0.0,thousand megawatthours,2023,12
NY,New York,1,Electric Utility,TPV,estimated total solar photovoltaic,0.0,thousand megawatthours,2023,12
NY,New York,1,Electric Utility,TSN,estimated total solar,0.0,thousand megawatthours,2023,12
NY,New York,1,Electric Utility,WND,wind,31.698,thousand megawatthours,2023,12
NY,New York,1,Electric Utility,WNT,onshore wind turbine,31.698,thousand megawatthours,2023,12
NY,New York,1,Electric Utility,WOO,waste oil and other oils,0.32228,thousand megawatthours,2023,12
TX,Texas,1,Electric Utility,ALL,all fuels,5629.21912,thousand megawatthours,2023,12
TX,Texas,1,Electric Utility,AOR,all renewables,8.199,thousand megawatthours,2023,12
TX,Texas,1,Electric Utility,BIO,biomass,0.0,thousand megawatthours,2023,12
TX,Texas,1,Electric Utility,COL,"coal, excluding waste coal",1331.91405,thousand megawatthours,2023,12
TX,Texas,1,Electric Utility,COW,all coal products,1331.91405,thousand megawatthours,2023,12
TX,Texas,1,Electric Utility,DFO,distillate fuel oil,2.67756,thousand megawatthours,2023,12
TX,Texas,1,Electric Utility,DPV,estimated small scale solar photovoltaic,0.0,thousand megawatthours,2023,12
TX,Texas,1,Electric Utility,FOS,fossil fuels,5605.60612,thousand megawatthours,2023,12
TX,Texas,1,Electric Utility,HYC,conventional hydroelectric,15.484,thousand megawatthours,2023,12
TX,Texas,1,Electric Utility,LIG,lignite coal,94.31877,thousand megawatthours,2023,12
TX,Texas,1,Electric Utility,NG,natural gas,4271.0145,thousand megawatthours,2023,12
TX,Texas,1,Electric Utility,NGO,natural gas & other gases,4271.0145,thousand megawatthours,2023,12
TX,Texas,1,Electric Utility,OB2,biomass,0.0,thousand megawatthours,2023,12
TX,Texas,1,Electric Utility,OBW,biomass,0.0,thousand megawatthours,2023,12
TX,Texas,1,Electric Utility,ORW,other renewables,0.0,thousand megawatthours,2023,12
TX,Texas,1,Electric Utility,OTH,other,-0.07,thousand megawatthours,2023,12
TX,Texas,1,Electric Utility,PEL,petroleum liquids,2.67756,thousand megawatthours,2023,12
TX,Texas,1,Electric Utility,PET,petroleum,2.67756,thousand megawatthours,2023,12
TX,Texas,1,Electric Utility,RC,refined coal,0.0,thousand megawatthours,2023,12
TX,Texas,1,Electric Utility,REN,renewable,23.683,thousand megawatthours,2023,12
TX,Texas,1,Electric Utility,RFO,residual fuel oil,0.0,thousand megawatthours,2023,12
TX,Texas,1,Electric Utility,SPV,solar photovoltaic,0.697,thousand megawatthours,2023,12
TX,Texas,1,Electric Utility,SUB,subbituminous coal,1237.59529,thousand megawatthours,2023,12
TX,Texas,1,Electric Utility,SUN,solar,0.697,thousand megawatthours,2023,12
TX,Texas,1,Electric Utility,TPV,estimated total solar photovoltaic,0.697,thousand megawatthours,2023,12
TX,Texas,1,Electric Utility,TSN,estimated total solar,0.697,thousand megawatthours,2023,12
TX,Texas,1,Electric Utility,WAS,renewable waste products,0.0,thousand megawatthours,2023,12
TX,Texas,1,Electric Utility,WND,wind,7.502,thousand megawatthours,2023,12
TX,Texas,1,Electric Utility,WNT,onshore wind turbine,7.502,thousand megawatthours,2023,12
TX,Texas,1,Electric Utility,WOO,waste oil and other oils,0.0,thousand megawatthours,2023,12
TX,Texas,1,Electric Utility,WWW,wood and wood wastes,0.0,thousand megawatthours,2023,12
CA,California,1,Electric Utility,ALL,all fuels,5248.99723,thousand megawatthours,2023,11
CA,California,1,Electric Utility,AOR,all renewables,79.80709,thousand megawatthours,2023,11
CA,California,1,Electric Utility,BIO,biomass,3.08009,thousand megawatthours,2023,11
CA,California,1,Electric Utility,DFO,distillate fuel oil,2.22437,thousand megawatthours,2023,11
CA,California,1,Electric Utility,DPV,estimated small scale solar photovoltaic,0.0,thousand megawatthours,2023,11
CA,California,1,Electric Utility,FOS,fossil fuels,2546.90014,thousand megawatthours,2023,11
CA,California,1,Electric Utility,GEO,geothermal,35.041,thousand megawatthours,2023,11
CA,California,1,Electric Utility,HPS,hydro-electric pumped storage,31.654,thousand megawatthours,2023,11
CA,California,1,Electric Utility,HYC,conventional hydroelectric,1524.819,thousand megawatthours,2023,11
CA,California,1,Electric Utility,LFG,landfill gas,0.24384,thousand megawatthours,2023,11
CA,California,1,Electric Utility,MLG,municiapl landfill gas,0.24384,thousand megawatthours,2023,11
CA,California,1,Electric Utility,NG,natural gas,2544.53377,thousand megawatthours,2023,11
CA,California,1,Electric Utility,NGO,natural gas & other gases,2544.53377,thousand megawatthours,2023,11
CA,California,1,Electric Utility,NUC,nuclear,1069.182,thousand megawatthours,2023,11
CA,California,1,Electric Utility,OB2,biomass,2.83625,thousand megawatthours,2023,11
CA,California,1,Electric Utility,OBW,biomass,2.83625,thousand megawatthours,2023,11
CA,California,1,Electric Utility,OOG,other gases,0.0,thousand megawatthours,2023,11
CA,California,1,Electric Utility,ORW,other renewables,2.83625,thousand megawatthours,2023,11
CA,California,1,Electric Utility,OTH,other,-3.365,thousand megawatthours,2023,11
CA,California,1,Electric Utility,PEL,petroleum liquids,2.36637,thousand megawatthours,2023,11
CA,California,1,Electric Utility,PET,petroleum,2.36637,thousand megawatthours,2023,11
CA,California,1,Electric Utility,REN,renewable,1604.62609,thousand megawatthours,2023,11
CA,California,1,Electric Utility,RFO,residual fuel oil,0.0,thousand megawatthours,2023,11
CA,California,1,Electric Utility,SPV,solar photovoltaic,23.256,thousand megawatthours,2023,11
CA,California,1,Electric Utility,SUN,solar,23.256,thousand megawatthours,2023,11
CA,California,1,Electric Utility,TPV,estimated total solar photovoltaic,23.256,thousand megawatthours,2023,11
CA,California,1,Electric Utility,TSN,estimated total solar,23.256,thousand megawatthours,2023,11
CA,California,1,Electric Utility,WAS,renewable waste products,3.08009,thousand megawatthours,2023,11
CA,California,1,Electric Utility,WND,wind,18.43,thousand megawatthours,2023,11
CA,California,1,Electric Utility,WNT,onshore wind turbine,18.43,thousand megawatthours,2023,11
CA,California,1,Electric Utility,WOO,waste oil and other oils,0.142,thousand megawatthours,2023,11
CO,Colorado,1,Electric Utility,ALL,all fuels,3140.64468,thousand megawatthours,2023,11
CO,Colorado,1,Electric Utility,AOR,all renewables,329.644,thousand megawatthours,2023,11
CO,Colorado,1,Electric Utility,BIS,bituminous coal and synthetic coal,186.25808,thousand megawatthours,2023,11
CO,Colorado,1,Electric Utility,BIT,bituminous coal,186.25808,thousand megawatthours,2023,11
CO,Colorado,1,Electric Utility,COL,"coal, excluding waste coal",1540.82953,thousand megawatthours,2023,11
CO,Colorado,1,Electric Utility,COW,all coal products,1540.82953,thousand megawatthours,2023,11
CO,Colorado,1,Electric Utility,DFO,distillate fuel oil,3.04333,thousand megawatthours,2023,11
CO,Colorado,1,Electric Utility,DPV,estimated small scale solar photovoltaic,0.0,thousand megawatthours,2023,11
CO,Colorado,1,Electric Utility,FOS,fossil fuels,2766.50168,thousand megawatthours,2023,11
CO,Colorado,1,Electric Utility,HPS,hydro-electric pumped storage,10.64,thousand megawatthours,2023,11
CO,Colorado,1,Electric Utility,HYC,conventional hydroelectric,33.875,thousand megawatthours,2023,11
CO,Colorado,1,Electric Utility,NG,natural gas,1222.62882,thousand megawatthours,2023,11
CO,Colorado,1,Electric Utility,NGO,natural gas & other gases,1222.62882,thousand megawatthours,2023,11
CO,Colorado,1,Electric Utility,OTH,other,-0.016,thousand megawatthours,2023,11
CO,Colorado,1,Electric Utility,PEL,petroleum liquids,3.04333,thousand megawatthours,2023,11
CO,Colorado,1,Electric Utility,PET,petroleum,3.04333,thousand megawatthours,2023,11
CO,Colorado,1,Electric Utility,REN,renewable,363.519,thousand megawatthours,2023,11
CO,Colorado,1,Electric Utility,SPV,solar photovoltaic,0.851,thousand megawatthours,2023,11
CO,Colorado,1,Electric Utility,SUB,subbituminous coal,1354.57145,thousand megawatthours,2023,11
CO,Colorado,1,Electric Utility,SUN,solar,0.851,thousand megawatthours,2023,11
CO,Colorado,1,Electric Utility,TPV,estimated total solar photovoltaic,0.851,thousand megawatthours,2023,11
CO,Colorado,1,Electric Utility,TSN,estimated total solar,0.851,thousand megawatthours,2023,11
CO,Colorado,1,Electric Utility,WND,wind,328.793,thousand megawatthours,2023,11
CO,Colorado,1,Electric Utility,WNT,onshore wind turbine,328.793,thousand megawatthours,2023,11
IL,Illinois,1,Electric Utility,ALL,all fuels,313.77857,thousand megawatthours,2023,11
IL,Illinois,1,Electric Utility,AOR,all renewables,7.35881,thousand megawatthours,2023,11
IL,Illinois,1,Electric Utility,BIO,biomass,6.64881,thousand megawatthours,2023,11
IL,Illinois,1,Electric Utility,BIS,bituminous coal and synthetic coal,80.29496,thousand megawatthours,2023,11
IL,Illinois,1,Electric Utility,BIT,bituminous coal,80.29496,thousand megawatthours,2023,11
IL,Illinois,1,Electric Utility,COL,"coal, excluding waste coal",80.29496,thousand megawatthours,2023,11
IL,Illinois,1,Electric Utility,COW,all coal products,80.29496,thousand megawatthours,2023,11
IL,Illinois,1,Electric Utility,DFO,distillate fuel oil,0.78639,thousand megawatthours,2023,11
IL,Illinois,1,Electric Utility,DPV,estimated small scale solar photovoltaic,0.0,thousand megawatthours,2023,11
IL,Illinois,1,Electric Utility,FOS,fossil fuels,300.97177,thousand megawatthours,2023,11
IL,Illinois,1,Electric Utility,HYC,conventional hydroelectric,5.452,thousand megawatthours,2023,11
IL,Illinois,1,Electric Utility,LFG,landfill gas,6.64881,thousand megawatthours,2023,11
IL,Illinois,1,Electric Utility,MLG,municiapl landfill gas,6.64881,thousand megawatthours,2023,11
IL,Illinois,1,Electric Utility,NG,natural gas,219.88942,thousand megawatthours,2023,11
IL,Illinois,1,Electric Utility,NGO,natural gas & other gases,219.88942,thousand megawatthours,2023,11
IL,Illinois,1,Electric Utility,OTH,other,-0.004,thousand megawatthours,2023,11
IL,Illinois,1,Electric Utility,PC,petroleum coke,0.0,thousand megawatthours,2023,11
IL,Illinois,1,Electric Utility,PEL,petroleum liquids,0.78739,thousand megawatthours,2023,11
IL,Illinois,1,Electric Utility,PET,petroleum,0.78739,thousand megawatthours,2023,11
IL,Illinois,1,Electric Utility,REN,renewable,12.81081,thousand megawatthours,2023,11
IL,Illinois,1,Electric Utility,SPV,solar photovoltaic,0.124,thousand megawatthours,2023,11
IL,Illinois,1,Electric Utility,SUB,subbituminous coal,0.0,thousand megawatthours,2023,11
IL,Illinois,1,Electric Utility,SUN,solar,0.124,thousand megawatthours,2023,11
IL,Illinois,1,Electric Utility,TPV,estimated total solar photovoltaic,0.124,thousand megawatthours,2023,11
IL,Illinois,1,Electric Utility,TSN,estimated total solar,0.124,thousand megawatthours,2023,11
IL,Illinois,1,Electric Utility,WAS,renewable waste products,6.64881,thousand megawatthours,2023,11
IL,Illinois,1,Electric Utility,WND,wind,0.586,thousand megawatthours,2023,11
IL,Illinois,1,Electric Utility,WNT,onshore wind turbine,0.586,thousand megawatthours,2023,11
IL,Illinois,1,Electric Utility,WOO,waste oil and other oils,0.001,thousand megawatthours,2023,11
NY,New York,1,Electric Utility,ALL,all fuels,2924.94506,thousand megawatthours,2023,11
NY,New York,1,Electric Utility,AOR,all renewables,30.831,thousand megawatthours,2023,11
NY,New York,1,Electric Utility,BIS,bituminous coal and synthetic coal,0.0,thousand megawatthours,2023,11
NY,New York,1,Electric Utility,BIT,bituminous coal,0.0,thousand megawatthours,2023,11
NY,New York,1,Electric Utility,COL,"coal, excluding waste coal",0.0,thousand megawatthours,2023,11
NY,New York,1,Electric Utility,COW,all coal products,0.0,thousand megawatthours,2023,11
NY,New York,1,Electric Utility,DFO,distillate fuel oil,0.65592,thousand megawatthours,2023,11
NY,New York,1,Electric Utility,DPV,estimated small scale solar photovoltaic,0.0,thousand megawatthours,2023,11
NY,New York,1,Electric Utility,FOS,fossil fuels,947.00206,thousand megawatthours,2023,11
NY,New York,1,Electric Utility,HPS,hydro-electric pumped storage,-26.664,thousand megawatthours,2023,11
NY,New York,1,Electric Utility,HYC,conventional hydroelectric,1973.8,thousand megawatthours,2023,11
NY,New York,1,Electric Utility,NG,natural gas,945.67149,thousand megawatthours,2023,11
NY,New York,1,Electric Utility,NGO,natural gas & other gases,945.67149,thousand megawatthours,2023,11
NY,New York,1,Electric Utility,OTH,other,-0.024,thousand megawatthours,2023,11
NY,New York,1,Electric Utility,PEL,petroleum liquids,1.33057,thousand megawatthours,2023,11
NY,New York,1,Electric Utility,PET,petroleum,1.33057,thousand megawatthours,2023,11
NY,New York,1,Electric Utility,REN,renewable,2004.631,thousand megawatthours,2023,11
NY,New York,1,Electric Utility,RFO,residual fuel oil,0.0,thousand megawatthours,2023,11
NY,New York,1,Electric Utility,TPV,estimated total solar photovoltaic,0.0,thousand megawatthours,2023,11
NY,New York,1,Electric Utility,TSN,estimated total solar,0.0,thousand megawatthours,2023,11
NY,New York,1,Electric Utility,WND,wind,30.831,thousand megawatthours,2023,11
NY,New York,1,Electric Utility,WNT,onshore wind turbine,30.831,thousand megawatthours,2023,11
NY,New York,1,Electric Utility,WOO,waste oil and other oils,0.67465,thousand megawatthours,2023,11
TX,Texas,1,Electric Utility,ALL,all fuels,5113.30198,thousand megawatthours,2023,11
TX,Texas,1,Electric Utility,AOR,all renewables,18.082,thousand megawatthours,2023,11
TX,Texas,1,Electric Utility,BIO,biomass,3.437,thousand megawatthours,2023,11
TX,Texas,1,Electric Utility,COL,"coal, excluding waste coal",1169.6452,thousand megawatthours,2023,11
TX,Texas,1,Electric Utility,COW,all coal products,1169.6452,thousand megawatthours,2023,11
TX,Texas,1,Electric Utility,DFO,distillate fuel oil,3.01388,thousand megawatthours,2023,11
TX,Texas,1,Electric Utility,DPV,estimated small scale solar photovoltaic,0.0,thousand megawatthours,2023,11
TX,Texas,1,Electric Utility,FOS,fossil fuels,5072.40998,thousand megawatthours,2023,11
TX,Texas,1,Electric Utility,HYC,conventional hydroelectric,22.879,thousand megawatthours,2023,11
TX,Texas,1,Electric Utility,LIG,lignite coal,0.0,thousand megawatthours,2023,11
TX,Texas,1,Electric Utility,NG,natural gas,3899.7509,thousand megawatthours,2023,11
TX,Texas,1,Electric Utility,NGO,natural gas & other gases,3899.7509,thousand megawatthours,2023,11
TX,Texas,1,Electric Utility,OB2,biomass,0.0,thousand megawatthours,2023,11
TX,Texas,1,Electric Utility,OBW,biomass,0.0,thousand megawatthours,2023,11
TX,Texas,1,Electric Utility,ORW,other renewables,0.0,thousand megawatthours,2023,11
TX,Texas,1,Electric Utility,OTH,other,-0.069,thousand megawatthours,2023,11
TX,Texas,1,Electric Utility,PEL,petroleum liquids,3.01388,thousand megawatthours,2023,11
TX,Texas,1,Electric Utility,PET,petroleum,3.01388,thousand megawatthours,2023,11
TX,Texas,1,Electric Utility,RC,refined coal,0.0,thousand megawatthours,2023,11
TX,Texas,1,Electric Utility,REN,renewable,40.961,thousand megawatthours,2023,11
TX,Texas,1,Electric Utility,RFO,residual fuel oil,0.0,thousand megawatthours,2023,11
TX,Texas,1,Electric Utility,SPV,solar photovoltaic,0.615,thousand megawatthours,2023,11
TX,Texas,1,Electric Utility,SUB,subbituminous coal,1169.6452,thousand megawatthours,2023,11
TX,Texas,1,Electric Utility,SUN,solar,0.615,thousand megawatthours,2023,11
TX,Texas,1,Electric Utility,TPV,estimated total solar photovoltaic,0.615,thousand megawatthours,2023,11
TX,Texas,1,Electric Utility,TSN,estimated total solar,0.615,thousand megawatthours,2023,11
TX,Texas,1,Electric Utility,WAS,renewable waste products,0.0,thousand megawatthours,2023,11
TX,Texas,1,Electric Utility,WND,wind,14.03,thousand megawatthours,2023,11
TX,Texas,1,Electric Utility,WNT,onshore wind turbine,14.03,thousand megawatthours,2023,11
TX,Texas,1,Electric Utility,WOO,waste oil and other oils,0.0,thousand megawatthours,2023,11
TX,Texas,1,Electric Utility,WWW,wood and wood wastes,3.437,thousand megawatthours,2023,11
CA,California,1,Electric Utility,ALL,all fuels,5322.44432,thousand megawatthours,2023,10
CA,California,1,Electric Utility,AOR,all renewables,97.41502,thousand megawatthours,2023,10
CA,California,1,Electric Utility,BIO,biomass,4.64102,thousand megawatthours,2023,10
CA,California,1,Electric Utility,DFO,distillate fuel oil,2.49208,thousand megawatthours,2023,10
CA,California,1,Electric Utility,DPV,estimated small scale solar photovoltaic,0.0,thousand megawatthours,2023,10
CA,California,1,Electric Utility,FOS,fossil fuels,2624.2563,thousand megawatthours,2023,10
CA,California,1,Electric Utility,GEO,geothermal,35.735,thousand megawatthours,2023,10
CA,California,1,Electric Utility,HPS,hydro-electric pumped storage,28.577,thousand megawatthours,2023,10
CA,California,1,Electric Utility,HYC,conventional hydroelectric,1799.313,thousand megawatthours,2023,10
CA,California,1,Electric Utility,LFG,landfill gas,0.23984,thousand megawatthours,2023,10
CA,California,1,Electric Utility,MLG,municiapl landfill gas,0.23984,thousand megawatthours,2023,10
CA,California,1,Electric Utility,NG,natural gas,2621.60622,thousand megawatthours,2023,10
CA,California,1,Electric Utility,NGO,natural gas & other gases,2621.60622,thousand megawatthours,2023,10
CA,California,1,Electric Utility,NUC,nuclear,775.964,thousand megawatthours,2023,10
CA,California,1,Electric Utility,OB2,biomass,4.40118,thousand megawatthours,2023,10
CA,California,1,Electric Utility,OBW,biomass,4.40118,thousand megawatthours,2023,10
CA,California,1,Electric Utility,OOG,other gases,0.0,thousand megawatthours,2023,10
CA,California,1,Electric Utility,ORW,other renewables,4.40118,thousand megawatthours,2023,10
CA,California,1,Electric Utility,OTH,other,-3.081,thousand megawatthours,2023,10
CA,California,1,Electric Utility,PEL,petroleum liquids,2.65008,thousand megawatthours,2023,10
CA,California,1,Electric Utility,PET,petroleum,2.65008,thousand megawatthours,2023,10
CA,California,1,Electric Utility,REN,renewable,1896.72802,thousand megawatthours,2023,10
CA,California,1,Electric Utility,RFO,residual fuel oil,0.0,thousand megawatthours,2023,10
CA,California,1,Electric Utility,SPV,solar photovoltaic,30.014,thousand megawatthours,2023,10
CA,California,1,Electric Utility,SUN,solar,30.014,thousand megawatthours,2023,10
CA,California,1,Electric Utility,TPV,estimated total solar photovoltaic,30.014,thousand megawatthours,2023,10
CA,California,1,Electric Utility,TSN,estimated total solar,30.014,thousand megawatthours,2023,10
CA,California,1,Electric Utility,WAS,renewable waste products,4.64102,thousand megawatthours,2023,10
CA,California,1,Electric Utility,WND,wind,27.025,thousand megawatthours,2023,10
CA,California,1,Electric Utility,WNT,onshore wind turbine,27.025,thousand megawatthours,2023,10
CA,California,1,Electric Utility,WOO,waste oil and other oils,0.158,thousand megawatthours,2023,10
CO,Colorado,1,Electric Utility,ALL,all fuels,3057.67171,thousand megawatthours,2023,10
CO,Colorado,1,Electric Utility,AOR,all renewables,342.573,thousand megawatthours,2023,10
CO,Colorado,1,Electric Utility,BIS,bituminous coal and synthetic coal,188.80165,thousand megawatthours,2023,10
CO,Colorado,1,Electric Utility,BIT,bituminous coal,188.80165,thousand megawatthours,2023,10
CO,Colorado,1,Electric Utility,COL,"coal, excluding waste coal",1685.07764,thousand megawatthours,2023,10
CO,Colorado,1,Electric Utility,COW,all coal products,1685.07764,thousand megawatthours,2023,10
CO,Colorado,1,Electric Utility,DFO,distillate fuel oil,4.16832,thousand megawatthours,2023,10
CO,Colorado,1,Electric Utility,DPV,estimated small scale solar photovoltaic,0.0,thousand megawatthours,2023,10
CO,Colorado,1,Electric Utility,FOS,fossil fuels,2647.50771,thousand megawatthours,2023,10
CO,Colorado,1,Electric Utility,HPS,hydro-electric pumped storage,2.327,thousand megawatthours,2023,10
CO,Colorado,1,Electric Utility,HYC,conventional hydroelectric,65.284,thousand megawatthours,2023,10
CO,Colorado,1,Electric Utility,NG,natural gas,958.26175,thousand megawatthours,2023,10
CO,Colorado,1,Electric Utility,NGO,natural gas & other gases,958.26175,thousand megawatthours,2023,10
CO,Colorado,1,Electric Utility,OTH,other,-0.02,thousand megawatthours,2023,10
CO,Colorado,1,Electric Utility,PEL,petroleum liquids,4.16832,thousand megawatthours,2023,10
CO,Colorado,1,Electric Utility,PET,petroleum,4.16832,thousand megawatthours,2023,10
CO,Colorado,1,Electric Utility,REN,renewable,407.857,thousand megawatthours,2023,10
CO,Colorado,1,Electric Utility,SPV,solar photovoltaic,1.096,thousand megawatthours,2023,10
CO,Colorado,1,Electric Utility,SUB,subbituminous coal,1496.27599,thousand megawatthours,2023,10
CO,Colorado,1,Electric Utility,SUN,solar,1.096,thousand megawatthours,2023,10
CO,Colorado,1,Electric Utility,TPV,estimated total solar photovoltaic,1.096,thousand megawatthours,2023,10
CO,Colorado,1,Electric Utility,TSN,estimated total solar,1.096,thousand megawatthours,2023,10
CO,Colorado,1,Electric Utility,WND,wind,341.477,thousand megawatthours,2023,10
CO,Colorado,1,Electric Utility,WNT,onshore wind turbine,341.477,thousand megawatthours,2023,10
IL,Illinois,1,Electric Utility,ALL,all fuels,370.86152,thousand megawatthours,2023,10
IL,Illinois,1,Electric Utility,AOR,all renewables,7.37674,thousand megawatthours,2023,10
IL,Illinois,1,Electric Utility,BIO,biomass,6.49774,thousand megawatthours,2023,10
IL,Illinois,1,Electric Utility,BIS,bituminous coal and synthetic coal,64.38581,thousand megawatthours,2023,10
IL,Illinois,1,Electric Utility,BIT,bituminous coal,64.38581,thousand megawatthours,2023,10
IL,Illinois,1,Electric Utility,COL,"coal, excluding waste coal",64.38581,thousand megawatthours,2023,10
IL,Illinois,1,Electric Utility,COW,all coal products,64.38581,thousand megawatthours,2023,10
IL,Illinois,1,Electric Utility,DFO,distillate fuel oil,0.44423,thousand megawatthours,2023,10
IL,Illinois,1,Electric Utility,DPV,estimated small scale solar photovoltaic,0.0,thousand megawatthours,2023,10
IL,Illinois,1,Electric Utility,FOS,fossil fuels,357.75578,thousand megawatthours,2023,10
IL,Illinois,1,Electric Utility,HYC,conventional hydroelectric,5.731,thousand megawatthours,2023,10
IL,Illinois,1,Electric Utility,LFG,landfill gas,6.49774,thousand megawatthours,2023,10
IL,Illinois,1,Electric Utility,MLG,municiapl landfill gas,6.49774,thousand megawatthours,2023,10
IL,Illinois,1,Electric Utility,NG,natural gas,292.92574,thousand megawatthours,2023,10
IL,Illinois,1,Electric Utility,NGO,natural gas & other gases,292.92574,thousand megawatthours,2023,10
IL,Illinois,1,Electric Utility,OTH,other,-0.002,thousand megawatthours,2023,10
IL,Illinois,1,Electric Utility,PC,petroleum coke,0.0,thousand megawatthours,2023,10
IL,Illinois,1,Electric Utility,PEL,petroleum liquids,0.44423,thousand megawatthours,2023,10
IL,Illinois,1,Electric Utility,PET,petroleum,0.44423,thousand megawatthours,2023,10
IL,Illinois,1,Electric Utility,REN,renewable,13.10774,thousand megawatthours,2023,10
IL,Illinois,1,Electric Utility,SPV,solar photovoltaic,0.156,thousand megawatthours,2023,10
IL,Illinois,1,Electric Utility,SUB,subbituminous coal,0.0,thousand megawatthours,2023,10
IL,Illinois,1,Electric Utility,SUN,solar,0.156,thousand megawatthours,2023,10
IL,Illinois,1,Electric Utility,TPV,estimated total solar photovoltaic,0.156,thousand megawatthours,2023,10
IL,Illinois,1,Electric Utility,TSN,estimated total solar,0.156,thousand megawatthours,2023,10
IL,Illinois,1,Electric Utility,WAS,renewable waste products,6.49774,thousand megawatthours,2023,10
IL,Illinois,1,Electric Utility,WND,wind,0.723,thousand megawatthours,2023,10
IL,Illinois,1,Electric Utility,WNT,onshore wind turbine,0.723,thousand megawatthours,2023,10
IL,Illinois,1,Electric Utility,WOO,waste oil and other oils,0.0,thousand megawatthours,2023,10
NY,New York,1,Electric Utility,ALL,all fuels,2802.11373,thousand megawatthours,2023,10
NY,New York,1,Electric Utility,AOR,all renewables,23.11,thousand megawatthours,2023,10
NY,New York,1,Electric Utility,BIS,bituminous coal and synthetic coal,0.0,thousand megawatthours,2023,10
NY,New York,1,Electric Utility,BIT,bituminous coal,0.0,thousand megawatthours,2023,10
NY,New York,1,Electric Utility,COL,"coal, excluding waste coal",0.0,thousand megawatthours,2023,10
NY,New York,1,Electric Utility,COW,all coal products,0.0,thousand megawatthours,2023,10
NY,New York,1,Electric Utility,DFO,distillate fuel oil,1.20076,thousand megawatthours,2023,10
NY,New York,1,Electric Utility,DPV,estimated small scale solar photovoltaic,0.0,thousand megawatthours,2023,10
NY,New York,1,Electric Utility,FOS,fossil fuels,891.33973,thousand megawatthours,2023,10
NY,New York,1,Electric Utility,HPS,hydro-electric pumped storage,-34.344,thousand megawatthours,2023,10
NY,New York,1,Electric Utility,HYC,conventional hydroelectric,1922.028,thousand megawatthours,2023,10
NY,New York,1,Electric Utility,NG,natural gas,888.8677,thousand megawatthours,2023,10
NY,New York,1,Electric Utility,NGO,natural gas & other gases,888.8677,thousand megawatthours,2023,10
NY,New York,1,Electric Utility,OTH,other,-0.02,thousand megawatthours,2023,10
NY,New York,1,Electric Utility,PEL,petroleum liquids,2.47202,thousand megawatthours,2023,10
NY,New York,1,Electric Utility,PET,petroleum,2.47202,thousand megawatthours,2023,10
NY,New York,1,Electric Utility,REN,renewable,1945.138,thousand megawatthours,2023,10
NY,New York,1,Electric Utility,RFO,residual fuel oil,0.0,thousand megawatthours,2023,10
NY,New York,1,Electric Utility,TPV,estimated total solar photovoltaic,0.0,thousand megawatthours,2023,10
NY,New York,1,Electric Utility,TSN,estimated total solar,0.0,thousand megawatthours,2023,10
NY,New York,1,Electric Utility,WND,wind,23.11,thousand megawatthours,2023,10
NY,New York,1,Electric Utility,WNT,onshore wind turbine,23.11,thousand megawatthours,2023,10
NY,New York,1,Electric Utility,WOO,waste oil and other oils,1.27126,thousand megawatthours,2023,10
TX,Texas,1,Electric Utility,ALL,all fuels,6227.77368,thousand megawatthours,2023,10
TX,Texas,1,Electric Utility,AOR,all renewables,25.989,thousand megawatthours,2023,10
TX,Texas,1,Electric Utility,BIO,biomass,10.589,thousand megawatthours,2023,10
TX,Texas,1,Electric Utility,COL,"coal, excluding waste coal",1768.10425,thousand megawatthours,2023,10
TX,Texas,1,Electric Utility,COW,all coal products,1768.10425,thousand megawatthours,2023,10
TX,Texas,1,Electric Utility,DFO,distillate fuel oil,9.4043,thousand megawatthours,2023,10
TX,Texas,1,Electric Utility,DPV,estimated small scale solar photovoltaic,0.0,thousand megawatthours,2023,10
TX,Texas,1,Electric Utility,FOS,fossil fuels,6175.20168,thousand megawatthours,2023,10
TX,Texas,1,Electric Utility,HYC,conventional hydroelectric,26.657,thousand megawatthours,2023,10
TX,Texas,1,Electric Utility,LIG,lignite coal,98.65298,thousand megawatthours,2023,10
TX,Texas,1,Electric Utility,NG,natural gas,4397.69313,thousand megawatthours,2023,10
TX,Texas,1,Electric Utility,NGO,natural gas & other gases,4397.69313,thousand megawatthours,2023,10
TX,Texas,1,Electric Utility,OB2,biomass,0.0,thousand megawatthours,2023,10
TX,Texas,1,Electric Utility,OBW,biomass,0.0,thousand megawatthours,2023,10
TX,Texas,1,Electric Utility,ORW,other renewables,0.0,thousand megawatthours,2023,10
TX,Texas,1,Electric Utility,OTH,other,-0.074,thousand megawatthours,2023,10
TX,Texas,1,Electric Utility,PEL,petroleum liquids,9.4043,thousand megawatthours,2023,10
TX,Texas,1,Electric Utility,PET,petroleum,9.4043,thousand megawatthours,2023,10
TX,Texas,1,Electric Utility,RC,refined coal,0.0,thousand megawatthours,2023,10
TX,Texas,1,Electric Utility,REN,renewable,52.646,thousand megawatthours,2023,10
TX,Texas,1,Electric Utility,RFO,residual fuel oil,0.0,thousand megawatthours,2023,10
TX,Texas,1,Electric Utility,SPV,solar photovoltaic,0.84,thousand megawatthours,2023,10
TX,Texas,1,Electric Utility,SUB,subbituminous coal,1669.45128,thousand megawatthours,2023,10
TX,Texas,1,Electric Utility,SUN,solar,0.84,thousand megawatthours,2023,10
TX,Texas,1,Electric Utility,TPV,estimated total solar photovoltaic,0.84,thousand megawatthours,2023,10
TX,Texas,1,Electric Utility,TSN,estimated total solar,0.84,thousand megawatthours,2023,10
TX,Texas,1,Electric Utility,WAS,renewable waste products,0.0,thousand megawatthours,2023,10
TX,Texas,1,Electric Utility,WND,wind,14.56,thousand megawatthours,2023,10
TX,Texas,1,Electric Utility,WNT,onshore wind turbine,14.56,thousand megawatthours,2023,10
TX,Texas,1,Electric Utility,WOO,waste oil and other oils,0.0,thousand megawatthours,2023,10
TX,Texas,1,Electric Utility,WWW,wood and wood wastes,10.589,thousand megawatthours,2023,10
CA,California,1,Electric Utility,ALL,all fuels,6842.04032,thousand megawatthours,2023,9
CA,California,1,Electric Utility,AOR,all renewables,139.99937,thousand megawatthours,2023,9
CA,California,1,Electric Utility,BIO,biomass,4.30937,thousand megawatthours,2023,9
CA,California,1,Electric Utility,DFO,distillate fuel oil,2.48109,thousand megawatthours,2023,9
CA,California,1,Electric Utility,DPV,estimated small scale solar photovoltaic,0.0,thousand megawatthours,2023,9
CA,California,1,Electric Utility,FOS,fossil fuels,2379.02195,thousand megawatthours,2023,9
CA,California,1,Electric Utility,GEO,geothermal,42.425,thousand megawatthours,2023,9
CA,California,1,Electric Utility,HPS,hydro-electric pumped storage,57.713,thousand megawatthours,2023,9
CA,California,1,Electric Utility,HYC,conventional hydroelectric,2718.422,thousand megawatthours,2023,9
CA,California,1,Electric Utility,LFG,landfill gas,0.25444,thousand megawatthours,2023,9
CA,California,1,Electric Utility,MLG,municiapl landfill gas,0.25444,thousand megawatthours,2023,9
CA,California,1,Electric Utility,NG,natural gas,2376.37786,thousand megawatthours,2023,9
CA,California,1,Electric Utility,NGO,natural gas & other gases,2376.37786,thousand megawatthours,2023,9
CA,California,1,Electric Utility,NUC,nuclear,1550.608,thousand megawatthours,2023,9
CA,California,1,Electric Utility,OB2,biomass,4.05493,thousand megawatthours,2023,9
CA,California,1,Electric Utility,OBW,biomass,4.05493,thousand megawatthours,2023,9
CA,California,1,Electric Utility,OOG,other gases,0.0,thousand megawatthours,2023,9
CA,California,1,Electric Utility,ORW,other renewables,4.05493,thousand megawatthours,2023,9
CA,California,1,Electric Utility,OTH,other,-3.724,thousand megawatthours,2023,9
CA,California,1,Electric Utility,PEL,petroleum liquids,2.64409,thousand megawatthours,2023,9
CA,California,1,Electric Utility,PET,petroleum,2.64409,thousand megawatthours,2023,9
CA,California,1,Electric Utility,REN,renewable,2858.42137,thousand megawatthours,2023,9
CA,California,1,Electric Utility,RFO,residual fuel oil,0.0,thousand megawatthours,2023,9
CA,California,1,Electric Utility,SPV,solar photovoltaic,32.216,thousand megawatthours,2023,9
CA,California,1,Electric Utility,SUN,solar,32.216,thousand megawatthours,2023,9
CA,California,1,Electric Utility,TPV,estimated total solar photovoltaic,32.216,thousand megawatthours,2023,9
CA,California,1,Electric Utility,TSN,estimated total solar,32.216,thousand megawatthours,2023,9
CA,California,1,Electric Utility,WAS,renewable waste products,4.30937,thousand megawatthours,2023,9
CA,California,1,Electric Utility,WND,wind,61.049,thousand megawatthours,2023,9
CA,California,1,Electric Utility,WNT,onshore wind turbine,61.049,thousand megawatthours,2023,9
CA,California,1,Electric Utility,WOO,waste oil and other oils,0.163,thousand megawatthours,2023,9
CO,Colorado,1,Electric Utility,ALL,all fuels,3254.84336,thousand megawatthours,2023,9
CO,Colorado,1,Electric Utility,AOR,all renewables,301.113,thousand megawatthours,2023,9
CO,Colorado,1,Electric Utility,BIS,bituminous coal and synthetic coal,196.07445,thousand megawatthours,2023,9
CO,Colorado,1,Electric Utility,BIT,bituminous coal,196.07445,thousand megawatthours,2023,9
CO,Colorado,1,Electric Utility,COL,"coal, excluding waste coal",1702.11772,thousand megawatthours,2023,9
CO,Colorado,1,Electric Utility,COW,all coal products,1702.11772,thousand megawatthours,2023,9
CO,Colorado,1,Electric Utility,DFO,distillate fuel oil,7.02072,thousand megawatthours,2023,9
CO,Colorado,1,Electric Utility,DPV,estimated small scale solar photovoltaic,0.0,thousand megawatthours,2023,9
CO,Colorado,1,Electric Utility,FOS,fossil fuels,2805.33636,thousand megawatthours,2023,9
CO,Colorado,1,Electric Utility,HPS,hydro-electric pumped storage,2.928,thousand megawatthours,2023,9
CO,Colorado,1,Electric Utility,HYC,conventional hydroelectric,145.477,thousand megawatthours,2023,9
CO,Colorado,1,Electric Utility,NG,natural gas,1096.19793,thousand megawatthours,2023,9
CO,Colorado,1,Electric Utility,NGO,natural gas & other gases,1096.19793,thousand megawatthours,2023,9
CO,Colorado,1,Electric Utility,OTH,other,-0.011,thousand megawatthours,2023,9
CO,Colorado,1,Electric Utility,PEL,petroleum liquids,7.02072,thousand megawatthours,2023,9
CO,Colorado,1,Electric Utility,PET,petroleum,7.02072,thousand megawatthours,2023,9
CO,Colorado,1,Electric Utility,REN,renewable,446.59,thousand megawatthours,2023,9
CO,Colorado,1,Electric Utility,SPV,solar photovoltaic,1.32,thousand megawatthours,2023,9
CO,Colorado,1,Electric Utility,SUB,subbituminous coal,1506.04327,thousand megawatthours,2023,9
CO,Colorado,1,Electric Utility,SUN,solar,1.32,thousand megawatthours,2023,9
CO,Colorado,1,Electric Utility,TPV,estimated total solar photovoltaic,1.32,thousand megawatthours,2023,9
CO,Colorado,1,Electric Utility,TSN,estimated total solar,1.32,thousand megawatthours,2023,9
CO,Colorado,1,Electric Utility,WND,wind,299.793,thousand megawatthours,2023,9
CO,Colorado,1,Electric Utility,WNT,onshore wind turbine,299.793,thousand megawatthours,2023,9
IL,Illinois,1,Electric Utility,ALL,all fuels,381.95307,thousand megawatthours,2023,9
IL,Illinois,1,Electric Utility,AOR,all renewables,6.56491,thousand megawatthours,2023,9
IL,Illinois,1,Electric Utility,BIO,biomass,5.84291,thousand megawatthours,2023,9
IL,Illinois,1,Electric Utility,BIS,bituminous coal and synthetic coal,136.91521,thousand megawatthours,2023,9
IL,Illinois,1,Electric Utility,BIT,bituminous coal,136.91521,thousand megawatthours,2023,9
IL,Illinois,1,Electric Utility,COL,"coal, excluding waste coal",136.91521,thousand megawatthours,2023,9
IL,Illinois,1,Electric Utility,COW,all coal products,136.91521,thousand megawatthours,2023,9
IL,Illinois,1,Electric Utility,DFO,distillate fuel oil,0.37707,thousand megawatthours,2023,9
IL,Illinois,1,Electric Utility,DPV,estimated small scale solar photovoltaic,0.0,thousand megawatthours,2023,9
IL,Illinois,1,Electric Utility,FOS,fossil fuels,369.01916,thousand megawatthours,2023,9
IL,Illinois,1,Electric Utility,HYC,conventional hydroelectric,6.372,thousand megawatthours,2023,9
IL,Illinois,1,Electric Utility,LFG,landfill gas,5.84291,thousand megawatthours,2023,9
IL,Illinois,1,Electric Utility,MLG,municiapl landfill gas,5.84291,thousand megawatthours,2023,9
IL,Illinois,1,Electric Utility,NG,natural gas,231.72688,thousand megawatthours,2023,9
IL,Illinois,1,Electric Utility,NGO,natural gas & other gases,231.72688,thousand megawatthours,2023,9
IL,Illinois,1,Electric Utility,OTH,other,-0.003,thousand megawatthours,2023,9
IL,Illinois,1,Electric Utility,PC,petroleum coke,0.0,thousand megawatthours,2023,9
IL,Illinois,1,Electric Utility,PEL,petroleum liquids,0.37707,thousand megawatthours,2023,9
IL,Illinois,1,Electric Utility,PET,petroleum,0.37707,thousand megawatthours,2023,9
IL,Illinois,1,Electric Utility,REN,renewable,12.93691,thousand megawatthours,2023,9
IL,Illinois,1,Electric Utility,SPV,solar photovoltaic,0.191,thousand megawatthours,2023,9
IL,Illinois,1,Electric Utility,SUB,subbituminous coal,0.0,thousand megawatthours,2023,9
IL,Illinois,1,Electric Utility,SUN,solar,0.191,thousand megawatthours,2023,9
IL,Illinois,1,Electric Utility,TPV,estimated total solar photovoltaic,0.191,thousand megawatthours,2023,9
IL,Illinois,1,Electric Utility,TSN,estimated total solar,0.191,thousand megawatthours,2023,9
IL,Illinois,1,Electric Utility,WAS,renewable waste products,5.84291,thousand megawatthours,2023,9
IL,Illinois,1,Electric Utility,WND,wind,0.531,thousand megawatthours,2023,9
IL,Illinois,1,Electric Utility,WNT,onshore wind turbine,0.531,thousand megawatthours,2023,9
IL,Illinois,1,Electric Utility,WOO,waste oil and other oils,0.0,thousand megawatthours,2023,9
NY,New York,1,Electric Utility,ALL,all fuels,2810.37002,thousand megawatthours,2023,9
NY,New York,1,Electric Utility,AOR,all renewables,12.284,thousand megawatthours,2023,9
NY,New York,1,Electric Utility,BIS,bituminous coal and synthetic coal,0.0,thousand megawatthours,2023,9
NY,New York,1,Electric Utility,BIT,bituminous coal,0.0,thousand megawatthours,2023,9
NY,New York,1,Electric Utility,COL,"coal, excluding waste coal",0.0,thousand megawatthours,2023,9
NY,New York,1,Electric Utility,COW,all coal products,0.0,thousand megawatthours,2023,9
NY,New York,1,Electric Utility,DFO,distillate fuel oil,0.83615,thousand megawatthours,2023,9
NY,New York,1,Electric Utility,DPV,estimated small scale solar photovoltaic,0.0,thousand megawatthours,2023,9
NY,New York,1,Electric Utility,FOS,fossil fuels,951.57202,thousand megawatthours,2023,9
NY,New York,1,Electric Utility,HPS,hydro-electric pumped storage,-44.66,thousand megawatthours,2023,9
NY,New York,1,Electric Utility,HYC,conventional hydroelectric,1891.198,thousand megawatthours,2023,9
NY,New York,1,Electric Utility,NG,natural gas,942.13778,thousand megawatthours,2023,9
NY,New York,1,Electric Utility,NGO,natural gas & other gases,942.13778,thousand megawatthours,2023,9
NY,New York,1,Electric Utility,OTH,other,-0.024,thousand megawatthours,2023,9
NY,New York,1,Electric Utility,PEL,petroleum liquids,9.43424,thousand megawatthours,2023,9
NY,New York,1,Electric Utility,PET,petroleum,9.43424,thousand megawatthours,2023,9
NY,New York,1,Electric Utility,REN,renewable,1903.482,thousand megawatthours,2023,9
NY,New York,1,Electric Utility,RFO,residual fuel oil,6.21797,thousand megawatthours,2023,9
NY,New York,1,Electric Utility,TPV,estimated total solar photovoltaic,0.0,thousand megawatthours,2023,9
NY,New York,1,Electric Utility,TSN,estimated total solar,0.0,thousand megawatthours,2023,9
NY,New York,1,Electric Utility,WND,wind,12.284,thousand megawatthours,2023,9
NY,New York,1,Electric Utility,WNT,onshore wind turbine,12.284,thousand megawatthours,2023,9
NY,New York,1,Electric Utility,WOO,waste oil and other oils,2.38012,thousand megawatthours,2023,9
TX,Texas,1,Electric Utility,ALL,all fuels,9081.27634,thousand megawatthours,2023,9
TX,Texas,1,Electric Utility,AOR,all renewables,63.655,thousand megawatthours,2023,9
TX,Texas,1,Electric Utility,BIO,biomass,46.639,thousand megawatthours,2023,9
TX,Texas,1,Electric Utility,COL,"coal, excluding waste coal",2688.82216,thousand megawatthours,2023,9
TX,Texas,1,Electric Utility,COW,all coal products,2688.82216,thousand megawatthours,2023,9
TX,Texas,1,Electric Utility,DFO,distillate fuel oil,1.53928,thousand megawatthours,2023,9
TX,Texas,1,Electric Utility,DPV,estimated small scale solar photovoltaic,0.0,thousand megawatthours,2023,9
TX,Texas,1,Electric Utility,FOS,fossil fuels,8981.46234,thousand megawatthours,2023,9
TX,Texas,1,Electric Utility,HYC,conventional hydroelectric,36.235,thousand megawatthours,2023,9
TX,Texas,1,Electric Utility,LIG,lignite coal,173.68481,thousand megawatthours,2023,9
TX,Texas,1,Electric Utility,NG,natural gas,6291.1009,thousand megawatthours,2023,9
TX,Texas,1,Electric Utility,NGO,natural gas & other gases,6291.1009,thousand megawatthours,2023,9
TX,Texas,1,Electric Utility,OB2,biomass,0.0,thousand megawatthours,2023,9
TX,Texas,1,Electric Utility,OBW,biomass,0.0,thousand megawatthours,2023,9
TX,Texas,1,Electric Utility,ORW,other renewables,0.0,thousand megawatthours,2023,9
TX,Texas,1,Electric Utility,OTH,other,-0.076,thousand megawatthours,2023,9
TX,Texas,1,Electric Utility,PEL,petroleum liquids,1.53928,thousand megawatthours,2023,9
TX,Texas,1,Electric Utility,PET,petroleum,1.53928,thousand megawatthours,2023,9
TX,Texas,1,Electric Utility,RC,refined coal,0.0,thousand megawatthours,2023,9
TX,Texas,1,Electric Utility,REN,renewable,99.89,thousand megawatthours,2023,9
TX,Texas,1,Electric Utility,RFO,residual fuel oil,0.0,thousand megawatthours,2023,9
TX,Texas,1,Electric Utility,SPV,solar photovoltaic,1.205,thousand megawatthours,2023,9
TX,Texas,1,Electric Utility,SUB,subbituminous coal,2515.13736,thousand megawatthours,2023,9
TX,Texas,1,Electric Utility,SUN,solar,1.205,thousand megawatthours,2023,9
TX,Texas,1,Electric Utility,TPV,estimated total solar photovoltaic,1.205,thousand megawatthours,2023,9
TX,Texas,1,Electric Utility,TSN,estimated total solar,1.205,thousand megawatthours,2023,9
TX,Texas,1,Electric Utility,WAS,renewable waste products,0.0,thousand megawatthours,2023,9
TX,Texas,1,Electric Utility,WND,wind,15.811,thousand megawatthours,2023,9
TX,Texas,1,Electric Utility,WNT,onshore wind turbine,15.811,thousand megawatthours,2023,9
TX,Texas,1,Electric Utility,WOO,waste oil and other oils,0.0,thousand megawatthours,2023,9
TX,Texas,1,Electric Utility,WWW,wood and wood wastes,46.639,thousand megawatthours,2023,9
CA,California,1,Electric Utility,ALL,all fuels,8472.31492,thousand megawatthours,2023,8
CA,California,1,Electric Utility,AOR,all renewables,165.46375,thousand megawatthours,2023,8
CA,California,1,Electric Utility,BIO,biomass,3.44875,thousand megawatthours,2023,8
CA,California,1,Electric Utility,DFO,distillate fuel oil,2.90093,thousand megawatthours,2023,8
CA,California,1,Electric Utility,DPV,estimated small scale solar photovoltaic,0.0,thousand megawatthours,2023,8
CA,California,1,Electric Utility,FOS,fossil fuels,3560.37417,thousand megawatthours,2023,8
CA,California,1,Electric Utility,GEO,geothermal,62.723,thousand megawatthours,2023,8
CA,California,1,Electric Utility,HPS,hydro-electric pumped storage,36.174,thousand megawatthours,2023,8
CA,California,1,Electric Utility,HYC,conventional hydroelectric,3056.213,thousand megawatthours,2023,8
CA,California,1,Electric Utility,LFG,landfill gas,0.27305,thousand megawatthours,2023,8
CA,California,1,Electric Utility,MLG,municiapl landfill gas,0.27305,thousand megawatthours,2023,8
CA,California,1,Electric Utility,NG,natural gas,3557.34424,thousand megawatthours,2023,8
CA,California,1,Electric Utility,NGO,natural gas & other gases,3557.34424,thousand megawatthours,2023,8
CA,California,1,Electric Utility,NUC,nuclear,1657.704,thousand megawatthours,2023,8
CA,California,1,Electric Utility,OB2,biomass,3.1757,thousand megawatthours,2023,8
CA,California,1,Electric Utility,OBW,biomass,3.1757,thousand megawatthours,2023,8
CA,California,1,Electric Utility,OOG,other gases,0.0,thousand megawatthours,2023,8
CA,California,1,Electric Utility,ORW,other renewables,3.1757,thousand megawatthours,2023,8
CA,California,1,Electric Utility,OTH,other,-3.614,thousand megawatthours,2023,8
CA,California,1,Electric Utility,PEL,petroleum liquids,3.02993,thousand megawatthours,2023,8
CA,California,1,Electric Utility,PET,petroleum,3.02993,thousand megawatthours,2023,8
CA,California,1,Electric Utility,REN,renewable,3221.67675,thousand megawatthours,2023,8
CA,California,1,Electric Utility,RFO,residual fuel oil,0.0,thousand megawatthours,2023,8
CA,California,1,Electric Utility,SPV,solar photovoltaic,36.043,thousand megawatthours,2023,8
CA,California,1,Electric Utility,SUN,solar,36.043,thousand megawatthours,2023,8
CA,California,1,Electric Utility,TPV,estimated total solar photovoltaic,36.043,thousand megawatthours,2023,8
CA,California,1,Electric Utility,TSN,estimated total solar,36.043,thousand megawatthours,2023,8
CA,California,1,Electric Utility,WAS,renewable waste products,3.44875,thousand megawatthours,2023,8
CA,California,1,Electric Utility,WND,wind,63.249,thousand megawatthours,2023,8
CA,California,1,Electric Utility,WNT,onshore wind turbine,63.249,thousand megawatthours,2023,8
CA,California,1,Electric Utility,WOO,waste oil and other oils,0.129,thousand megawatthours,2023,8
CO,Colorado,1,Electric Utility,ALL,all fuels,3986.59962,thousand megawatthours,2023,8
CO,Colorado,1,Electric Utility,AOR,all renewables,347.733,thousand megawatthours,2023,8
CO,Colorado,1,Electric Utility,BIS,bituminous coal and synthetic coal,241.9497,thousand megawatthours,2023,8
CO,Colorado,1,Electric Utility,BIT,bituminous coal,241.9497,thousand megawatthours,2023,8
CO,Colorado,1,Electric Utility,COL,"coal, excluding waste coal",1838.21827,thousand megawatthours,2023,8
CO,Colorado,1,Electric Utility,COW,all coal products,1838.21827,thousand megawatthours,2023,8
CO,Colorado,1,Electric Utility,DFO,distillate fuel oil,2.78765,thousand megawatthours,2023,8
CO,Colorado,1,Electric Utility,DPV,estimated small scale solar photovoltaic,0.0,thousand megawatthours,2023,8
CO,Colorado,1,Electric Utility,FOS,fossil fuels,3457.47262,thousand megawatthours,2023,8
CO,Colorado,1,Electric Utility,HPS,hydro-electric pumped storage,3.619,thousand megawatthours,2023,8
CO,Colorado,1,Electric Utility,HYC,conventional hydroelectric,177.789,thousand megawatthours,2023,8
CO,Colorado,1,Electric Utility,NG,natural gas,1616.4667,thousand megawatthours,2023,8
CO,Colorado,1,Electric Utility,NGO,natural gas & other gases,1616.4667,thousand megawatthours,2023,8
CO,Colorado,1,Electric Utility,OTH,other,-0.014,thousand megawatthours,2023,8
CO,Colorado,1,Electric Utility,PEL,petroleum liquids,2.78765,thousand megawatthours,2023,8
CO,Colorado,1,Electric Utility,PET,petroleum,2.78765,thousand megawatthours,2023,8
CO,Colorado,1,Electric Utility,REN,renewable,525.522,thousand megawatthours,2023,8
CO,Colorado,1,Electric Utility,SPV,solar photovoltaic,1.438,thousand megawatthours,2023,8
CO,Colorado,1,Electric Utility,SUB,subbituminous coal,1596.26857,thousand megawatthours,2023,8
CO,Colorado,1,Electric Utility,SUN,solar,1.438,thousand megawatthours,2023,8
CO,Colorado,1,Electric Utility,TPV,estimated total solar photovoltaic,1.438,thousand megawatthours,2023,8
CO,Colorado,1,Electric Utility,TSN,estimated total solar,1.438,thousand megawatthours,2023,8
CO,Colorado,1,Electric Utility,WND,wind,346.295,thousand megawatthours,2023,8
CO,Colorado,1,Electric Utility,WNT,onshore wind turbine,346.295,thousand megawatthours,2023,8
IL,Illinois,1,Electric Utility,ALL,all fuels,447.48736,thousand megawatthours,2023,8
IL,Illinois,1,Electric Utility,AOR,all renewables,7.53984,thousand megawatthours,2023,8
IL,Illinois,1,Electric Utility,BIO,biomass,6.79084,thousand megawatthours,2023,8
IL,Illinois,1,Electric Utility,BIS,bituminous coal and synthetic coal,137.38213,thousand megawatthours,2023,8
IL,Illinois,1,Electric Utility,BIT,bituminous coal,137.38213,thousand megawatthours,2023,8
IL,Illinois,1,Electric Utility,COL,"coal, excluding waste coal",137.38213,thousand megawatthours,2023,8
IL,Illinois,1,Electric Utility,COW,all coal products,137.38213,thousand megawatthours,2023,8
IL,Illinois,1,Electric Utility,DFO,distillate fuel oil,0.3585,thousand megawatthours,2023,8
IL,Illinois,1,Electric Utility,DPV,estimated small scale solar photovoltaic,0.0,thousand megawatthours,2023,8
IL,Illinois,1,Electric Utility,FOS,fossil fuels,433.37351,thousand megawatthours,2023,8
IL,Illinois,1,Electric Utility,HYC,conventional hydroelectric,6.577,thousand megawatthours,2023,8
IL,Illinois,1,Electric Utility,LFG,landfill gas,6.79084,thousand megawatthours,2023,8
IL,Illinois,1,Electric Utility,MLG,municiapl landfill gas,6.79084,thousand megawatthours,2023,8
IL,Illinois,1,Electric Utility,NG,natural gas,295.63289,thousand megawatthours,2023,8
IL,Illinois,1,Electric Utility,NGO,natural gas & other gases,295.63289,thousand megawatthours,2023,8
IL,Illinois,1,Electric Utility,OTH,other,-0.003,thousand megawatthours,2023,8
IL,Illinois,1,Electric Utility,PC,petroleum coke,0.0,thousand megawatthours,2023,8
IL,Illinois,1,Electric Utility,PEL,petroleum liquids,0.3585,thousand megawatthours,2023,8
IL,Illinois,1,Electric Utility,PET,petroleum,0.3585,thousand megawatthours,2023,8
IL,Illinois,1,Electric Utility,REN,renewable,14.11684,thousand megawatthours,2023,8
IL,Illinois,1,Electric Utility,SPV,solar photovoltaic,0.23,thousand megawatthours,2023,8
IL,Illinois,1,Electric Utility,SUB,subbituminous coal,0.0,thousand megawatthours,2023,8
IL,Illinois,1,Electric Utility,SUN,solar,0.23,thousand megawatthours,2023,8
IL,Illinois,1,Electric Utility,TPV,estimated total solar photovoltaic,0.23,thousand megawatthours,2023,8
IL,Illinois,1,Electric Utility,TSN,estimated total solar,0.23,thousand megawatthours,2023,8
IL,Illinois,1,Electric Utility,WAS,renewable waste products,6.79084,thousand megawatthours,2023,8
IL,Illinois,1,Electric Utility,WND,wind,0.519,thousand megawatthours,2023,8
IL,Illinois,1,Electric Utility,WNT,onshore wind turbine,0.519,thousand megawatthours,2023,8
IL,Illinois,1,Electric Utility,WOO,waste oil and other oils,0.0,thousand megawatthours,2023,8
NY,New York,1,Electric Utility,ALL,all fuels,3348.35697,thousand megawatthours,2023,8
NY,New York,1,Electric Utility,AOR,all renewables,16.563,thousand megawatthours,2023,8
NY,New York,1,Electric Utility,BIS,bituminous coal and synthetic coal,0.0,thousand megawatthours,2023,8
NY,New York,1,Electric Utility,BIT,bituminous coal,0.0,thousand megawatthours,2023,8
NY,New York,1,Electric Utility,COL,"coal, excluding waste coal",0.0,thousand megawatthours,2023,8
NY,New York,1,Electric Utility,COW,all coal products,0.0,thousand megawatthours,2023,8
NY,New York,1,Electric Utility,DFO,distillate fuel oil,,thousand megawatthours,2023,8
NY,New York,1,Electric Utility,DPV,estimated small scale solar photovoltaic,0.0,thousand megawatthours,2023,8
NY,New York,1,Electric Utility,FOS,fossil fuels,1364.14097,thousand megawatthours,2023,8
NY,New York,1,Electric Utility,HPS,hydro-electric pumped storage,-32.473,thousand megawatthours,2023,8
NY,New York,1,Electric Utility,HYC,conventional hydroelectric,2000.167,thousand megawatthours,2023,8
NY,New York,1,Electric Utility,NG,natural gas,1357.6876,thousand megawatthours,2023,8
NY,New York,1,Electric Utility,NGO,natural gas & other gases,1357.6876,thousand megawatthours,2023,8
NY,New York,1,Electric Utility,OTH,other,-0.041,thousand megawatthours,2023,8
NY,New York,1,Electric Utility,PEL,petroleum liquids,6.45337,thousand megawatthours,2023,8
NY,New York,1,Electric Utility,PET,petroleum,6.45337,thousand megawatthours,2023,8
NY,New York,1,Electric Utility,REN,renewable,2016.73,thousand megawatthours,2023,8
NY,New York,1,Electric Utility,RFO,residual fuel oil,2.46042,thousand megawatthours,2023,8
NY,New York,1,Electric Utility,TPV,estimated total solar photovoltaic,0.0,thousand megawatthours,2023,8
NY,New York,1,Electric Utility,TSN,estimated total solar,0.0,thousand megawatthours,2023,8
NY,New York,1,Electric Utility,WND,wind,16.563,thousand megawatthours,2023,8
NY,New York,1,Electric Utility,WNT,onshore wind turbine,16.563,thousand megawatthours,2023,8
NY,New York,1,Electric Utility,WOO,waste oil and other oils,3.75009,thousand megawatthours,2023,8
TX,Texas,1,Electric Utility,ALL,all fuels,11425.49277,thousand megawatthours,2023,8
TX,Texas,1,Electric Utility,AOR,all renewables,72.892,thousand megawatthours,2023,8
TX,Texas,1,Electric Utility,BIO,biomass,50.816,thousand megawatthours,2023,8
TX,Texas,1,Electric Utility,COL,"coal, excluding waste coal",3282.69085,thousand megawatthours,2023,8
TX,Texas,1,Electric Utility,COW,all coal products,3282.69085,thousand megawatthours,2023,8
TX,Texas,1,Electric Utility,DFO,distillate fuel oil,1.88736,thousand megawatthours,2023,8
TX,Texas,1,Electric Utility,DPV,estimated small scale solar photovoltaic,0.0,thousand megawatthours,2023,8
TX,Texas,1,Electric Utility,FOS,fossil fuels,11298.95777,thousand megawatthours,2023,8
TX,Texas,1,Electric Utility,HYC,conventional hydroelectric,53.727,thousand megawatthours,2023,8
TX,Texas,1,Electric Utility,LIG,lignite coal,193.62517,thousand megawatthours,2023,8
TX,Texas,1,Electric Utility,NG,natural gas,8014.37957,thousand megawatthours,2023,8
TX,Texas,1,Electric Utility,NGO,natural gas & other gases,8014.37957,thousand megawatthours,2023,8
TX,Texas,1,Electric Utility,OB2,biomass,0.0,thousand megawatthours,2023,8
TX,Texas,1,Electric Utility,OBW,biomass,0.0,thousand megawatthours,2023,8
TX,Texas,1,Electric Utility,ORW,other renewables,0.0,thousand megawatthours,2023,8
TX,Texas,1,Electric Utility,OTH,other,-0.084,thousand megawatthours,2023,8
TX,Texas,1,Electric Utility,PEL,petroleum liquids,1.88736,thousand megawatthours,2023,8
TX,Texas,1,Electric Utility,PET,petroleum,1.88736,thousand megawatthours,2023,8
TX,Texas,1,Electric Utility,RC,refined coal,0.0,thousand megawatthours,2023,8
TX,Texas,1,Electric Utility,REN,renewable,126.619,thousand megawatthours,2023,8
TX,Texas,1,Electric Utility,RFO,residual fuel oil,0.0,thousand megawatthours,2023,8
TX,Texas,1,Electric Utility,SPV,solar photovoltaic,1.413,thousand megawatthours,2023,8
TX,Texas,1,Electric Utility,SUB,subbituminous coal,3089.06568,thousand megawatthours,2023,8
TX,Texas,1,Electric Utility,SUN,solar,1.413,thousand megawatthours,2023,8
TX,Texas,1,Electric Utility,TPV,estimated total solar photovoltaic,1.413,thousand megawatthours,2023,8
TX,Texas,1,Electric Utility,TSN,estimated total solar,1.413,thousand megawatthours,2023,8
TX,Texas,1,Electric Utility,WAS,renewable waste products,0.0,thousand megawatthours,2023,8
TX,Texas,1,Electric Utility,WND,wind,20.663,thousand megawatthours,2023,8
TX,Texas,1,Electric Utility,WNT,onshore wind turbine,20.663,thousand megawatthours,2023,8
TX,Texas,1,Electric Utility,WOO,waste oil and other oils,0.0,thousand megawatthours,2023,8
TX,Texas,1,Electric Utility,WWW,wood and wood wastes,50.816,thousand megawatthours,2023,8
CA,California,1,Electric Utility,ALL,all fuels,8520.64315,thousand megawatthours,2023,7
CA,California,1,Electric Utility,AOR,all renewables,184.88409,thousand megawatthours,2023,7
CA,California,1,Electric Utility,BIO,biomass,4.58909,thousand megawatthours,2023,7
CA,California,1,Electric Utility,DFO,distillate fuel oil,2.92836,thousand megawatthours,2023,7
CA,California,1,Electric Utility,DPV,estimated small scale solar photovoltaic,0.0,thousand megawatthours,2023,7
CA,California,1,Electric Utility,FOS,fossil fuels,3291.05107,thousand megawatthours,2023,7
CA,California,1,Electric Utility,GEO,geothermal,63.78,thousand megawatthours,2023,7
CA,California,1,Electric Utility,HPS,hydro-electric pumped storage,22.905,thousand megawatthours,2023,7
CA,California,1,Electric Utility,HYC,conventional hydroelectric,3346.83,thousand megawatthours,2023,7
CA,California,1,Electric Utility,LFG,landfill gas,0.25427,thousand megawatthours,2023,7
CA,California,1,Electric Utility,MLG,municiapl landfill gas,0.25427,thousand megawatthours,2023,7
CA,California,1,Electric Utility,NG,natural gas,3287.98271,thousand megawatthours,2023,7
CA,California,1,Electric Utility,NGO,natural gas & other gases,3287.98271,thousand megawatthours,2023,7
CA,California,1,Electric Utility,NUC,nuclear,1678.408,thousand megawatthours,2023,7
CA,California,1,Electric Utility,OB2,biomass,4.33482,thousand megawatthours,2023,7
CA,California,1,Electric Utility,OBW,biomass,4.33482,thousand megawatthours,2023,7
CA,California,1,Electric Utility,OOG,other gases,0.0,thousand megawatthours,2023,7
CA,California,1,Electric Utility,ORW,other renewables,4.33482,thousand megawatthours,2023,7
CA,California,1,Electric Utility,OTH,other,-3.435,thousand megawatthours,2023,7
CA,California,1,Electric Utility,PEL,petroleum liquids,3.06836,thousand megawatthours,2023,7
CA,California,1,Electric Utility,PET,petroleum,3.06836,thousand megawatthours,2023,7
CA,California,1,Electric Utility,REN,renewable,3531.71409,thousand megawatthours,2023,7
CA,California,1,Electric Utility,RFO,residual fuel oil,0.0,thousand megawatthours,2023,7
CA,California,1,Electric Utility,SPV,solar photovoltaic,38.171,thousand megawatthours,2023,7
CA,California,1,Electric Utility,SUN,solar,38.171,thousand megawatthours,2023,7
CA,California,1,Electric Utility,TPV,estimated total solar photovoltaic,38.171,thousand megawatthours,2023,7
CA,California,1,Electric Utility,TSN,estimated total solar,38.171,thousand megawatthours,2023,7
CA,California,1,Electric Utility,WAS,renewable waste products,4.58909,thousand megawatthours,2023,7
CA,California,1,Electric Utility,WND,wind,78.344,thousand megawatthours,2023,7
CA,California,1,Electric Utility,WNT,onshore wind turbine,78.344,thousand megawatthours,2023,7
CA,California,1,Electric Utility,WOO,waste oil and other oils,0.14,thousand megawatthours,2023,7
CO,Colorado,1,Electric Utility,ALL,all fuels,4052.64291,thousand megawatthours,2023,7
CO,Colorado,1,Electric Utility,AOR,all renewables,297.219,thousand megawatthours,2023,7
CO,Colorado,1,Electric Utility,BIS,bituminous coal and synthetic coal,263.05643,thousand megawatthours,2023,7
CO,Colorado,1,Electric Utility,BIT,bituminous coal,263.05643,thousand megawatthours,2023,7
CO,Colorado,1,Electric Utility,COL,"coal, excluding waste coal",1949.68278,thousand megawatthours,2023,7
CO,Colorado,1,Electric Utility,COW,all coal products,1949.68278,thousand megawatthours,2023,7
CO,Colorado,1,Electric Utility,DFO,distillate fuel oil,2.55689,thousand megawatthours,2023,7
CO,Colorado,1,Electric Utility,DPV,estimated small scale solar photovoltaic,0.0,thousand megawatthours,2023,7
CO,Colorado,1,Electric Utility,FOS,fossil fuels,3565.24991,thousand megawatthours,2023,7
CO,Colorado,1,Electric Utility,HPS,hydro-electric pumped storage,-3.771,thousand megawatthours,2023,7
CO,Colorado,1,Electric Utility,HYC,conventional hydroelectric,193.955,thousand megawatthours,2023,7
CO,Colorado,1,Electric Utility,NG,natural gas,1613.01024,thousand megawatthours,2023,7
CO,Colorado,1,Electric Utility,NGO,natural gas & other gases,1613.01024,thousand megawatthours,2023,7
CO,Colorado,1,Electric Utility,OTH,other,-0.01,thousand megawatthours,2023,7
CO,Colorado,1,Electric Utility,PEL,petroleum liquids,2.55689,thousand megawatthours,2023,7
CO,Colorado,1,Electric Utility,PET,petroleum,2.55689,thousand megawatthours,2023,7
CO,Colorado,1,Electric Utility,REN,renewable,491.174,thousand megawatthours,2023,7
CO,Colorado,1,Electric Utility,SPV,solar photovoltaic,1.516,thousand megawatthours,2023,7
CO,Colorado,1,Electric Utility,SUB,subbituminous coal,1686.62634,thousand megawatthours,2023,7
CO,Colorado,1,Electric Utility,SUN,solar,1.516,thousand megawatthours,2023,7
CO,Colorado,1,Electric Utility,TPV,estimated total solar photovoltaic,1.516,thousand megawatthours,2023,7
CO,Colorado,1,Electric Utility,TSN,estimated total solar,1.516,thousand megawatthours,2023,7
CO,Colorado,1,Electric Utility,WND,wind,295.703,thousand megawatthours,2023,7
CO,Colorado,1,Electric Utility,WNT,onshore wind turbine,295.703,thousand megawatthours,2023,7
IL,Illinois,1,Electric Utility,ALL,all fuels,484.84079,thousand megawatthours,2023,7
IL,Illinois,1,Electric Utility,AOR,all renewables,7.58186,thousand megawatthours,2023,7
IL,Illinois,1,Electric Utility,BIO,biomass,7.07786,thousand megawatthours,2023,7
IL,Illinois,1,Electric Utility,BIS,bituminous coal and synthetic coal,133.47412,thousand megawatthours,2023,7
IL,Illinois,1,Electric Utility,BIT,bituminous coal,133.47412,thousand megawatthours,2023,7
IL,Illinois,1,Electric Utility,COL,"coal, excluding waste coal",133.47412,thousand megawatthours,2023,7
IL,Illinois,1,Electric Utility,COW,all coal products,133.47412,thousand megawatthours,2023,7
IL,Illinois,1,Electric Utility,DFO,distillate fuel oil,0.83794,thousand megawatthours,2023,7
IL,Illinois,1,Electric Utility,DPV,estimated small scale solar photovoltaic,0.0,thousand megawatthours,2023,7
IL,Illinois,1,Electric Utility,FOS,fossil fuels,470.68193,thousand megawatthours,2023,7
IL,Illinois,1,Electric Utility,HYC,conventional hydroelectric,6.584,thousand megawatthours,2023,7
IL,Illinois,1,Electric Utility,LFG,landfill gas,7.07786,thousand megawatthours,2023,7
IL,Illinois,1,Electric Utility,MLG,municiapl landfill gas,7.07786,thousand megawatthours,2023,7
IL,Illinois,1,Electric Utility,NG,natural gas,336.35288,thousand megawatthours,2023,7
IL,Illinois,1,Electric Utility,NGO,natural gas & other gases,336.35288,thousand megawatthours,2023,7
IL,Illinois,1,Electric Utility,OTH,other,-0.007,thousand megawatthours,2023,7
IL,Illinois,1,Electric Utility,PC,petroleum coke,0.0,thousand megawatthours,2023,7
IL,Illinois,1,Electric Utility,PEL,petroleum liquids,0.85494,thousand megawatthours,2023,7
IL,Illinois,1,Electric Utility,PET,petroleum,0.85494,thousand megawatthours,2023,7
IL,Illinois,1,Electric Utility,REN,renewable,14.16586,thousand megawatthours,2023,7
IL,Illinois,1,Electric Utility,SPV,solar photovoltaic,0.246,thousand megawatthours,2023,7
IL,Illinois,1,Electric Utility,SUB,subbituminous coal,0.0,thousand megawatthours,2023,7
IL,Illinois,1,Electric Utility,SUN,solar,0.246,thousand megawatthours,2023,7
IL,Illinois,1,Electric Utility,TPV,estimated total solar photovoltaic,0.246,thousand megawatthours,2023,7
IL,Illinois,1,Electric Utility,TSN,estimated total solar,0.246,thousand megawatthours,2023,7
IL,Illinois,1,Electric Utility,WAS,renewable waste products,7.07786,thousand megawatthours,2023,7
IL,Illinois,1,Electric Utility,WND,wind,0.258,thousand megawatthours,2023,7
IL,Illinois,1,Electric Utility,WNT,onshore wind turbine,0.258,thousand megawatthours,2023,7
IL,Illinois,1,Electric Utility,WOO,waste oil and other oils,0.017,thousand megawatthours,2023,7
NY,New York,1,Electric Utility,ALL,all fuels,3651.86577,thousand megawatthours,2023,7
NY,New York,1,Electric Utility,AOR,all renewables,10.866,thousand megawatthours,2023,7
NY,New York,1,Electric Utility,BIS,bituminous coal and synthetic coal,0.0,thousand megawatthours,2023,7
NY,New York,1,Electric Utility,BIT,bituminous coal,0.0,thousand megawatthours,2023,7
NY,New York,1,Electric Utility,COL,"coal, excluding waste coal",0.0,thousand megawatthours,2023,7
NY,New York,1,Electric Utility,COW,all coal products,0.0,thousand megawatthours,2023,7
NY,New York,1,Electric Utility,DFO,distillate fuel oil,2.19422,thousand megawatthours,2023,7
NY,New York,1,Electric Utility,DPV,estimated small scale solar photovoltaic,0.0,thousand megawatthours,2023,7
NY,New York,1,Electric Utility,FOS,fossil fuels,1676.97177,thousand megawatthours,2023,7
NY,New York,1,Electric Utility,HPS,hydro-electric pumped storage,-46.907,thousand megawatthours,2023,7
NY,New York,1,Electric Utility,HYC,conventional hydroelectric,2010.95,thousand megawatthours,2023,7
NY,New York,1,Electric Utility,NG,natural gas,1669.68854,thousand megawatthours,2023,7
NY,New York,1,Electric Utility,NGO,natural gas & other gases,1669.68854,thousand megawatthours,2023,7
NY,New York,1,Electric Utility,OTH,other,-0.015,thousand megawatthours,2023,7
NY,New York,1,Electric Utility,PEL,petroleum liquids,7.28323,thousand megawatthours,2023,7
NY,New York,1,Electric Utility,PET,petroleum,7.28323,thousand megawatthours,2023,7
NY,New York,1,Electric Utility,REN,renewable,2021.816,thousand megawatthours,2023,7
NY,New York,1,Electric Utility,RFO,residual fuel oil,1.44796,thousand megawatthours,2023,7
NY,New York,1,Electric Utility,TPV,estimated total solar photovoltaic,0.0,thousand megawatthours,2023,7
NY,New York,1,Electric Utility,TSN,estimated total solar,0.0,thousand megawatthours,2023,7
NY,New York,1,Electric Utility,WND,wind,10.866,thousand megawatthours,2023,7
NY,New York,1,Electric Utility,WNT,onshore wind turbine,10.866,thousand megawatthours,2023,7
NY,New York,1,Electric Utility,WOO,waste oil and other oils,3.64105,thousand megawatthours,2023,7
TX,Texas,1,Electric Utility,ALL,all fuels,10347.16372,thousand megawatthours,2023,7
TX,Texas,1,Electric Utility,AOR,all renewables,78.85,thousand megawatthours,2023,7
TX,Texas,1,Electric Utility,BIO,biomass,55.258,thousand megawatthours,2023,7
TX,Texas,1,Electric Utility,COL,"coal, excluding waste coal",3123.1157,thousand megawatthours,2023,7
TX,Texas,1,Electric Utility,COW,all coal products,3123.1157,thousand megawatthours,2023,7
TX,Texas,1,Electric Utility,DFO,distillate fuel oil,1.68933,thousand megawatthours,2023,7
TX,Texas,1,Electric Utility,DPV,estimated small scale solar photovoltaic,0.0,thousand megawatthours,2023,7
TX,Texas,1,Electric Utility,FOS,fossil fuels,10220.92472,thousand megawatthours,2023,7
TX,Texas,1,Electric Utility,HYC,conventional hydroelectric,47.474,thousand megawatthours,2023,7
TX,Texas,1,Electric Utility,LIG,lignite coal,172.01491,thousand megawatthours,2023,7
TX,Texas,1,Electric Utility,NG,natural gas,7096.11969,thousand megawatthours,2023,7
TX,Texas,1,Electric Utility,NGO,natural gas & other gases,7096.11969,thousand megawatthours,2023,7
TX,Texas,1,Electric Utility,OB2,biomass,0.0,thousand megawatthours,2023,7
TX,Texas,1,Electric Utility,OBW,biomass,0.0,thousand megawatthours,2023,7
TX,Texas,1,Electric Utility,ORW,other renewables,0.0,thousand megawatthours,2023,7
TX,Texas,1,Electric Utility,OTH,other,-0.085,thousand megawatthours,2023,7
TX,Texas,1,Electric Utility,PEL,petroleum liquids,1.68933,thousand megawatthours,2023,7
TX,Texas,1,Electric Utility,PET,petroleum,1.68933,thousand megawatthours,2023,7
TX,Texas,1,Electric Utility,RC,refined coal,0.0,thousand megawatthours,2023,7
TX,Texas,1,Electric Utility,REN,renewable,126.324,thousand megawatthours,2023,7
TX,Texas,1,Electric Utility,RFO,residual fuel oil,0.0,thousand megawatthours,2023,7
TX,Texas,1,Electric Utility,SPV,solar photovoltaic,1.544,thousand megawatthours,2023,7
TX,Texas,1,Electric Utility,SUB,subbituminous coal,2951.10079,thousand megawatthours,2023,7
TX,Texas,1,Electric Utility,SUN,solar,1.544,thousand megawatthours,2023,7
TX,Texas,1,Electric Utility,TPV,estimated total solar photovoltaic,1.544,thousand megawatthours,2023,7
TX,Texas,1,Electric Utility,TSN,estimated total solar,1.544,thousand megawatthours,2023,7
TX,Texas,1,Electric Utility,WAS,renewable waste products,0.0,thousand megawatthours,2023,7
TX,Texas,1,Electric Utility,WND,wind,22.048,thousand megawatthours,2023,7
TX,Texas,1,Electric Utility,WNT,onshore wind turbine,22.048,thousand megawatthours,2023,7
TX,Texas,1,Electric Utility,WOO,waste oil and other oils,0.0,thousand megawatthours,2023,7
TX,Texas,1,Electric Utility,WWW,wood and wood wastes,55.258,thousand megawatthours,2023,7
CA,California,1,Electric Utility,ALL,all fuels,6435.07469,thousand megawatthours,2023,6
CA,California,1,Electric Utility,AOR,all renewables,140.63651,thousand megawatthours,2023,6
CA,California,1,Electric Utility,BIO,biomass,2.75651,thousand megawatthours,2023,6
CA,California,1,Electric Utility,DFO,distillate fuel oil,2.45626,thousand megawatthours,2023,6
CA,California,1,Electric Utility,DPV,estimated small scale solar photovoltaic,0.0,thousand megawatthours,2023,6
CA,California,1,Electric Utility,FOS,fossil fuels,1267.16018,thousand megawatthours,2023,6
CA,California,1,Electric Utility,GEO,geothermal,17.609,thousand megawatthours,2023,6
CA,California,1,Electric Utility,HPS,hydro-electric pumped storage,26.639,thousand megawatthours,2023,6
CA,California,1,Electric Utility,HYC,conventional hydroelectric,3379.138,thousand megawatthours,2023,6
CA,California,1,Electric Utility,LFG,landfill gas,0.24359,thousand megawatthours,2023,6
CA,California,1,Electric Utility,MLG,municiapl landfill gas,0.24359,thousand megawatthours,2023,6
CA,California,1,Electric Utility,NG,natural gas,1264.56192,thousand megawatthours,2023,6
CA,California,1,Electric Utility,NGO,natural gas & other gases,1264.56192,thousand megawatthours,2023,6
CA,California,1,Electric Utility,NUC,nuclear,1624.861,thousand megawatthours,2023,6
CA,California,1,Electric Utility,OB2,biomass,2.51293,thousand megawatthours,2023,6
CA,California,1,Electric Utility,OBW,biomass,2.51293,thousand megawatthours,2023,6
CA,California,1,Electric Utility,OOG,other gases,0.0,thousand megawatthours,2023,6
CA,California,1,Electric Utility,ORW,other renewables,2.51293,thousand megawatthours,2023,6
CA,California,1,Electric Utility,OTH,other,-3.36,thousand megawatthours,2023,6
CA,California,1,Electric Utility,PEL,petroleum liquids,2.59826,thousand megawatthours,2023,6
CA,California,1,Electric Utility,PET,petroleum,2.59826,thousand megawatthours,2023,6
CA,California,1,Electric Utility,REN,renewable,3519.77451,thousand megawatthours,2023,6
CA,California,1,Electric Utility,RFO,residual fuel oil,0.0,thousand megawatthours,2023,6
CA,California,1,Electric Utility,SPV,solar photovoltaic,31.73,thousand megawatthours,2023,6
CA,California,1,Electric Utility,SUN,solar,31.73,thousand megawatthours,2023,6
CA,California,1,Electric Utility,TPV,estimated total solar photovoltaic,31.73,thousand megawatthours,2023,6
CA,California,1,Electric Utility,TSN,estimated total solar,31.73,thousand megawatthours,2023,6
CA,California,1,Electric Utility,WAS,renewable waste products,2.75651,thousand megawatthours,2023,6
CA,California,1,Electric Utility,WND,wind,88.541,thousand megawatthours,2023,6
CA,California,1,Electric Utility,WNT,onshore wind turbine,88.541,thousand megawatthours,2023,6
CA,California,1,Electric Utility,WOO,waste oil and other oils,0.142,thousand megawatthours,2023,6
CO,Colorado,1,Electric Utility,ALL,all fuels,3075.31136,thousand megawatthours,2023,6
CO,Colorado,1,Electric Utility,AOR,all renewables,313.195,thousand megawatthours,2023,6
CO,Colorado,1,Electric Utility,BIS,bituminous coal and synthetic coal,209.50732,thousand megawatthours,2023,6
CO,Colorado,1,Electric Utility,BIT,bituminous coal,209.50732,thousand megawatthours,2023,6
CO,Colorado,1,Electric Utility,COL,"coal, excluding waste coal",1441.5981,thousand megawatthours,2023,6
CO,Colorado,1,Electric Utility,COW,all coal products,1441.5981,thousand megawatthours,2023,6
CO,Colorado,1,Electric Utility,DFO,distillate fuel oil,5.57473,thousand megawatthours,2023,6
CO,Colorado,1,Electric Utility,DPV,estimated small scale solar photovoltaic,0.0,thousand megawatthours,2023,6
CO,Colorado,1,Electric Utility,FOS,fossil fuels,2563.60036,thousand megawatthours,2023,6
CO,Colorado,1,Electric Utility,HPS,hydro-electric pumped storage,8.478,thousand megawatthours,2023,6
CO,Colorado,1,Electric Utility,HYC,conventional hydroelectric,190.052,thousand megawatthours,2023,6
CO,Colorado,1,Electric Utility,NG,natural gas,1116.42753,thousand megawatthours,2023,6
CO,Colorado,1,Electric Utility,NGO,natural gas & other gases,1116.42753,thousand megawatthours,2023,6
CO,Colorado,1,Electric Utility,OTH,other,-0.014,thousand megawatthours,2023,6
CO,Colorado,1,Electric Utility,PEL,petroleum liquids,5.57473,thousand megawatthours,2023,6
CO,Colorado,1,Electric Utility,PET,petroleum,5.57473,thousand megawatthours,2023,6
CO,Colorado,1,Electric Utility,REN,renewable,503.247,thousand megawatthours,2023,6
CO,Colorado,1,Electric Utility,SPV,solar photovoltaic,1.43,thousand megawatthours,2023,6
CO,Colorado,1,Electric Utility,SUB,subbituminous coal,1232.09078,thousand megawatthours,2023,6
CO,Colorado,1,Electric Utility,SUN,solar,1.43,thousand megawatthours,2023,6
CO,Colorado,1,Electric Utility,TPV,estimated total solar photovoltaic,1.43,thousand megawatthours,2023,6
CO,Colorado,1,Electric Utility,TSN,estimated total solar,1.43,thousand megawatthours,2023,6
CO,Colorado,1,Electric Utility,WND,wind,311.765,thousand megawatthours,2023,6
CO,Colorado,1,Electric Utility,WNT,onshore wind turbine,311.765,thousand megawatthours,2023,6
IL,Illinois,1,Electric Utility,ALL,all fuels,414.49444,thousand megawatthours,2023,6
IL,Illinois,1,Electric Utility,AOR,all renewables,7.92721,thousand megawatthours,2023,6
IL,Illinois,1,Electric Utility,BIO,biomass,7.28521,thousand megawatthours,2023,6
IL,Illinois,1,Electric Utility,BIS,bituminous coal and synthetic coal,138.26575,thousand megawatthours,2023,6
IL,Illinois,1,Electric Utility,BIT,bituminous coal,138.26575,thousand megawatthours,2023,6
IL,Illinois,1,Electric Utility,COL,"coal, excluding waste coal",138.26575,thousand megawatthours,2023,6
IL,Illinois,1,Electric Utility,COW,all coal products,138.26575,thousand megawatthours,2023,6
IL,Illinois,1,Electric Utility,DFO,distillate fuel oil,0.23985,thousand megawatthours,2023,6
IL,Illinois,1,Electric Utility,DPV,estimated small scale solar photovoltaic,0.0,thousand megawatthours,2023,6
IL,Illinois,1,Electric Utility,FOS,fossil fuels,400.95423,thousand megawatthours,2023,6
IL,Illinois,1,Electric Utility,HYC,conventional hydroelectric,5.619,thousand megawatthours,2023,6
IL,Illinois,1,Electric Utility,LFG,landfill gas,7.28521,thousand megawatthours,2023,6
IL,Illinois,1,Electric Utility,MLG,municiapl landfill gas,7.28521,thousand megawatthours,2023,6
IL,Illinois,1,Electric Utility,NG,natural gas,262.43364,thousand megawatthours,2023,6
IL,Illinois,1,Electric Utility,NGO,natural gas & other gases,262.43364,thousand megawatthours,2023,6
IL,Illinois,1,Electric Utility,OTH,other,-0.006,thousand megawatthours,2023,6
IL,Illinois,1,Electric Utility,PC,petroleum coke,0.0,thousand megawatthours,2023,6
IL,Illinois,1,Electric Utility,PEL,petroleum liquids,0.25485,thousand megawatthours,2023,6
IL,Illinois,1,Electric Utility,PET,petroleum,0.25485,thousand megawatthours,2023,6
IL,Illinois,1,Electric Utility,REN,renewable,13.54621,thousand megawatthours,2023,6
IL,Illinois,1,Electric Utility,SPV,solar photovoltaic,0.229,thousand megawatthours,2023,6
IL,Illinois,1,Electric Utility,SUB,subbituminous coal,0.0,thousand megawatthours,2023,6
IL,Illinois,1,Electric Utility,SUN,solar,0.229,thousand megawatthours,2023,6
IL,Illinois,1,Electric Utility,TPV,estimated total solar photovoltaic,0.229,thousand megawatthours,2023,6
IL,Illinois,1,Electric Utility,TSN,estimated total solar,0.229,thousand megawatthours,2023,6
IL,Illinois,1,Electric Utility,WAS,renewable waste products,7.28521,thousand megawatthours,2023,6
IL,Illinois,1,Electric Utility,WND,wind,0.413,thousand megawatthours,2023,6
IL,Illinois,1,Electric Utility,WNT,onshore wind turbine,0.413,thousand megawatthours,2023,6
IL,Illinois,1,Electric Utility,WOO,waste oil and other oils,0.015,thousand megawatthours,2023,6
NY,New York,1,Electric Utility,ALL,all fuels,2955.64563,thousand megawatthours,2023,6
NY,New York,1,Electric Utility,AOR,all renewables,15.759,thousand megawatthours,2023,6
NY,New York,1,Electric Utility,BIS,bituminous coal and synthetic coal,0.0,thousand megawatthours,2023,6
NY,New York,1,Electric Utility,BIT,bituminous coal,0.0,thousand megawatthours,2023,6
NY,New York,1,Electric Utility,COL,"coal, excluding waste coal",0.0,thousand megawatthours,2023,6
NY,New York,1,Electric Utility,COW,all coal products,0.0,thousand megawatthours,2023,6
NY,New York,1,Electric Utility,DFO,distillate fuel oil,,thousand megawatthours,2023,6
NY,New York,1,Electric Utility,DPV,estimated small scale solar photovoltaic,0.0,thousand megawatthours,2023,6
NY,New York,1,Electric Utility,FOS,fossil fuels,1102.01563,thousand megawatthours,2023,6
NY,New York,1,Electric Utility,HPS,hydro-electric pumped storage,-41.088,thousand megawatthours,2023,6
NY,New York,1,Electric Utility,HYC,conventional hydroelectric,1878.981,thousand megawatthours,2023,6
NY,New York,1,Electric Utility,NG,natural gas,1100.78945,thousand megawatthours,2023,6
NY,New York,1,Electric Utility,NGO,natural gas & other gases,1100.78945,thousand megawatthours,2023,6
NY,New York,1,Electric Utility,OTH,other,-0.022,thousand megawatthours,2023,6
NY,New York,1,Electric Utility,PEL,petroleum liquids,1.22618,thousand megawatthours,2023,6
NY,New York,1,Electric Utility,PET,petroleum,1.22618,thousand megawatthours,2023,6
NY,New York,1,Electric Utility,REN,renewable,1894.74,thousand megawatthours,2023,6
NY,New York,1,Electric Utility,RFO,residual fuel oil,0.53126,thousand megawatthours,2023,6
NY,New York,1,Electric Utility,TPV,estimated total solar photovoltaic,0.0,thousand megawatthours,2023,6
NY,New York,1,Electric Utility,TSN,estimated total solar,0.0,thousand megawatthours,2023,6
NY,New York,1,Electric Utility,WND,wind,15.759,thousand megawatthours,2023,6
NY,New York,1,Electric Utility,WNT,onshore wind turbine,15.759,thousand megawatthours,2023,6
NY,New York,1,Electric Utility,WOO,waste oil and other oils,0.55775,thousand megawatthours,2023,6
TX,Texas,1,Electric Utility,ALL,all fuels,8875.69512,thousand megawatthours,2023,6
TX,Texas,1,Electric Utility,AOR,all renewables,57.174,thousand megawatthours,2023,6
TX,Texas,1,Electric Utility,BIO,biomass,40.036,thousand megawatthours,2023,6
TX,Texas,1,Electric Utility,COL,"coal, excluding waste coal",2466.80182,thousand megawatthours,2023,6
TX,Texas,1,Electric Utility,COW,all coal products,2466.80182,thousand megawatthours,2023,6
TX,Texas,1,Electric Utility,DFO,distillate fuel oil,2.5438,thousand megawatthours,2023,6
TX,Texas,1,Electric Utility,DPV,estimated small scale solar photovoltaic,0.0,thousand megawatthours,2023,6
TX,Texas,1,Electric Utility,FOS,fossil fuels,8785.10912,thousand megawatthours,2023,6
TX,Texas,1,Electric Utility,HYC,conventional hydroelectric,33.505,thousand megawatthours,2023,6
TX,Texas,1,Electric Utility,LIG,lignite coal,152.55535,thousand megawatthours,2023,6
TX,Texas,1,Electric Utility,NG,natural gas,6315.76351,thousand megawatthours,2023,6
TX,Texas,1,Electric Utility,NGO,natural gas & other gases,6315.76351,thousand megawatthours,2023,6
TX,Texas,1,Electric Utility,OB2,biomass,0.0,thousand megawatthours,2023,6
TX,Texas,1,Electric Utility,OBW,biomass,0.0,thousand megawatthours,2023,6
TX,Texas,1,Electric Utility,ORW,other renewables,0.0,thousand megawatthours,2023,6
TX,Texas,1,Electric Utility,OTH,other,-0.093,thousand megawatthours,2023,6
TX,Texas,1,Electric Utility,PEL,petroleum liquids,2.5438,thousand megawatthours,2023,6
TX,Texas,1,Electric Utility,PET,petroleum,2.5438,thousand megawatthours,2023,6
TX,Texas,1,Electric Utility,RC,refined coal,0.0,thousand megawatthours,2023,6
TX,Texas,1,Electric Utility,REN,renewable,90.679,thousand megawatthours,2023,6
TX,Texas,1,Electric Utility,RFO,residual fuel oil,0.0,thousand megawatthours,2023,6
TX,Texas,1,Electric Utility,SPV,solar photovoltaic,1.818,thousand megawatthours,2023,6
TX,Texas,1,Electric Utility,SUB,subbituminous coal,2314.24647,thousand megawatthours,2023,6
TX,Texas,1,Electric Utility,SUN,solar,1.818,thousand megawatthours,2023,6
TX,Texas,1,Electric Utility,TPV,estimated total solar photovoltaic,1.818,thousand megawatthours,2023,6
TX,Texas,1,Electric Utility,TSN,estimated total solar,1.818,thousand megawatthours,2023,6
TX,Texas,1,Electric Utility,WAS,renewable waste products,0.0,thousand megawatthours,2023,6
TX,Texas,1,Electric Utility,WND,wind,15.32,thousand megawatthours,2023,6
TX,Texas,1,Electric Utility,WNT,onshore wind turbine,15.32,thousand megawatthours,2023,6
TX,Texas,1,Electric Utility,WOO,waste oil and other oils,0.0,thousand megawatthours,2023,6
TX,Texas,1,Electric Utility,WWW,wood and wood wastes,40.036,thousand megawatthours,2023,6
CA,California,1,Electric Utility,ALL,all fuels,6363.5084,thousand megawatthours,2023,5
CA,California,1,Electric Utility,AOR,all renewables,138.5625,thousand megawatthours,2023,5
CA,California,1,Electric Utility,BIO,biomass,3.5795,thousand megawatthours,2023,5
CA,California,1,Electric Utility,DFO,distillate fuel oil,2.48468,thousand megawatthours,2023,5
CA,California,1,Electric Utility,DPV,estimated small scale solar photovoltaic,0.0,thousand megawatthours,2023,5
CA,California,1,Electric Utility,FOS,fossil fuels,1008.4689,thousand megawatthours,2023,5
CA,California,1,Electric Utility,GEO,geothermal,35.715,thousand megawatthours,2023,5
CA,California,1,Electric Utility,HPS,hydro-electric pumped storage,-77.402,thousand megawatthours,2023,5
CA,California,1,Electric Utility,HYC,conventional hydroelectric,3615.651,thousand megawatthours,2023,5
CA,California,1,Electric Utility,LFG,landfill gas,0.27247,thousand megawatthours,2023,5
CA,California,1,Electric Utility,MLG,municiapl landfill gas,0.27247,thousand megawatthours,2023,5
CA,California,1,Electric Utility,NG,natural gas,1005.84922,thousand megawatthours,2023,5
CA,California,1,Electric Utility,NGO,natural gas & other gases,1005.84922,thousand megawatthours,2023,5
CA,California,1,Electric Utility,NUC,nuclear,1681.901,thousand megawatthours,2023,5
CA,California,1,Electric Utility,OB2,biomass,3.30704,thousand megawatthours,2023,5
CA,California,1,Electric Utility,OBW,biomass,3.30704,thousand megawatthours,2023,5
CA,California,1,Electric Utility,OOG,other gases,0.0,thousand megawatthours,2023,5
CA,California,1,Electric Utility,ORW,other renewables,3.30704,thousand megawatthours,2023,5
CA,California,1,Electric Utility,OTH,other,-3.673,thousand megawatthours,2023,5
CA,California,1,Electric Utility,PEL,petroleum liquids,2.61968,thousand megawatthours,2023,5
CA,California,1,Electric Utility,PET,petroleum,2.61968,thousand megawatthours,2023,5
CA,California,1,Electric Utility,REN,renewable,3754.2135,thousand megawatthours,2023,5
CA,California,1,Electric Utility,RFO,residual fuel oil,0.0,thousand megawatthours,2023,5
CA,California,1,Electric Utility,SPV,solar photovoltaic,30.209,thousand megawatthours,2023,5
CA,California,1,Electric Utility,SUN,solar,30.209,thousand megawatthours,2023,5
CA,California,1,Electric Utility,TPV,estimated total solar photovoltaic,30.209,thousand megawatthours,2023,5
CA,California,1,Electric Utility,TSN,estimated total solar,30.209,thousand megawatthours,2023,5
CA,California,1,Electric Utility,WAS,renewable waste products,3.5795,thousand megawatthours,2023,5
CA,California,1,Electric Utility,WND,wind,69.059,thousand megawatthours,2023,5
CA,California,1,Electric Utility,WNT,onshore wind turbine,69.059,thousand megawatthours,2023,5
CA,California,1,Electric Utility,WOO,waste oil and other oils,0.135,thousand megawatthours,2023,5
CO,Colorado,1,Electric Utility,ALL,all fuels,2640.12574,thousand megawatthours,2023,5
CO,Colorado,1,Electric Utility,AOR,all renewables,378.222,thousand megawatthours,2023,5
CO,Colorado,1,Electric Utility,BIS,bituminous coal and synthetic coal,186.86295,thousand megawatthours,2023,5
CO,Colorado,1,Electric Utility,BIT,bituminous coal,186.86295,thousand megawatthours,2023,5
CO,Colorado,1,Electric Utility,COL,"coal, excluding waste coal",1118.96784,thousand megawatthours,2023,5
CO,Colorado,1,Electric Utility,COW,all coal products,1118.96784,thousand megawatthours,2023,5
CO,Colorado,1,Electric Utility,DFO,distillate fuel oil,5.18197,thousand megawatthours,2023,5
CO,Colorado,1,Electric Utility,DPV,estimated small scale solar photovoltaic,0.0,thousand megawatthours,2023,5
CO,Colorado,1,Electric Utility,FOS,fossil fuels,2085.64574,thousand megawatthours,2023,5
CO,Colorado,1,Electric Utility,HPS,hydro-electric pumped storage,2.819,thousand megawatthours,2023,5
CO,Colorado,1,Electric Utility,HYC,conventional hydroelectric,173.456,thousand megawatthours,2023,5
CO,Colorado,1,Electric Utility,NG,natural gas,961.49592,thousand megawatthours,2023,5
CO,Colorado,1,Electric Utility,NGO,natural gas & other gases,961.49592,thousand megawatthours,2023,5
CO,Colorado,1,Electric Utility,OTH,other,-0.017,thousand megawatthours,2023,5
CO,Colorado,1,Electric Utility,PEL,petroleum liquids,5.18197,thousand megawatthours,2023,5
CO,Colorado,1,Electric Utility,PET,petroleum,5.18197,thousand megawatthours,2023,5
CO,Colorado,1,Electric Utility,REN,renewable,551.678,thousand megawatthours,2023,5
CO,Colorado,1,Electric Utility,SPV,solar photovoltaic,1.413,thousand megawatthours,2023,5
CO,Colorado,1,Electric Utility,SUB,subbituminous coal,932.1049,thousand megawatthours,2023,5
CO,Colorado,1,Electric Utility,SUN,solar,1.413,thousand megawatthours,2023,5
CO,Colorado,1,Electric Utility,TPV,estimated total solar photovoltaic,1.413,thousand megawatthours,2023,5
CO,Colorado,1,Electric Utility,TSN,estimated total solar,1.413,thousand megawatthours,2023,5
CO,Colorado,1,Electric Utility,WND,wind,376.809,thousand megawatthours,2023,5
CO,Colorado,1,Electric Utility,WNT,onshore wind turbine,376.809,thousand megawatthours,2023,5
IL,Illinois,1,Electric Utility,ALL,all fuels,320.24547,thousand megawatthours,2023,5
IL,Illinois,1,Electric Utility,AOR,all renewables,8.58869,thousand megawatthours,2023,5
IL,Illinois,1,Electric Utility,BIO,biomass,7.75169,thousand megawatthours,2023,5
IL,Illinois,1,Electric Utility,BIS,bituminous coal and synthetic coal,110.63566,thousand megawatthours,2023,5
IL,Illinois,1,Electric Utility,BIT,bituminous coal,110.63566,thousand megawatthours,2023,5
IL,Illinois,1,Electric Utility,COL,"coal, excluding waste coal",110.63566,thousand megawatthours,2023,5
IL,Illinois,1,Electric Utility,COW,all coal products,110.63566,thousand megawatthours,2023,5
IL,Illinois,1,Electric Utility,DFO,distillate fuel oil,0.42175,thousand megawatthours,2023,5
IL,Illinois,1,Electric Utility,DPV,estimated small scale solar photovoltaic,0.0,thousand megawatthours,2023,5
IL,Illinois,1,Electric Utility,FOS,fossil fuels,308.13678,thousand megawatthours,2023,5
IL,Illinois,1,Electric Utility,HYC,conventional hydroelectric,3.526,thousand megawatthours,2023,5
IL,Illinois,1,Electric Utility,LFG,landfill gas,7.75169,thousand megawatthours,2023,5
IL,Illinois,1,Electric Utility,MLG,municiapl landfill gas,7.75169,thousand megawatthours,2023,5
IL,Illinois,1,Electric Utility,NG,natural gas,197.07937,thousand megawatthours,2023,5
IL,Illinois,1,Electric Utility,NGO,natural gas & other gases,197.07937,thousand megawatthours,2023,5
IL,Illinois,1,Electric Utility,OTH,other,-0.006,thousand megawatthours,2023,5
IL,Illinois,1,Electric Utility,PC,petroleum coke,0.0,thousand megawatthours,2023,5
IL,Illinois,1,Electric Utility,PEL,petroleum liquids,0.42175,thousand megawatthours,2023,5
IL,Illinois,1,Electric Utility,PET,petroleum,0.42175,thousand megawatthours,2023,5
IL,Illinois,1,Electric Utility,REN,renewable,12.11469,thousand megawatthours,2023,5
IL,Illinois,1,Electric Utility,SPV,solar photovoltaic,0.255,thousand megawatthours,2023,5
IL,Illinois,1,Electric Utility,SUB,subbituminous coal,0.0,thousand megawatthours,2023,5
IL,Illinois,1,Electric Utility,SUN,solar,0.255,thousand megawatthours,2023,5
IL,Illinois,1,Electric Utility,TPV,estimated total solar photovoltaic,0.255,thousand megawatthours,2023,5
IL,Illinois,1,Electric Utility,TSN,estimated total solar,0.255,thousand megawatthours,2023,5
IL,Illinois,1,Electric Utility,WAS,renewable waste products,7.75169,thousand megawatthours,2023,5
IL,Illinois,1,Electric Utility,WND,wind,0.582,thousand megawatthours,2023,5
IL,Illinois,1,Electric Utility,WNT,onshore wind turbine,0.582,thousand megawatthours,2023,5
IL,Illinois,1,Electric Utility,WOO,waste oil and other oils,0.0,thousand megawatthours,2023,5
NY,New York,1,Electric Utility,ALL,all fuels,2781.47767,thousand megawatthours,2023,5
NY,New York,1,Electric Utility,AOR,all renewables,16.167,thousand megawatthours,2023,5
NY,New York,1,Electric Utility,BIS,bituminous coal and synthetic coal,0.0,thousand megawatthours,2023,5
NY,New York,1,Electric Utility,BIT,bituminous coal,0.0,thousand megawatthours,2023,5
NY,New York,1,Electric Utility,COL,"coal, excluding waste coal",0.0,thousand megawatthours,2023,5
NY,New York,1,Electric Utility,COW,all coal products,0.0,thousand megawatthours,2023,5
NY,New York,1,Electric Utility,DFO,distillate fuel oil,0.87167,thousand megawatthours,2023,5
NY,New York,1,Electric Utility,DPV,estimated small scale solar photovoltaic,0.0,thousand megawatthours,2023,5
NY,New York,1,Electric Utility,FOS,fossil fuels,788.35467,thousand megawatthours,2023,5
NY,New York,1,Electric Utility,HPS,hydro-electric pumped storage,-25.947,thousand megawatthours,2023,5
NY,New York,1,Electric Utility,HYC,conventional hydroelectric,2002.926,thousand megawatthours,2023,5
NY,New York,1,Electric Utility,NG,natural gas,787.18127,thousand megawatthours,2023,5
NY,New York,1,Electric Utility,NGO,natural gas & other gases,787.18127,thousand megawatthours,2023,5
NY,New York,1,Electric Utility,OTH,other,-0.023,thousand megawatthours,2023,5
NY,New York,1,Electric Utility,PEL,petroleum liquids,1.1734,thousand megawatthours,2023,5
NY,New York,1,Electric Utility,PET,petroleum,1.1734,thousand megawatthours,2023,5
NY,New York,1,Electric Utility,REN,renewable,2019.093,thousand megawatthours,2023,5
NY,New York,1,Electric Utility,RFO,residual fuel oil,0.0,thousand megawatthours,2023,5
NY,New York,1,Electric Utility,TPV,estimated total solar photovoltaic,0.0,thousand megawatthours,2023,5
NY,New York,1,Electric Utility,TSN,estimated total solar,0.0,thousand megawatthours,2023,5
NY,New York,1,Electric Utility,WND,wind,16.167,thousand megawatthours,2023,5
NY,New York,1,Electric Utility,WNT,onshore wind turbine,16.167,thousand megawatthours,2023,5
NY,New York,1,Electric Utility,WOO,waste oil and other oils,0.30173,thousand megawatthours,2023,5
TX,Texas,1,Electric Utility,ALL,all fuels,7029.36667,thousand megawatthours,2023,5
TX,Texas,1,Electric Utility,AOR,all renewables,29.268,thousand megawatthours,2023,5
TX,Texas,1,Electric Utility,BIO,biomass,11.109,thousand megawatthours,2023,5
TX,Texas,1,Electric Utility,COL,"coal, excluding waste coal",1510.72642,thousand megawatthours,2023,5
TX,Texas,1,Electric Utility,COW,all coal products,1510.72642,thousand megawatthours,2023,5
TX,Texas,1,Electric Utility,DFO,distillate fuel oil,4.34724,thousand megawatthours,2023,5
TX,Texas,1,Electric Utility,DPV,estimated small scale solar photovoltaic,0.0,thousand megawatthours,2023,5
TX,Texas,1,Electric Utility,FOS,fossil fuels,6916.08067,thousand megawatthours,2023,5
TX,Texas,1,Electric Utility,HYC,conventional hydroelectric,84.109,thousand megawatthours,2023,5
TX,Texas,1,Electric Utility,LIG,lignite coal,129.76457,thousand megawatthours,2023,5
TX,Texas,1,Electric Utility,NG,natural gas,5401.00701,thousand megawatthours,2023,5
TX,Texas,1,Electric Utility,NGO,natural gas & other gases,5401.00701,thousand megawatthours,2023,5
TX,Texas,1,Electric Utility,OB2,biomass,0.0,thousand megawatthours,2023,5
TX,Texas,1,Electric Utility,OBW,biomass,0.0,thousand megawatthours,2023,5
TX,Texas,1,Electric Utility,ORW,other renewables,0.0,thousand megawatthours,2023,5
TX,Texas,1,Electric Utility,OTH,other,-0.091,thousand megawatthours,2023,5
TX,Texas,1,Electric Utility,PEL,petroleum liquids,4.34724,thousand megawatthours,2023,5
TX,Texas,1,Electric Utility,PET,petroleum,4.34724,thousand megawatthours,2023,5
TX,Texas,1,Electric Utility,RC,refined coal,0.0,thousand megawatthours,2023,5
TX,Texas,1,Electric Utility,REN,renewable,113.377,thousand megawatthours,2023,5
TX,Texas,1,Electric Utility,RFO,residual fuel oil,0.0,thousand megawatthours,2023,5
TX,Texas,1,Electric Utility,SPV,solar photovoltaic,1.542,thousand megawatthours,2023,5
TX,Texas,1,Electric Utility,SUB,subbituminous coal,1380.96185,thousand megawatthours,2023,5
TX,Texas,1,Electric Utility,SUN,solar,1.542,thousand megawatthours,2023,5
TX,Texas,1,Electric Utility,TPV,estimated total solar photovoltaic,1.542,thousand megawatthours,2023,5
TX,Texas,1,Electric Utility,TSN,estimated total solar,1.542,thousand megawatthours,2023,5
TX,Texas,1,Electric Utility,WAS,renewable waste products,0.0,thousand megawatthours,2023,5
TX,Texas,1,Electric Utility,WND,wind,16.617,thousand megawatthours,2023,5
TX,Texas,1,Electric Utility,WNT,onshore wind turbine,16.617,thousand megawatthours,2023,5
TX,Texas,1,Electric Utility,WOO,waste oil and other oils,0.0,thousand megawatthours,2023,5
TX,Texas,1,Electric Utility,WWW,wood and wood wastes,11.109,thousand megawatthours,2023,5
CA,California,1,Electric Utility,ALL,all fuels,6300.0045,thousand megawatthours,2023,4
CA,California,1,Electric Utility,AOR,all renewables,141.82012,thousand megawatthours,2023,4
CA,California,1,Electric Utility,BIO,biomass,4.26712,thousand megawatthours,2023,4
CA,California,1,Electric Utility,DFO,distillate fuel oil,2.44235,thousand megawatthours,2023,4
CA,California,1,Electric Utility,DPV,estimated small scale solar photovoltaic,0.0,thousand megawatthours,2023,4
CA,California,1,Electric Utility,FOS,fossil fuels,1391.44938,thousand megawatthours,2023,4
CA,California,1,Electric Utility,GEO,geothermal,56.305,thousand megawatthours,2023,4
CA,California,1,Electric Utility,HPS,hydro-electric pumped storage,-12.542,thousand megawatthours,2023,4
CA,California,1,Electric Utility,HYC,conventional hydroelectric,3145.914,thousand megawatthours,2023,4
CA,California,1,Electric Utility,LFG,landfill gas,0.22201,thousand megawatthours,2023,4
CA,California,1,Electric Utility,MLG,municiapl landfill gas,0.22201,thousand megawatthours,2023,4
CA,California,1,Electric Utility,NG,natural gas,1388.89303,thousand megawatthours,2023,4
CA,California,1,Electric Utility,NGO,natural gas & other gases,1388.89303,thousand megawatthours,2023,4
CA,California,1,Electric Utility,NUC,nuclear,1636.919,thousand megawatthours,2023,4
CA,California,1,Electric Utility,OB2,biomass,4.04511,thousand megawatthours,2023,4
CA,California,1,Electric Utility,OBW,biomass,4.04511,thousand megawatthours,2023,4
CA,California,1,Electric Utility,OOG,other gases,0.0,thousand megawatthours,2023,4
CA,California,1,Electric Utility,ORW,other renewables,4.04511,thousand megawatthours,2023,4
CA,California,1,Electric Utility,OTH,other,-3.556,thousand megawatthours,2023,4
CA,California,1,Electric Utility,PEL,petroleum liquids,2.55635,thousand megawatthours,2023,4
CA,California,1,Electric Utility,PET,petroleum,2.55635,thousand megawatthours,2023,4
CA,California,1,Electric Utility,REN,renewable,3287.73412,thousand megawatthours,2023,4
CA,California,1,Electric Utility,RFO,residual fuel oil,0.0,thousand megawatthours,2023,4
CA,California,1,Electric Utility,SPV,solar photovoltaic,27.078,thousand megawatthours,2023,4
CA,California,1,Electric Utility,SUN,solar,27.078,thousand megawatthours,2023,4
CA,California,1,Electric Utility,TPV,estimated total solar photovoltaic,27.078,thousand megawatthours,2023,4
CA,California,1,Electric Utility,TSN,estimated total solar,27.078,thousand megawatthours,2023,4
CA,California,1,Electric Utility,WAS,renewable waste products,4.26712,thousand megawatthours,2023,4
CA,California,1,Electric Utility,WND,wind,54.17,thousand megawatthours,2023,4
CA,California,1,Electric Utility,WNT,onshore wind turbine,54.17,thousand megawatthours,2023,4
CA,California,1,Electric Utility,WOO,waste oil and other oils,0.114,thousand megawatthours,2023,4
CO,Colorado,1,Electric Utility,ALL,all fuels,2592.84727,thousand megawatthours,2023,4
CO,Colorado,1,Electric Utility,AOR,all renewables,422.741,thousand megawatthours,2023,4
CO,Colorado,1,Electric Utility,BIS,bituminous coal and synthetic coal,99.23598,thousand megawatthours,2023,4
CO,Colorado,1,Electric Utility,BIT,bituminous coal,99.23598,thousand megawatthours,2023,4
CO,Colorado,1,Electric Utility,COL,"coal, excluding waste coal",1164.99067,thousand megawatthours,2023,4
CO,Colorado,1,Electric Utility,COW,all coal products,1164.99067,thousand megawatthours,2023,4
CO,Colorado,1,Electric Utility,DFO,distillate fuel oil,3.23733,thousand megawatthours,2023,4
CO,Colorado,1,Electric Utility,DPV,estimated small scale solar photovoltaic,0.0,thousand megawatthours,2023,4
CO,Colorado,1,Electric Utility,FOS,fossil fuels,2074.27627,thousand megawatthours,2023,4
CO,Colorado,1,Electric Utility,HPS,hydro-electric pumped storage,1.045,thousand megawatthours,2023,4
CO,Colorado,1,Electric Utility,HYC,conventional hydroelectric,94.813,thousand megawatthours,2023,4
CO,Colorado,1,Electric Utility,NG,natural gas,906.04826,thousand megawatthours,2023,4
CO,Colorado,1,Electric Utility,NGO,natural gas & other gases,906.04826,thousand megawatthours,2023,4
CO,Colorado,1,Electric Utility,OTH,other,-0.028,thousand megawatthours,2023,4
CO,Colorado,1,Electric Utility,PEL,petroleum liquids,3.23733,thousand megawatthours,2023,4
CO,Colorado,1,Electric Utility,PET,petroleum,3.23733,thousand megawatthours,2023,4
CO,Colorado,1,Electric Utility,REN,renewable,517.554,thousand megawatthours,2023,4
CO,Colorado,1,Electric Utility,SPV,solar photovoltaic,1.298,thousand megawatthours,2023,4
CO,Colorado,1,Electric Utility,SUB,subbituminous coal,1065.7547,thousand megawatthours,2023,4
CO,Colorado,1,Electric Utility,SUN,solar,1.298,thousand megawatthours,2023,4
CO,Colorado,1,Electric Utility,TPV,estimated total solar photovoltaic,1.298,thousand megawatthours,2023,4
CO,Colorado,1,Electric Utility,TSN,estimated total solar,1.298,thousand megawatthours,2023,4
CO,Colorado,1,Electric Utility,WND,wind,421.443,thousand megawatthours,2023,4
CO,Colorado,1,Electric Utility,WNT,onshore wind turbine,421.443,thousand megawatthours,2023,4
IL,Illinois,1,Electric Utility,ALL,all fuels,54.30862,thousand megawatthours,2023,4
IL,Illinois,1,Electric Utility,AOR,all renewables,8.87545,thousand megawatthours,2023,4
IL,Illinois,1,Electric Utility,BIO,biomass,7.25845,thousand megawatthours,2023,4
IL,Illinois,1,Electric Utility,BIS,bituminous coal and synthetic coal,0.0,thousand megawatthours,2023,4
IL,Illinois,1,Electric Utility,BIT,bituminous coal,0.0,thousand megawatthours,2023,4
IL,Illinois,1,Electric Utility,COL,"coal, excluding waste coal",0.0,thousand megawatthours,2023,4
IL,Illinois,1,Electric Utility,COW,all coal products,0.0,thousand megawatthours,2023,4
IL,Illinois,1,Electric Utility,DFO,distillate fuel oil,0.3744,thousand megawatthours,2023,4
IL,Illinois,1,Electric Utility,DPV,estimated small scale solar photovoltaic,0.0,thousand megawatthours,2023,4
IL,Illinois,1,Electric Utility,FOS,fossil fuels,41.15317,thousand megawatthours,2023,4
IL,Illinois,1,Electric Utility,HYC,conventional hydroelectric,4.285,thousand megawatthours,2023,4
IL,Illinois,1,Electric Utility,LFG,landfill gas,7.25845,thousand megawatthours,2023,4
IL,Illinois,1,Electric Utility,MLG,municiapl landfill gas,7.25845,thousand megawatthours,2023,4
IL,Illinois,1,Electric Utility,NG,natural gas,40.77877,thousand megawatthours,2023,4
IL,Illinois,1,Electric Utility,NGO,natural gas & other gases,40.77877,thousand megawatthours,2023,4
IL,Illinois,1,Electric Utility,OTH,other,-0.005,thousand megawatthours,2023,4
IL,Illinois,1,Electric Utility,PC,petroleum coke,0.0,thousand megawatthours,2023,4
IL,Illinois,1,Electric Utility,PEL,petroleum liquids,0.3744,thousand megawatthours,2023,4
IL,Illinois,1,Electric Utility,PET,petroleum,0.3744,thousand megawatthours,2023,4
IL,Illinois,1,Electric Utility,REN,renewable,13.16045,thousand megawatthours,2023,4
IL,Illinois,1,Electric Utility,SPV,solar photovoltaic,0.206,thousand megawatthours,2023,4
IL,Illinois,1,Electric Utility,SUB,subbituminous coal,0.0,thousand megawatthours,2023,4
IL,Illinois,1,Electric Utility,SUN,solar,0.206,thousand megawatthours,2023,4
IL,Illinois,1,Electric Utility,TPV,estimated total solar photovoltaic,0.206,thousand megawatthours,2023,4
IL,Illinois,1,Electric Utility,TSN,estimated total solar,0.206,thousand megawatthours,2023,4
IL,Illinois,1,Electric Utility,WAS,renewable waste products,7.25845,thousand megawatthours,2023,4
IL,Illinois,1,Electric Utility,WND,wind,1.411,thousand megawatthours,2023,4
IL,Illinois,1,Electric Utility,WNT,onshore wind turbine,1.411,thousand megawatthours,2023,4
IL,Illinois,1,Electric Utility,WOO,waste oil and other oils,0.0,thousand megawatthours,2023,4
NY,New York,1,Electric Utility,ALL,all fuels,2602.58219,thousand megawatthours,2023,4
NY,New York,1,Electric Utility,AOR,all renewables,15.042,thousand megawatthours,2023,4
NY,New York,1,Electric Utility,BIS,bituminous coal and synthetic coal,0.0,thousand megawatthours,2023,4
NY,New York,1,Electric Utility,BIT,bituminous coal,0.0,thousand megawatthours,2023,4
NY,New York,1,Electric Utility,COL,"coal, excluding waste coal",0.0,thousand megawatthours,2023,4
NY,New York,1,Electric Utility,COW,all coal products,0.0,thousand megawatthours,2023,4
NY,New York,1,Electric Utility,DFO,distillate fuel oil,0.56383,thousand megawatthours,2023,4
NY,New York,1,Electric Utility,DPV,estimated small scale solar photovoltaic,0.0,thousand megawatthours,2023,4
NY,New York,1,Electric Utility,FOS,fossil fuels,782.26719,thousand megawatthours,2023,4
NY,New York,1,Electric Utility,HPS,hydro-electric pumped storage,-27.556,thousand megawatthours,2023,4
NY,New York,1,Electric Utility,HYC,conventional hydroelectric,1832.867,thousand megawatthours,2023,4
NY,New York,1,Electric Utility,NG,natural gas,781.04936,thousand megawatthours,2023,4
NY,New York,1,Electric Utility,NGO,natural gas & other gases,781.04936,thousand megawatthours,2023,4
NY,New York,1,Electric Utility,OTH,other,-0.038,thousand megawatthours,2023,4
NY,New York,1,Electric Utility,PEL,petroleum liquids,1.21783,thousand megawatthours,2023,4
NY,New York,1,Electric Utility,PET,petroleum,1.21783,thousand megawatthours,2023,4
NY,New York,1,Electric Utility,REN,renewable,1847.909,thousand megawatthours,2023,4
NY,New York,1,Electric Utility,RFO,residual fuel oil,0.0,thousand megawatthours,2023,4
NY,New York,1,Electric Utility,TPV,estimated total solar photovoltaic,0.0,thousand megawatthours,2023,4
NY,New York,1,Electric Utility,TSN,estimated total solar,0.0,thousand megawatthours,2023,4
NY,New York,1,Electric Utility,WND,wind,15.042,thousand megawatthours,2023,4
NY,New York,1,Electric Utility,WNT,onshore wind turbine,15.042,thousand megawatthours,2023,4
NY,New York,1,Electric Utility,WOO,waste oil and other oils,0.654,thousand megawatthours,2023,4
TX,Texas,1,Electric Utility,ALL,all fuels,4871.89537,thousand megawatthours,2023,4
TX,Texas,1,Electric Utility,AOR,all renewables,15.753,thousand megawatthours,2023,4
TX,Texas,1,Electric Utility,BIO,biomass,0.0,thousand megawatthours,2023,4
TX,Texas,1,Electric Utility,COL,"coal, excluding waste coal",1428.43721,thousand megawatthours,2023,4
TX,Texas,1,Electric Utility,COW,all coal products,1428.43721,thousand megawatthours,2023,4
TX,Texas,1,Electric Utility,DFO,distillate fuel oil,3.00694,thousand megawatthours,2023,4
TX,Texas,1,Electric Utility,DPV,estimated small scale solar photovoltaic,0.0,thousand megawatthours,2023,4
TX,Texas,1,Electric Utility,FOS,fossil fuels,4753.36937,thousand megawatthours,2023,4
TX,Texas,1,Electric Utility,HYC,conventional hydroelectric,102.855,thousand megawatthours,2023,4
TX,Texas,1,Electric Utility,LIG,lignite coal,0.0,thousand megawatthours,2023,4
TX,Texas,1,Electric Utility,NG,natural gas,3321.92523,thousand megawatthours,2023,4
TX,Texas,1,Electric Utility,NGO,natural gas & other gases,3321.92523,thousand megawatthours,2023,4
TX,Texas,1,Electric Utility,OB2,biomass,0.0,thousand megawatthours,2023,4
TX,Texas,1,Electric Utility,OBW,biomass,0.0,thousand megawatthours,2023,4
TX,Texas,1,Electric Utility,ORW,other renewables,0.0,thousand megawatthours,2023,4
TX,Texas,1,Electric Utility,OTH,other,-0.082,thousand megawatthours,2023,4
TX,Texas,1,Electric Utility,PEL,petroleum liquids,3.00694,thousand megawatthours,2023,4
TX,Texas,1,Electric Utility,PET,petroleum,3.00694,thousand megawatthours,2023,4
TX,Texas,1,Electric Utility,RC,refined coal,0.0,thousand megawatthours,2023,4
TX,Texas,1,Electric Utility,REN,renewable,118.608,thousand megawatthours,2023,4
TX,Texas,1,Electric Utility,RFO,residual fuel oil,0.0,thousand megawatthours,2023,4
TX,Texas,1,Electric Utility,SPV,solar photovoltaic,1.441,thousand megawatthours,2023,4
TX,Texas,1,Electric Utility,SUB,subbituminous coal,1428.43721,thousand megawatthours,2023,4
TX,Texas,1,Electric Utility,SUN,solar,1.441,thousand megawatthours,2023,4
TX,Texas,1,Electric Utility,TPV,estimated total solar photovoltaic,1.441,thousand megawatthours,2023,4
TX,Texas,1,Electric Utility,TSN,estimated total solar,1.441,thousand megawatthours,2023,4
TX,Texas,1,Electric Utility,WAS,renewable waste products,0.0,thousand megawatthours,2023,4
TX,Texas,1,Electric Utility,WND,wind,14.312,thousand megawatthours,2023,4
TX,Texas,1,Electric Utility,WNT,onshore wind turbine,14.312,thousand megawatthours,2023,4
TX,Texas,1,Electric Utility,WOO,waste oil and other oils,0.0,thousand megawatthours,2023,4
TX,Texas,1,Electric Utility,WWW,wood and wood wastes,0.0,thousand megawatthours,2023,4
CA,California,1,Electric Utility,ALL,all fuels,6442.81935,thousand megawatthours,2023,3
CA,California,1,Electric Utility,AOR,all renewables,100.5193,thousand megawatthours,2023,3
CA,California,1,Electric Utility,BIO,biomass,2.3353,thousand megawatthours,2023,3
CA,California,1,Electric Utility,DFO,distillate fuel oil,2.64016,thousand megawatthours,2023,3
CA,California,1,Electric Utility,DPV,estimated small scale solar photovoltaic,0.0,thousand megawatthours,2023,3
CA,California,1,Electric Utility,FOS,fossil fuels,2334.06605,thousand megawatthours,2023,3
CA,California,1,Electric Utility,GEO,geothermal,38.11,thousand megawatthours,2023,3
CA,California,1,Electric Utility,HPS,hydro-electric pumped storage,-157.297,thousand megawatthours,2023,3
CA,California,1,Electric Utility,HYC,conventional hydroelectric,2627.387,thousand megawatthours,2023,3
CA,California,1,Electric Utility,LFG,landfill gas,0.2329,thousand megawatthours,2023,3
CA,California,1,Electric Utility,MLG,municiapl landfill gas,0.2329,thousand megawatthours,2023,3
CA,California,1,Electric Utility,NG,natural gas,2331.28489,thousand megawatthours,2023,3
CA,California,1,Electric Utility,NGO,natural gas & other gases,2331.28489,thousand megawatthours,2023,3
CA,California,1,Electric Utility,NUC,nuclear,1540.951,thousand megawatthours,2023,3
CA,California,1,Electric Utility,OB2,biomass,2.1024,thousand megawatthours,2023,3
CA,California,1,Electric Utility,OBW,biomass,2.1024,thousand megawatthours,2023,3
CA,California,1,Electric Utility,OOG,other gases,0.0,thousand megawatthours,2023,3
CA,California,1,Electric Utility,ORW,other renewables,2.1024,thousand megawatthours,2023,3
CA,California,1,Electric Utility,OTH,other,-2.807,thousand megawatthours,2023,3
CA,California,1,Electric Utility,PEL,petroleum liquids,2.78116,thousand megawatthours,2023,3
CA,California,1,Electric Utility,PET,petroleum,2.78116,thousand megawatthours,2023,3
CA,California,1,Electric Utility,REN,renewable,2727.9063,thousand megawatthours,2023,3
CA,California,1,Electric Utility,RFO,residual fuel oil,0.0,thousand megawatthours,2023,3
CA,California,1,Electric Utility,SPV,solar photovoltaic,23.795,thousand megawatthours,2023,3
CA,California,1,Electric Utility,SUN,solar,23.795,thousand megawatthours,2023,3
CA,California,1,Electric Utility,TPV,estimated total solar photovoltaic,23.795,thousand megawatthours,2023,3
CA,California,1,Electric Utility,TSN,estimated total solar,23.795,thousand megawatthours,2023,3
CA,California,1,Electric Utility,WAS,renewable waste products,2.3353,thousand megawatthours,2023,3
CA,California,1,Electric Utility,WND,wind,36.279,thousand megawatthours,2023,3
CA,California,1,Electric Utility,WNT,onshore wind turbine,36.279,thousand megawatthours,2023,3
CA,California,1,Electric Utility,WOO,waste oil and other oils,0.141,thousand megawatthours,2023,3
CO,Colorado,1,Electric Utility,ALL,all fuels,3197.42939,thousand megawatthours,2023,3
CO,Colorado,1,Electric Utility,AOR,all renewables,389.895,thousand megawatthours,2023,3
CO,Colorado,1,Electric Utility,BIS,bituminous coal and synthetic coal,191.90418,thousand megawatthours,2023,3
CO,Colorado,1,Electric Utility,BIT,bituminous coal,191.90418,thousand megawatthours,2023,3
CO,Colorado,1,Electric Utility,COL,"coal, excluding waste coal",1388.57489,thousand megawatthours,2023,3
CO,Colorado,1,Electric Utility,COW,all coal products,1388.57489,thousand megawatthours,2023,3
CO,Colorado,1,Electric Utility,DFO,distillate fuel oil,2.71806,thousand megawatthours,2023,3
CO,Colorado,1,Electric Utility,DPV,estimated small scale solar photovoltaic,0.0,thousand megawatthours,2023,3
CO,Colorado,1,Electric Utility,FOS,fossil fuels,2720.79739,thousand megawatthours,2023,3
CO,Colorado,1,Electric Utility,HPS,hydro-electric pumped storage,-1.351,thousand megawatthours,2023,3
CO,Colorado,1,Electric Utility,HYC,conventional hydroelectric,88.123,thousand megawatthours,2023,3
CO,Colorado,1,Electric Utility,NG,natural gas,1329.50444,thousand megawatthours,2023,3
CO,Colorado,1,Electric Utility,NGO,natural gas & other gases,1329.50444,thousand megawatthours,2023,3
CO,Colorado,1,Electric Utility,OTH,other,-0.035,thousand megawatthours,2023,3
CO,Colorado,1,Electric Utility,PEL,petroleum liquids,2.71806,thousand megawatthours,2023,3
CO,Colorado,1,Electric Utility,PET,petroleum,2.71806,thousand megawatthours,2023,3
CO,Colorado,1,Electric Utility,REN,renewable,478.018,thousand megawatthours,2023,3
CO,Colorado,1,Electric Utility,SPV,solar photovoltaic,0.958,thousand megawatthours,2023,3
CO,Colorado,1,Electric Utility,SUB,subbituminous coal,1196.67071,thousand megawatthours,2023,3
CO,Colorado,1,Electric Utility,SUN,solar,0.958,thousand megawatthours,2023,3
CO,Colorado,1,Electric Utility,TPV,estimated total solar photovoltaic,0.958,thousand megawatthours,2023,3
CO,Colorado,1,Electric Utility,TSN,estimated total solar,0.958,thousand megawatthours,2023,3
CO,Colorado,1,Electric Utility,WND,wind,388.937,thousand megawatthours,2023,3
CO,Colorado,1,Electric Utility,WNT,onshore wind turbine,388.937,thousand megawatthours,2023,3
IL,Illinois,1,Electric Utility,ALL,all fuels,280.40151,thousand megawatthours,2023,3
IL,Illinois,1,Electric Utility,AOR,all renewables,9.59377,thousand megawatthours,2023,3
IL,Illinois,1,Electric Utility,BIO,biomass,7.87977,thousand megawatthours,2023,3
IL,Illinois,1,Electric Utility,BIS,bituminous coal and synthetic coal,104.52338,thousand megawatthours,2023,3
IL,Illinois,1,Electric Utility,BIT,bituminous coal,104.52338,thousand megawatthours,2023,3
IL,Illinois,1,Electric Utility,COL,"coal, excluding waste coal",104.52338,thousand megawatthours,2023,3
IL,Illinois,1,Electric Utility,COW,all coal products,104.52338,thousand megawatthours,2023,3
IL,Illinois,1,Electric Utility,DFO,distillate fuel oil,0.49501,thousand megawatthours,2023,3
IL,Illinois,1,Electric Utility,DPV,estimated small scale solar photovoltaic,0.0,thousand megawatthours,2023,3
IL,Illinois,1,Electric Utility,FOS,fossil fuels,267.16174,thousand megawatthours,2023,3
IL,Illinois,1,Electric Utility,HYC,conventional hydroelectric,3.651,thousand megawatthours,2023,3
IL,Illinois,1,Electric Utility,LFG,landfill gas,7.87977,thousand megawatthours,2023,3
IL,Illinois,1,Electric Utility,MLG,municiapl landfill gas,7.87977,thousand megawatthours,2023,3
IL,Illinois,1,Electric Utility,NG,natural gas,162.13234,thousand megawatthours,2023,3
IL,Illinois,1,Electric Utility,NGO,natural gas & other gases,162.13234,thousand megawatthours,2023,3
IL,Illinois,1,Electric Utility,OTH,other,-0.005,thousand megawatthours,2023,3
IL,Illinois,1,Electric Utility,PC,petroleum coke,0.0,thousand megawatthours,2023,3
IL,Illinois,1,Electric Utility,PEL,petroleum liquids,0.50601,thousand megawatthours,2023,3
IL,Illinois,1,Electric Utility,PET,petroleum,0.50601,thousand megawatthours,2023,3
IL,Illinois,1,Electric Utility,REN,renewable,13.24477,thousand megawatthours,2023,3
IL,Illinois,1,Electric Utility,SPV,solar photovoltaic,0.158,thousand megawatthours,2023,3
IL,Illinois,1,Electric Utility,SUB,subbituminous coal,0.0,thousand megawatthours,2023,3
IL,Illinois,1,Electric Utility,SUN,solar,0.158,thousand megawatthours,2023,3
IL,Illinois,1,Electric Utility,TPV,estimated total solar photovoltaic,0.158,thousand megawatthours,2023,3
IL,Illinois,1,Electric Utility,TSN,estimated total solar,0.158,thousand megawatthours,2023,3
IL,Illinois,1,Electric Utility,WAS,renewable waste products,7.87977,thousand megawatthours,2023,3
IL,Illinois,1,Electric Utility,WND,wind,1.556,thousand megawatthours,2023,3
IL,Illinois,1,Electric Utility,WNT,onshore wind turbine,1.556,thousand megawatthours,2023,3
IL,Illinois,1,Electric Utility,WOO,waste oil and other oils,0.011,thousand megawatthours,2023,3
NY,New York,1,Electric Utility,ALL,all fuels,2769.31243,thousand megawatthours,2023,3
NY,New York,1,Electric Utility,AOR,all renewables,29.536,thousand megawatthours,2023,3
NY,New York,1,Electric Utility,BIS,bituminous coal and synthetic coal,0.0,thousand megawatthours,2023,3
NY,New York,1,Electric Utility,BIT,bituminous coal,0.0,thousand megawatthours,2023,3
NY,New York,1,Electric Utility,COL,"coal, excluding waste coal",0.0,thousand megawatthours,2023,3
NY,New York,1,Electric Utility,COW,all coal products,0.0,thousand megawatthours,2023,3
NY,New York,1,Electric Utility,DFO,distillate fuel oil,0.97479,thousand megawatthours,2023,3
NY,New York,1,Electric Utility,DPV,estimated small scale solar photovoltaic,0.0,thousand megawatthours,2023,3
NY,New York,1,Electric Utility,FOS,fossil fuels,767.94543,thousand megawatthours,2023,3
NY,New York,1,Electric Utility,HPS,hydro-electric pumped storage,-30.333,thousand megawatthours,2023,3
NY,New York,1,Electric Utility,HYC,conventional hydroelectric,2002.181,thousand megawatthours,2023,3
NY,New York,1,Electric Utility,NG,natural gas,761.73802,thousand megawatthours,2023,3
NY,New York,1,Electric Utility,NGO,natural gas & other gases,761.73802,thousand megawatthours,2023,3
NY,New York,1,Electric Utility,OTH,other,-0.017,thousand megawatthours,2023,3
NY,New York,1,Electric Utility,PEL,petroleum liquids,6.20741,thousand megawatthours,2023,3
NY,New York,1,Electric Utility,PET,petroleum,6.20741,thousand megawatthours,2023,3
NY,New York,1,Electric Utility,REN,renewable,2031.717,thousand megawatthours,2023,3
NY,New York,1,Electric Utility,RFO,residual fuel oil,4.44512,thousand megawatthours,2023,3
NY,New York,1,Electric Utility,TPV,estimated total solar photovoltaic,0.0,thousand megawatthours,2023,3
NY,New York,1,Electric Utility,TSN,estimated total solar,0.0,thousand megawatthours,2023,3
NY,New York,1,Electric Utility,WND,wind,29.536,thousand megawatthours,2023,3
NY,New York,1,Electric Utility,WNT,onshore wind turbine,29.536,thousand megawatthours,2023,3
NY,New York,1,Electric Utility,WOO,waste oil and other oils,0.78751,thousand megawatthours,2023,3
TX,Texas,1,Electric Utility,ALL,all fuels,5160.43089,thousand megawatthours,2023,3
TX,Texas,1,Electric Utility,AOR,all renewables,17.222,thousand megawatthours,2023,3
TX,Texas,1,Electric Utility,BIO,biomass,0.0,thousand megawatthours,2023,3
TX,Texas,1,Electric Utility,COL,"coal, excluding waste coal",1913.56241,thousand megawatthours,2023,3
TX,Texas,1,Electric Utility,COW,all coal products,1913.56241,thousand megawatthours,2023,3
